Datum;Periodenende;Intervall;Modell;Status;Cash_In;Cash_Out;Netto_Cashflow;Datenstichtag;Aktualisiert_am
2023-07-01;;Monatlich;IST;Realisiert;60525,08;0,0;60525,08;2026-06-30;2026-09-30 22:26:31.322851
2023-08-01;;Monatlich;IST;Realisiert;259443,13999999998;116484,53;142958,61;2026-06-30;2026-09-30 22:26:31.322851
2023-09-01;;Monatlich;IST;Realisiert;452388,51;508319,45;-55930,939999999995;2026-06-30;2026-09-30 22:26:31.322851
2023-10-01;;Monatlich;IST;Realisiert;779835,09;630560,99;149274,09999999998;2026-06-30;2026-09-30 22:26:31.322851
2023-11-01;;Monatlich;IST;Realisiert;1134759,86;926653,4299999999;208106,43000000008;2026-06-30;2026-09-30 22:26:31.322851
2023-12-01;;Monatlich;IST;Realisiert;1128394,48;753109,38;375285,1;2026-06-30;2026-09-30 22:26:31.322851
2024-01-01;;Monatlich;IST;Realisiert;871755,25;421989,78;449765,47;2026-06-30;2026-09-30 22:26:31.322851
2024-02-01;;Monatlich;IST;Realisiert;458455,36;398108,25;60347,11000000001;2026-06-30;2026-09-30 22:26:31.322851
2024-03-01;;Monatlich;IST;Realisiert;671860,84;415588,44;256272,40000000002;2026-06-30;2026-09-30 22:26:31.322851
2024-04-01;;Monatlich;IST;Realisiert;498484,80000000005;217655,41;280829,39;2026-06-30;2026-09-30 22:26:31.322851
2024-05-01;;Monatlich;IST;Realisiert;700106,82;546231,06;153875,76;2026-06-30;2026-09-30 22:26:31.322851
2024-06-01;;Monatlich;IST;Realisiert;864148,4400000001;693953,03;170195,41;2026-06-30;2026-09-30 22:26:31.322851
2024-07-01;;Monatlich;IST;Realisiert;1311717,45;1068352,3599999999;243365,09000000003;2026-06-30;2026-09-30 22:26:31.322851
2024-08-01;;Monatlich;IST;Realisiert;1000648,78;458787,06;541861,72;2026-06-30;2026-09-30 22:26:31.322851
2024-09-01;;Monatlich;IST;Realisiert;741608,02;455486,45;286121,57;2026-06-30;2026-09-30 22:26:31.322851
2024-10-01;;Monatlich;IST;Realisiert;670046,55;528592,29;141454,25999999998;2026-06-30;2026-09-30 22:26:31.322851
2024-11-01;;Monatlich;IST;Realisiert;601227,33;461377,87;139849,46;2026-06-30;2026-09-30 22:26:31.322851
2024-12-01;;Monatlich;IST;Realisiert;888425,94;719426,7;168999,24;2026-06-30;2026-09-30 22:26:31.322851
2025-01-01;;Monatlich;IST;Realisiert;1031323,89;399576,01;631747,88;2026-06-30;2026-09-30 22:26:31.322851
2025-02-01;;Monatlich;IST;Realisiert;345873,96;331790,83;14083,130000000008;2026-06-30;2026-09-30 22:26:31.322851
2025-03-01;;Monatlich;IST;Realisiert;705036,1;377917,29;327118,81;2026-06-30;2026-09-30 22:26:31.322851
2025-04-01;;Monatlich;IST;Realisiert;550266,52;270070,11;280196,41;2026-06-30;2026-09-30 22:26:31.322851
2025-05-01;;Monatlich;IST;Realisiert;773413,53;999688,9;-226275,37;2026-06-30;2026-09-30 22:26:31.322851
2025-06-01;;Monatlich;IST;Realisiert;1795572,24;1371939,06;423633,18;2026-06-30;2026-09-30 22:26:31.322851
2025-07-01;;Monatlich;IST;Realisiert;1615602,39;1210190,24;405412,15;2026-06-30;2026-09-30 22:26:31.322851
2025-08-01;;Monatlich;IST;Realisiert;1167095,6300000001;594225,41;572870,22;2026-06-30;2026-09-30 22:26:31.322851
2025-09-01;;Monatlich;IST;Realisiert;841698,03;687502,87;154195,16;2026-06-30;2026-09-30 22:26:31.322851
2025-10-01;;Monatlich;IST;Realisiert;989808,94;316518,55;673290,39;2026-06-30;2026-09-30 22:26:31.322851
2025-11-01;;Monatlich;IST;Realisiert;1010050,28;1101298,43;-91248,15000000002;2026-06-30;2026-09-30 22:26:31.322851
2025-12-01;;Monatlich;IST;Realisiert;1693209,46;1026737,54;666471,92;2026-06-30;2026-09-30 22:26:31.322851
2026-01-01;;Monatlich;IST;Realisiert;842155,89;446808,31;395347,58;2026-06-30;2026-09-30 22:26:31.322851
2026-02-01;;Monatlich;IST;Realisiert;349371,07;282505,26;66865,80999999998;2026-06-30;2026-09-30 22:26:31.322851
2026-03-01;;Monatlich;IST;Realisiert;633024,8200000001;257083,34;375941,48;2026-06-30;2026-09-30 22:26:31.322851
2026-04-01;;Monatlich;IST;Realisiert;437712,87;372156,37;65556,49999999997;2026-06-30;2026-09-30 22:26:31.322851
2026-05-01;;Monatlich;IST;Realisiert;637989,78;857804,67;-219814,88999999998;2026-06-30;2026-09-30 22:26:31.322851
2026-06-01;;Monatlich;IST;Realisiert;1462056,88;1081041,49;381015,3899999999;2026-06-30;2026-09-30 22:26:31.322851
2026-07-01;;Monatlich;SARIMA;Prognose;1404782,5189118343;1207557,3302816856;197225,18863014874;2026-06-30;2026-09-30 22:26:31.322851
2026-07-01;;Monatlich;XGBoost;Prognose;1600717,3117350885;1201947,2056160115;398770,1061190767;2026-06-30;2026-09-30 22:26:31.322851
2026-08-01;;Monatlich;SARIMA;Prognose;985785,7940686739;566261,8612060258;419523,932862648;2026-06-30;2026-09-30 22:26:31.322851
2026-08-01;;Monatlich;XGBoost;Prognose;1400340,7450033734;642495,7404299898;757845,0045733835;2026-06-30;2026-09-30 22:26:31.322851
2026-09-01;;Monatlich;SARIMA;Prognose;767956,3842335909;595247,8764152857;172708,50781830514;2026-06-30;2026-09-30 22:26:31.322851
2026-09-01;;Monatlich;XGBoost;Prognose;713896,9162613029;590203,6478689805;123693,26839232235;2026-06-30;2026-09-30 22:26:31.322851
2026-10-01;;Monatlich;SARIMA;Prognose;882690,5592408164;621952,529708689;260738,02953212737;2026-06-30;2026-09-30 22:26:31.322851
2026-10-01;;Monatlich;XGBoost;Prognose;719903,0224690419;600462,6806935954;119440,3417754464;2026-06-30;2026-09-30 22:26:31.322851
2026-11-01;;Monatlich;SARIMA;Prognose;894556,7161244942;754193,2409539039;140363,47517059027;2026-06-30;2026-09-30 22:26:31.322851
2026-11-01;;Monatlich;XGBoost;Prognose;748271,0957006484;536649,5948481958;211621,50085245256;2026-06-30;2026-09-30 22:26:31.322851
2026-12-01;;Monatlich;SARIMA;Prognose;1407675,4199296474;765484,6929517448;642190,7269779026;2026-06-30;2026-09-30 22:26:31.322851
2026-12-01;;Monatlich;XGBoost;Prognose;696542,1432055453;573804,818043227;122737,32516231829;2026-06-30;2026-09-30 22:26:31.322851
2023-07-01;;Taeglich;IST;Realisiert;895,95;0,0;895,95;2026-06-30;2026-09-30 22:26:31.322851
2023-07-02;;Taeglich;IST;Realisiert;86,64;0,0;86,64;2026-06-30;2026-09-30 22:26:31.322851
2023-07-03;;Taeglich;IST;Realisiert;0,0;0,0;0,0;2026-06-30;2026-09-30 22:26:31.322851
2023-07-04;;Taeglich;IST;Realisiert;0,0;0,0;0,0;2026-06-30;2026-09-30 22:26:31.322851
2023-07-05;;Taeglich;IST;Realisiert;0,0;0,0;0,0;2026-06-30;2026-09-30 22:26:31.322851
2023-07-06;;Taeglich;IST;Realisiert;465,07;0,0;465,07;2026-06-30;2026-09-30 22:26:31.322851
2023-07-07;;Taeglich;IST;Realisiert;188,62;0,0;188,62;2026-06-30;2026-09-30 22:26:31.322851
2023-07-08;;Taeglich;IST;Realisiert;75,76;0,0;75,76;2026-06-30;2026-09-30 22:26:31.322851
2023-07-09;;Taeglich;IST;Realisiert;0,0;0,0;0,0;2026-06-30;2026-09-30 22:26:31.322851
2023-07-10;;Taeglich;IST;Realisiert;0,0;0,0;0,0;2026-06-30;2026-09-30 22:26:31.322851
2023-07-11;;Taeglich;IST;Realisiert;325,9;0,0;325,9;2026-06-30;2026-09-30 22:26:31.322851
2023-07-12;;Taeglich;IST;Realisiert;499,75;0,0;499,75;2026-06-30;2026-09-30 22:26:31.322851
2023-07-13;;Taeglich;IST;Realisiert;1361,35;0,0;1361,35;2026-06-30;2026-09-30 22:26:31.322851
2023-07-14;;Taeglich;IST;Realisiert;233,45;0,0;233,45;2026-06-30;2026-09-30 22:26:31.322851
2023-07-15;;Taeglich;IST;Realisiert;1510,32;0,0;1510,32;2026-06-30;2026-09-30 22:26:31.322851
2023-07-16;;Taeglich;IST;Realisiert;341,57;0,0;341,57;2026-06-30;2026-09-30 22:26:31.322851
2023-07-17;;Taeglich;IST;Realisiert;4063,3;0,0;4063,3;2026-06-30;2026-09-30 22:26:31.322851
2023-07-18;;Taeglich;IST;Realisiert;3435,17;0,0;3435,17;2026-06-30;2026-09-30 22:26:31.322851
2023-07-19;;Taeglich;IST;Realisiert;1601,14;0,0;1601,14;2026-06-30;2026-09-30 22:26:31.322851
2023-07-20;;Taeglich;IST;Realisiert;2390,33;0,0;2390,33;2026-06-30;2026-09-30 22:26:31.322851
2023-07-21;;Taeglich;IST;Realisiert;2655,08;0,0;2655,08;2026-06-30;2026-09-30 22:26:31.322851
2023-07-22;;Taeglich;IST;Realisiert;1995,05;0,0;1995,05;2026-06-30;2026-09-30 22:26:31.322851
2023-07-23;;Taeglich;IST;Realisiert;5520,82;0,0;5520,82;2026-06-30;2026-09-30 22:26:31.322851
2023-07-24;;Taeglich;IST;Realisiert;5864,139999999999;0,0;5864,139999999999;2026-06-30;2026-09-30 22:26:31.322851
2023-07-25;;Taeglich;IST;Realisiert;783,88;0,0;783,88;2026-06-30;2026-09-30 22:26:31.322851
2023-07-26;;Taeglich;IST;Realisiert;3605,44;0,0;3605,44;2026-06-30;2026-09-30 22:26:31.322851
2023-07-27;;Taeglich;IST;Realisiert;7949,77;0,0;7949,77;2026-06-30;2026-09-30 22:26:31.322851
2023-07-28;;Taeglich;IST;Realisiert;3393,16;0,0;3393,16;2026-06-30;2026-09-30 22:26:31.322851
2023-07-29;;Taeglich;IST;Realisiert;5839,65;0,0;5839,65;2026-06-30;2026-09-30 22:26:31.322851
2023-07-30;;Taeglich;IST;Realisiert;2448,4;0,0;2448,4;2026-06-30;2026-09-30 22:26:31.322851
2023-07-31;;Taeglich;IST;Realisiert;2995,37;0,0;2995,37;2026-06-30;2026-09-30 22:26:31.322851
2023-08-01;;Taeglich;IST;Realisiert;4900,72;0,0;4900,72;2026-06-30;2026-09-30 22:26:31.322851
2023-08-02;;Taeglich;IST;Realisiert;6478,95;41353,61;-34874,66;2026-06-30;2026-09-30 22:26:31.322851
2023-08-03;;Taeglich;IST;Realisiert;4806,53;0,0;4806,53;2026-06-30;2026-09-30 22:26:31.322851
2023-08-04;;Taeglich;IST;Realisiert;7102,45;0,0;7102,45;2026-06-30;2026-09-30 22:26:31.322851
2023-08-05;;Taeglich;IST;Realisiert;5750,36;0,0;5750,36;2026-06-30;2026-09-30 22:26:31.322851
2023-08-06;;Taeglich;IST;Realisiert;3584,58;0,0;3584,58;2026-06-30;2026-09-30 22:26:31.322851
2023-08-07;;Taeglich;IST;Realisiert;1963,1;0,0;1963,1;2026-06-30;2026-09-30 22:26:31.322851
2023-08-08;;Taeglich;IST;Realisiert;3177,7;0,0;3177,7;2026-06-30;2026-09-30 22:26:31.322851
2023-08-09;;Taeglich;IST;Realisiert;6783,73;0,0;6783,73;2026-06-30;2026-09-30 22:26:31.322851
2023-08-10;;Taeglich;IST;Realisiert;6197,650000000001;0,0;6197,650000000001;2026-06-30;2026-09-30 22:26:31.322851
2023-08-11;;Taeglich;IST;Realisiert;27266,01;0,0;27266,01;2026-06-30;2026-09-30 22:26:31.322851
2023-08-12;;Taeglich;IST;Realisiert;10586,71;0,0;10586,71;2026-06-30;2026-09-30 22:26:31.322851
2023-08-13;;Taeglich;IST;Realisiert;8346,4;0,0;8346,4;2026-06-30;2026-09-30 22:26:31.322851
2023-08-14;;Taeglich;IST;Realisiert;8128,05;0,0;8128,05;2026-06-30;2026-09-30 22:26:31.322851
2023-08-15;;Taeglich;IST;Realisiert;10161,49;0,0;10161,49;2026-06-30;2026-09-30 22:26:31.322851
2023-08-16;;Taeglich;IST;Realisiert;6420,97;0,0;6420,97;2026-06-30;2026-09-30 22:26:31.322851
2023-08-17;;Taeglich;IST;Realisiert;8892,69;8817,0;75,69000000000051;2026-06-30;2026-09-30 22:26:31.322851
2023-08-18;;Taeglich;IST;Realisiert;13251,16;0,0;13251,16;2026-06-30;2026-09-30 22:26:31.322851
2023-08-19;;Taeglich;IST;Realisiert;4841,62;0,0;4841,62;2026-06-30;2026-09-30 22:26:31.322851
2023-08-20;;Taeglich;IST;Realisiert;7083,51;9725,07;-2641,5599999999995;2026-06-30;2026-09-30 22:26:31.322851
2023-08-21;;Taeglich;IST;Realisiert;6910,92;0,0;6910,92;2026-06-30;2026-09-30 22:26:31.322851
2023-08-22;;Taeglich;IST;Realisiert;18824,87;10936,21;7888,66;2026-06-30;2026-09-30 22:26:31.322851
2023-08-23;;Taeglich;IST;Realisiert;4982,47;0,0;4982,47;2026-06-30;2026-09-30 22:26:31.322851
2023-08-24;;Taeglich;IST;Realisiert;21285,98;31669,43;-10383,45;2026-06-30;2026-09-30 22:26:31.322851
2023-08-25;;Taeglich;IST;Realisiert;10404,23;0,0;10404,23;2026-06-30;2026-09-30 22:26:31.322851
2023-08-26;;Taeglich;IST;Realisiert;5147,18;0,0;5147,18;2026-06-30;2026-09-30 22:26:31.322851
2023-08-27;;Taeglich;IST;Realisiert;7087,03;0,0;7087,03;2026-06-30;2026-09-30 22:26:31.322851
2023-08-28;;Taeglich;IST;Realisiert;6257,88;0,0;6257,88;2026-06-30;2026-09-30 22:26:31.322851
2023-08-29;;Taeglich;IST;Realisiert;7896,4;0,0;7896,4;2026-06-30;2026-09-30 22:26:31.322851
2023-08-30;;Taeglich;IST;Realisiert;6875,77;0,0;6875,77;2026-06-30;2026-09-30 22:26:31.322851
2023-08-31;;Taeglich;IST;Realisiert;8046,03;13983,21;-5937,179999999999;2026-06-30;2026-09-30 22:26:31.322851
2023-09-01;;Taeglich;IST;Realisiert;5307,54;40821,63;-35514,09;2026-06-30;2026-09-30 22:26:31.322851
2023-09-02;;Taeglich;IST;Realisiert;16073,24;0,0;16073,24;2026-06-30;2026-09-30 22:26:31.322851
2023-09-03;;Taeglich;IST;Realisiert;7522,38;0,0;7522,38;2026-06-30;2026-09-30 22:26:31.322851
2023-09-04;;Taeglich;IST;Realisiert;5537,07;0,0;5537,07;2026-06-30;2026-09-30 22:26:31.322851
2023-09-05;;Taeglich;IST;Realisiert;7188,849999999999;0,0;7188,849999999999;2026-06-30;2026-09-30 22:26:31.322851
2023-09-06;;Taeglich;IST;Realisiert;10554,45;0,0;10554,45;2026-06-30;2026-09-30 22:26:31.322851
2023-09-07;;Taeglich;IST;Realisiert;8009,33;10080,74;-2071,41;2026-06-30;2026-09-30 22:26:31.322851
2023-09-08;;Taeglich;IST;Realisiert;7279,269999999999;1852,8;5426,469999999999;2026-06-30;2026-09-30 22:26:31.322851
2023-09-09;;Taeglich;IST;Realisiert;6596,93;14684,19;-8087,26;2026-06-30;2026-09-30 22:26:31.322851
2023-09-10;;Taeglich;IST;Realisiert;24959,33;16598,58;8360,75;2026-06-30;2026-09-30 22:26:31.322851
2023-09-11;;Taeglich;IST;Realisiert;6295,56;17769,44;-11473,879999999996;2026-06-30;2026-09-30 22:26:31.322851
2023-09-12;;Taeglich;IST;Realisiert;8676,41;38972,12;-30295,710000000003;2026-06-30;2026-09-30 22:26:31.322851
2023-09-13;;Taeglich;IST;Realisiert;8045,26;48836,12;-40790,86;2026-06-30;2026-09-30 22:26:31.322851
2023-09-14;;Taeglich;IST;Realisiert;8677,96;20477,01;-11799,05;2026-06-30;2026-09-30 22:26:31.322851
2023-09-15;;Taeglich;IST;Realisiert;6540,85;0,0;6540,85;2026-06-30;2026-09-30 22:26:31.322851
2023-09-16;;Taeglich;IST;Realisiert;9966,0;9677,81;288,1900000000005;2026-06-30;2026-09-30 22:26:31.322851
2023-09-17;;Taeglich;IST;Realisiert;39200,91;0,0;39200,91;2026-06-30;2026-09-30 22:26:31.322851
2023-09-18;;Taeglich;IST;Realisiert;80748,11;6500,31;74247,8;2026-06-30;2026-09-30 22:26:31.322851
2023-09-19;;Taeglich;IST;Realisiert;27243,94;0,0;27243,94;2026-06-30;2026-09-30 22:26:31.322851
2023-09-20;;Taeglich;IST;Realisiert;13175,02;1902,29;11272,73;2026-06-30;2026-09-30 22:26:31.322851
2023-09-21;;Taeglich;IST;Realisiert;18092,01;35569,46;-17477,45;2026-06-30;2026-09-30 22:26:31.322851
2023-09-22;;Taeglich;IST;Realisiert;7614,76;85471,36;-77856,6;2026-06-30;2026-09-30 22:26:31.322851
2023-09-23;;Taeglich;IST;Realisiert;11842,01;0,0;11842,01;2026-06-30;2026-09-30 22:26:31.322851
2023-09-24;;Taeglich;IST;Realisiert;8692,33;6571,38;2120,95;2026-06-30;2026-09-30 22:26:31.322851
2023-09-25;;Taeglich;IST;Realisiert;9608,94;0,0;9608,94;2026-06-30;2026-09-30 22:26:31.322851
2023-09-26;;Taeglich;IST;Realisiert;14477,45;0,0;14477,45;2026-06-30;2026-09-30 22:26:31.322851
2023-09-27;;Taeglich;IST;Realisiert;3930,93;85450,41;-81519,48000000001;2026-06-30;2026-09-30 22:26:31.322851
2023-09-28;;Taeglich;IST;Realisiert;50988,54;5235,39;45753,15;2026-06-30;2026-09-30 22:26:31.322851
2023-09-29;;Taeglich;IST;Realisiert;9022,94;61848,41;-52825,47;2026-06-30;2026-09-30 22:26:31.322851
2023-09-30;;Taeglich;IST;Realisiert;10520,19;0,0;10520,19;2026-06-30;2026-09-30 22:26:31.322851
2023-10-01;;Taeglich;IST;Realisiert;19849,14;16413,98;3435,16;2026-06-30;2026-09-30 22:26:31.322851
2023-10-02;;Taeglich;IST;Realisiert;87548,65;6972,36;80576,29;2026-06-30;2026-09-30 22:26:31.322851
2023-10-03;;Taeglich;IST;Realisiert;19133,57;48025,07;-28891,5;2026-06-30;2026-09-30 22:26:31.322851
2023-10-04;;Taeglich;IST;Realisiert;4412,56;0,0;4412,56;2026-06-30;2026-09-30 22:26:31.322851
2023-10-05;;Taeglich;IST;Realisiert;10089,53;0,0;10089,53;2026-06-30;2026-09-30 22:26:31.322851
2023-10-06;;Taeglich;IST;Realisiert;11794,32;0,0;11794,32;2026-06-30;2026-09-30 22:26:31.322851
2023-10-07;;Taeglich;IST;Realisiert;11421,07;0,0;11421,07;2026-06-30;2026-09-30 22:26:31.322851
2023-10-08;;Taeglich;IST;Realisiert;73759,78;0,0;73759,78;2026-06-30;2026-09-30 22:26:31.322851
2023-10-09;;Taeglich;IST;Realisiert;70318,47;0,0;70318,47;2026-06-30;2026-09-30 22:26:31.322851
2023-10-10;;Taeglich;IST;Realisiert;6319,9800000000005;0,0;6319,9800000000005;2026-06-30;2026-09-30 22:26:31.322851
2023-10-11;;Taeglich;IST;Realisiert;19531,07;155332,21000000002;-135801,14;2026-06-30;2026-09-30 22:26:31.322851
2023-10-12;;Taeglich;IST;Realisiert;7303,37;66420,78;-59117,41;2026-06-30;2026-09-30 22:26:31.322851
2023-10-13;;Taeglich;IST;Realisiert;29237,99;0,0;29237,99;2026-06-30;2026-09-30 22:26:31.322851
2023-10-14;;Taeglich;IST;Realisiert;8365,18;16908,17;-8542,989999999998;2026-06-30;2026-09-30 22:26:31.322851
2023-10-15;;Taeglich;IST;Realisiert;91092,83;0,0;91092,83;2026-06-30;2026-09-30 22:26:31.322851
2023-10-16;;Taeglich;IST;Realisiert;12328,36;10877,18;1451,1800000000003;2026-06-30;2026-09-30 22:26:31.322851
2023-10-17;;Taeglich;IST;Realisiert;13708,38;28415,31;-14706,930000000002;2026-06-30;2026-09-30 22:26:31.322851
2023-10-18;;Taeglich;IST;Realisiert;15535,28;66226,45999999999;-50691,17999999999;2026-06-30;2026-09-30 22:26:31.322851
2023-10-19;;Taeglich;IST;Realisiert;10024,83;33364,01;-23339,18;2026-06-30;2026-09-30 22:26:31.322851
2023-10-20;;Taeglich;IST;Realisiert;10001,08;54473,72;-44472,64;2026-06-30;2026-09-30 22:26:31.322851
2023-10-21;;Taeglich;IST;Realisiert;21238,63;0,0;21238,63;2026-06-30;2026-09-30 22:26:31.322851
2023-10-22;;Taeglich;IST;Realisiert;9106,19;23409,09;-14302,9;2026-06-30;2026-09-30 22:26:31.322851
2023-10-23;;Taeglich;IST;Realisiert;26011,15;27409,24;-1398,09;2026-06-30;2026-09-30 22:26:31.322851
2023-10-24;;Taeglich;IST;Realisiert;71402,14;0,0;71402,14;2026-06-30;2026-09-30 22:26:31.322851
2023-10-25;;Taeglich;IST;Realisiert;6701,49;0,0;6701,49;2026-06-30;2026-09-30 22:26:31.322851
2023-10-26;;Taeglich;IST;Realisiert;9034,48;0,0;9034,48;2026-06-30;2026-09-30 22:26:31.322851
2023-10-27;;Taeglich;IST;Realisiert;8457,72;2943,24;5514,48;2026-06-30;2026-09-30 22:26:31.322851
2023-10-28;;Taeglich;IST;Realisiert;15641,77;28637,4;-12995,63;2026-06-30;2026-09-30 22:26:31.322851
2023-10-29;;Taeglich;IST;Realisiert;64647,82;0,0;64647,82;2026-06-30;2026-09-30 22:26:31.322851
2023-10-30;;Taeglich;IST;Realisiert;7727,05;0,0;7727,05;2026-06-30;2026-09-30 22:26:31.322851
2023-10-31;;Taeglich;IST;Realisiert;8091,21;44732,77;-36641,560000000005;2026-06-30;2026-09-30 22:26:31.322851
2023-11-01;;Taeglich;IST;Realisiert;6050,73;26721,11;-20670,38;2026-06-30;2026-09-30 22:26:31.322851
2023-11-02;;Taeglich;IST;Realisiert;38304,45;0,0;38304,45;2026-06-30;2026-09-30 22:26:31.322851
2023-11-03;;Taeglich;IST;Realisiert;14260,27;86639,04;-72378,76999999999;2026-06-30;2026-09-30 22:26:31.322851
2023-11-04;;Taeglich;IST;Realisiert;46169,19;8782,08;37387,11;2026-06-30;2026-09-30 22:26:31.322851
2023-11-05;;Taeglich;IST;Realisiert;4262,29;35927,28;-31664,99;2026-06-30;2026-09-30 22:26:31.322851
2023-11-06;;Taeglich;IST;Realisiert;66791,65;120607,36;-53815,70999999999;2026-06-30;2026-09-30 22:26:31.322851
2023-11-07;;Taeglich;IST;Realisiert;56193,62;0,0;56193,62;2026-06-30;2026-09-30 22:26:31.322851
2023-11-08;;Taeglich;IST;Realisiert;109338,8;4944,86;104393,94;2026-06-30;2026-09-30 22:26:31.322851
2023-11-09;;Taeglich;IST;Realisiert;8096,67;22241,91;-14145,24;2026-06-30;2026-09-30 22:26:31.322851
2023-11-10;;Taeglich;IST;Realisiert;29132,82;148084,24;-118951,41999999998;2026-06-30;2026-09-30 22:26:31.322851
2023-11-11;;Taeglich;IST;Realisiert;5080,24;25505,43;-20425,19;2026-06-30;2026-09-30 22:26:31.322851
2023-11-12;;Taeglich;IST;Realisiert;4377,08;83759,14;-79382,06;2026-06-30;2026-09-30 22:26:31.322851
2023-11-13;;Taeglich;IST;Realisiert;8033,71;0,0;8033,71;2026-06-30;2026-09-30 22:26:31.322851
2023-11-14;;Taeglich;IST;Realisiert;93028,01;8196,53;84831,48;2026-06-30;2026-09-30 22:26:31.322851
2023-11-15;;Taeglich;IST;Realisiert;50056,58;0,0;50056,58;2026-06-30;2026-09-30 22:26:31.322851
2023-11-16;;Taeglich;IST;Realisiert;4101,56;92460,79;-88359,23;2026-06-30;2026-09-30 22:26:31.322851
2023-11-17;;Taeglich;IST;Realisiert;5624,45;1842,75;3781,7;2026-06-30;2026-09-30 22:26:31.322851
2023-11-18;;Taeglich;IST;Realisiert;11030,62;70062,98;-59032,35999999999;2026-06-30;2026-09-30 22:26:31.322851
2023-11-19;;Taeglich;IST;Realisiert;137134,04;23506,43;113627,61000000002;2026-06-30;2026-09-30 22:26:31.322851
2023-11-20;;Taeglich;IST;Realisiert;108621,64;30649,61;77972,03;2026-06-30;2026-09-30 22:26:31.322851
2023-11-21;;Taeglich;IST;Realisiert;111537,8;2416,45;109121,35;2026-06-30;2026-09-30 22:26:31.322851
2023-11-22;;Taeglich;IST;Realisiert;7567,42;8638,74;-1071,3199999999997;2026-06-30;2026-09-30 22:26:31.322851
2023-11-23;;Taeglich;IST;Realisiert;22451,82;35541,28;-13089,46;2026-06-30;2026-09-30 22:26:31.322851
2023-11-24;;Taeglich;IST;Realisiert;11491,83;3937,34;7554,49;2026-06-30;2026-09-30 22:26:31.322851
2023-11-25;;Taeglich;IST;Realisiert;58051,740000000005;0,0;58051,740000000005;2026-06-30;2026-09-30 22:26:31.322851
2023-11-26;;Taeglich;IST;Realisiert;10084,82;4262,56;5822,259999999999;2026-06-30;2026-09-30 22:26:31.322851
2023-11-27;;Taeglich;IST;Realisiert;16914,24;42232,99;-25318,75;2026-06-30;2026-09-30 22:26:31.322851
2023-11-28;;Taeglich;IST;Realisiert;12496,4;0,0;12496,4;2026-06-30;2026-09-30 22:26:31.322851
2023-11-29;;Taeglich;IST;Realisiert;47515,26;28140,11;19375,15;2026-06-30;2026-09-30 22:26:31.322851
2023-11-30;;Taeglich;IST;Realisiert;30960,11;11552,42;19407,69;2026-06-30;2026-09-30 22:26:31.322851
2023-12-01;;Taeglich;IST;Realisiert;89768,31999999999;59610,11;30158,209999999992;2026-06-30;2026-09-30 22:26:31.322851
2023-12-02;;Taeglich;IST;Realisiert;11898,44;9936,02;1962,42;2026-06-30;2026-09-30 22:26:31.322851
2023-12-03;;Taeglich;IST;Realisiert;29322,0;4618,64;24703,36;2026-06-30;2026-09-30 22:26:31.322851
2023-12-04;;Taeglich;IST;Realisiert;5409,860000000001;6747,0;-1337,1399999999994;2026-06-30;2026-09-30 22:26:31.322851
2023-12-05;;Taeglich;IST;Realisiert;18810,94;0,0;18810,94;2026-06-30;2026-09-30 22:26:31.322851
2023-12-06;;Taeglich;IST;Realisiert;5859,34;30420,79;-24561,45;2026-06-30;2026-09-30 22:26:31.322851
2023-12-07;;Taeglich;IST;Realisiert;97832,21;77431,48999999999;20400,720000000016;2026-06-30;2026-09-30 22:26:31.322851
2023-12-08;;Taeglich;IST;Realisiert;128775,31;99984,46;28790,84999999999;2026-06-30;2026-09-30 22:26:31.322851
2023-12-09;;Taeglich;IST;Realisiert;6122,61;0,0;6122,61;2026-06-30;2026-09-30 22:26:31.322851
2023-12-10;;Taeglich;IST;Realisiert;4295,95;94495,71;-90199,76;2026-06-30;2026-09-30 22:26:31.322851
2023-12-11;;Taeglich;IST;Realisiert;134084,78;0,0;134084,78;2026-06-30;2026-09-30 22:26:31.322851
2023-12-12;;Taeglich;IST;Realisiert;6907,73;0,0;6907,73;2026-06-30;2026-09-30 22:26:31.322851
2023-12-13;;Taeglich;IST;Realisiert;10586,63;22948,08;-12361,45;2026-06-30;2026-09-30 22:26:31.322851
2023-12-14;;Taeglich;IST;Realisiert;5447,25;39268,55;-33821,3;2026-06-30;2026-09-30 22:26:31.322851
2023-12-15;;Taeglich;IST;Realisiert;69686,85;52361,98;17324,870000000003;2026-06-30;2026-09-30 22:26:31.322851
2023-12-16;;Taeglich;IST;Realisiert;22572,72;16543,81;6028,91;2026-06-30;2026-09-30 22:26:31.322851
2023-12-17;;Taeglich;IST;Realisiert;13511,31;0,0;13511,31;2026-06-30;2026-09-30 22:26:31.322851
2023-12-18;;Taeglich;IST;Realisiert;2075,91;14464,7;-12388,79;2026-06-30;2026-09-30 22:26:31.322851
2023-12-19;;Taeglich;IST;Realisiert;13798,52;35925,27;-22126,75;2026-06-30;2026-09-30 22:26:31.322851
2023-12-20;;Taeglich;IST;Realisiert;5645,94;59742,33;-54096,39;2026-06-30;2026-09-30 22:26:31.322851
2023-12-21;;Taeglich;IST;Realisiert;149470,79;51201,86;98268,93;2026-06-30;2026-09-30 22:26:31.322851
2023-12-22;;Taeglich;IST;Realisiert;88989,17;0,0;88989,17;2026-06-30;2026-09-30 22:26:31.322851
2023-12-23;;Taeglich;IST;Realisiert;50011,55;0,0;50011,55;2026-06-30;2026-09-30 22:26:31.322851
2023-12-24;;Taeglich;IST;Realisiert;4558,17;40572,92;-36014,75;2026-06-30;2026-09-30 22:26:31.322851
2023-12-25;;Taeglich;IST;Realisiert;3660,37;0,0;3660,37;2026-06-30;2026-09-30 22:26:31.322851
2023-12-26;;Taeglich;IST;Realisiert;5823,92;19324,1;-13500,179999999998;2026-06-30;2026-09-30 22:26:31.322851
2023-12-27;;Taeglich;IST;Realisiert;8689,439999999999;0,0;8689,439999999999;2026-06-30;2026-09-30 22:26:31.322851
2023-12-28;;Taeglich;IST;Realisiert;25674,76;3732,48;21942,28;2026-06-30;2026-09-30 22:26:31.322851
2023-12-29;;Taeglich;IST;Realisiert;7116,86;0,0;7116,86;2026-06-30;2026-09-30 22:26:31.322851
2023-12-30;;Taeglich;IST;Realisiert;69378,86;11992,74;57386,12;2026-06-30;2026-09-30 22:26:31.322851
2023-12-31;;Taeglich;IST;Realisiert;32607,97;1786,34;30821,63;2026-06-30;2026-09-30 22:26:31.322851
2024-01-01;;Taeglich;IST;Realisiert;15023,47;0,0;15023,47;2026-06-30;2026-09-30 22:26:31.322851
2024-01-02;;Taeglich;IST;Realisiert;58727,11;51617,62;7109,489999999998;2026-06-30;2026-09-30 22:26:31.322851
2024-01-03;;Taeglich;IST;Realisiert;166024,08;16817,55;149206,53;2026-06-30;2026-09-30 22:26:31.322851
2024-01-04;;Taeglich;IST;Realisiert;2864,27;17909,96;-15045,69;2026-06-30;2026-09-30 22:26:31.322851
2024-01-05;;Taeglich;IST;Realisiert;5634,41;20175,73;-14541,32;2026-06-30;2026-09-30 22:26:31.322851
2024-01-06;;Taeglich;IST;Realisiert;29035,72;5972,15;23063,57;2026-06-30;2026-09-30 22:26:31.322851
2024-01-07;;Taeglich;IST;Realisiert;23324,29;0,0;23324,29;2026-06-30;2026-09-30 22:26:31.322851
2024-01-08;;Taeglich;IST;Realisiert;2800,37;31274,57;-28474,2;2026-06-30;2026-09-30 22:26:31.322851
2024-01-09;;Taeglich;IST;Realisiert;4160,94;0,0;4160,94;2026-06-30;2026-09-30 22:26:31.322851
2024-01-10;;Taeglich;IST;Realisiert;57197,94;0,0;57197,94;2026-06-30;2026-09-30 22:26:31.322851
2024-01-11;;Taeglich;IST;Realisiert;3774,63;0,0;3774,63;2026-06-30;2026-09-30 22:26:31.322851
2024-01-12;;Taeglich;IST;Realisiert;11546,86;0,0;11546,86;2026-06-30;2026-09-30 22:26:31.322851
2024-01-13;;Taeglich;IST;Realisiert;32379,27;0,0;32379,27;2026-06-30;2026-09-30 22:26:31.322851
2024-01-14;;Taeglich;IST;Realisiert;34461,58;0,0;34461,58;2026-06-30;2026-09-30 22:26:31.322851
2024-01-15;;Taeglich;IST;Realisiert;5753,21;1822,97;3930,24;2026-06-30;2026-09-30 22:26:31.322851
2024-01-16;;Taeglich;IST;Realisiert;50133,52;31873,26;18260,26;2026-06-30;2026-09-30 22:26:31.322851
2024-01-17;;Taeglich;IST;Realisiert;49600,55;0,0;49600,55;2026-06-30;2026-09-30 22:26:31.322851
2024-01-18;;Taeglich;IST;Realisiert;12798,06;71296,82;-58498,76000000001;2026-06-30;2026-09-30 22:26:31.322851
2024-01-19;;Taeglich;IST;Realisiert;41950,23;0,0;41950,23;2026-06-30;2026-09-30 22:26:31.322851
2024-01-20;;Taeglich;IST;Realisiert;5697,52;0,0;5697,52;2026-06-30;2026-09-30 22:26:31.322851
2024-01-21;;Taeglich;IST;Realisiert;1868,78;0,0;1868,78;2026-06-30;2026-09-30 22:26:31.322851
2024-01-22;;Taeglich;IST;Realisiert;61387,03;4244,85;57142,18;2026-06-30;2026-09-30 22:26:31.322851
2024-01-23;;Taeglich;IST;Realisiert;14439,05;37236,73;-22797,68;2026-06-30;2026-09-30 22:26:31.322851
2024-01-24;;Taeglich;IST;Realisiert;2474,66;0,0;2474,66;2026-06-30;2026-09-30 22:26:31.322851
2024-01-25;;Taeglich;IST;Realisiert;2886,91;0,0;2886,91;2026-06-30;2026-09-30 22:26:31.322851
2024-01-26;;Taeglich;IST;Realisiert;4922,84;0,0;4922,84;2026-06-30;2026-09-30 22:26:31.322851
2024-01-27;;Taeglich;IST;Realisiert;5890,55;6766,01;-875,46;2026-06-30;2026-09-30 22:26:31.322851
2024-01-28;;Taeglich;IST;Realisiert;105460,42;21502,19;83958,23;2026-06-30;2026-09-30 22:26:31.322851
2024-01-29;;Taeglich;IST;Realisiert;2095,81;0,0;2095,81;2026-06-30;2026-09-30 22:26:31.322851
2024-01-30;;Taeglich;IST;Realisiert;22399,64;45149,86;-22750,22;2026-06-30;2026-09-30 22:26:31.322851
2024-01-31;;Taeglich;IST;Realisiert;35041,53;58329,51;-23287,980000000003;2026-06-30;2026-09-30 22:26:31.322851
2024-02-01;;Taeglich;IST;Realisiert;1736,17;0,0;1736,17;2026-06-30;2026-09-30 22:26:31.322851
2024-02-02;;Taeglich;IST;Realisiert;7985,22;0,0;7985,22;2026-06-30;2026-09-30 22:26:31.322851
2024-02-03;;Taeglich;IST;Realisiert;6106,0;13935,740000000002;-7829,740000000002;2026-06-30;2026-09-30 22:26:31.322851
2024-02-04;;Taeglich;IST;Realisiert;6645,15;0,0;6645,15;2026-06-30;2026-09-30 22:26:31.322851
2024-02-05;;Taeglich;IST;Realisiert;6653,349999999999;0,0;6653,349999999999;2026-06-30;2026-09-30 22:26:31.322851
2024-02-06;;Taeglich;IST;Realisiert;4879,22;0,0;4879,22;2026-06-30;2026-09-30 22:26:31.322851
2024-02-07;;Taeglich;IST;Realisiert;3573,27;0,0;3573,27;2026-06-30;2026-09-30 22:26:31.322851
2024-02-08;;Taeglich;IST;Realisiert;16575,36;11963,75;4611,610000000001;2026-06-30;2026-09-30 22:26:31.322851
2024-02-09;;Taeglich;IST;Realisiert;33302,02;0,0;33302,02;2026-06-30;2026-09-30 22:26:31.322851
2024-02-10;;Taeglich;IST;Realisiert;10942,28;21123,97;-10181,690000000002;2026-06-30;2026-09-30 22:26:31.322851
2024-02-11;;Taeglich;IST;Realisiert;6664,73;0,0;6664,73;2026-06-30;2026-09-30 22:26:31.322851
2024-02-12;;Taeglich;IST;Realisiert;29699,49;0,0;29699,49;2026-06-30;2026-09-30 22:26:31.322851
2024-02-13;;Taeglich;IST;Realisiert;3631,01;0,0;3631,01;2026-06-30;2026-09-30 22:26:31.322851
2024-02-14;;Taeglich;IST;Realisiert;6516,68;43284,44;-36767,76;2026-06-30;2026-09-30 22:26:31.322851
2024-02-15;;Taeglich;IST;Realisiert;54600,21;54672,1;-71,88999999999942;2026-06-30;2026-09-30 22:26:31.322851
2024-02-16;;Taeglich;IST;Realisiert;5262,12;20494,35;-15232,23;2026-06-30;2026-09-30 22:26:31.322851
2024-02-17;;Taeglich;IST;Realisiert;4092,79;23242,97;-19150,18;2026-06-30;2026-09-30 22:26:31.322851
2024-02-18;;Taeglich;IST;Realisiert;5522,61;0,0;5522,61;2026-06-30;2026-09-30 22:26:31.322851
2024-02-19;;Taeglich;IST;Realisiert;4402,73;0,0;4402,73;2026-06-30;2026-09-30 22:26:31.322851
2024-02-20;;Taeglich;IST;Realisiert;96901,61;0,0;96901,61;2026-06-30;2026-09-30 22:26:31.322851
2024-02-21;;Taeglich;IST;Realisiert;61234,76;66908,2;-5673,439999999995;2026-06-30;2026-09-30 22:26:31.322851
2024-02-22;;Taeglich;IST;Realisiert;4568,41;0,0;4568,41;2026-06-30;2026-09-30 22:26:31.322851
2024-02-23;;Taeglich;IST;Realisiert;5093,83;21352,7;-16258,869999999995;2026-06-30;2026-09-30 22:26:31.322851
2024-02-24;;Taeglich;IST;Realisiert;6727,14;43278,86;-36551,72;2026-06-30;2026-09-30 22:26:31.322851
2024-02-25;;Taeglich;IST;Realisiert;44037,91;0,0;44037,91;2026-06-30;2026-09-30 22:26:31.322851
2024-02-26;;Taeglich;IST;Realisiert;6481,42;3274,62;3206,8;2026-06-30;2026-09-30 22:26:31.322851
2024-02-27;;Taeglich;IST;Realisiert;5577,89;15389,41;-9811,52;2026-06-30;2026-09-30 22:26:31.322851
2024-02-28;;Taeglich;IST;Realisiert;4137,62;59187,14;-55049,52;2026-06-30;2026-09-30 22:26:31.322851
2024-02-29;;Taeglich;IST;Realisiert;4904,36;0,0;4904,36;2026-06-30;2026-09-30 22:26:31.322851
2024-03-01;;Taeglich;IST;Realisiert;4250,22;0,0;4250,22;2026-06-30;2026-09-30 22:26:31.322851
2024-03-02;;Taeglich;IST;Realisiert;6205,85;0,0;6205,85;2026-06-30;2026-09-30 22:26:31.322851
2024-03-03;;Taeglich;IST;Realisiert;26317,85;29541,46;-3223,6100000000006;2026-06-30;2026-09-30 22:26:31.322851
2024-03-04;;Taeglich;IST;Realisiert;6089,72;0,0;6089,72;2026-06-30;2026-09-30 22:26:31.322851
2024-03-05;;Taeglich;IST;Realisiert;5767,71;0,0;5767,71;2026-06-30;2026-09-30 22:26:31.322851
2024-03-06;;Taeglich;IST;Realisiert;66028,88;13304,5;52724,380000000005;2026-06-30;2026-09-30 22:26:31.322851
2024-03-07;;Taeglich;IST;Realisiert;39660,27;0,0;39660,27;2026-06-30;2026-09-30 22:26:31.322851
2024-03-08;;Taeglich;IST;Realisiert;87842,1;6680,17;81161,93000000001;2026-06-30;2026-09-30 22:26:31.322851
2024-03-09;;Taeglich;IST;Realisiert;11505,6;0,0;11505,6;2026-06-30;2026-09-30 22:26:31.322851
2024-03-10;;Taeglich;IST;Realisiert;4258,09;18392,21;-14134,12;2026-06-30;2026-09-30 22:26:31.322851
2024-03-11;;Taeglich;IST;Realisiert;7340,42;15732,61;-8392,19;2026-06-30;2026-09-30 22:26:31.322851
2024-03-12;;Taeglich;IST;Realisiert;15677,35;0,0;15677,35;2026-06-30;2026-09-30 22:26:31.322851
2024-03-13;;Taeglich;IST;Realisiert;89285,81;0,0;89285,81;2026-06-30;2026-09-30 22:26:31.322851
2024-03-14;;Taeglich;IST;Realisiert;13268,84;0,0;13268,84;2026-06-30;2026-09-30 22:26:31.322851
2024-03-15;;Taeglich;IST;Realisiert;3068,43;21800,57;-18732,14;2026-06-30;2026-09-30 22:26:31.322851
2024-03-16;;Taeglich;IST;Realisiert;5384,3;49154,42;-43770,12;2026-06-30;2026-09-30 22:26:31.322851
2024-03-17;;Taeglich;IST;Realisiert;7878,049999999999;27006,83;-19128,78;2026-06-30;2026-09-30 22:26:31.322851
2024-03-18;;Taeglich;IST;Realisiert;98880,86;0,0;98880,86;2026-06-30;2026-09-30 22:26:31.322851
2024-03-19;;Taeglich;IST;Realisiert;3265,65;39181,52;-35915,869999999995;2026-06-30;2026-09-30 22:26:31.322851
2024-03-20;;Taeglich;IST;Realisiert;10293,43;7667,57;2625,8600000000006;2026-06-30;2026-09-30 22:26:31.322851
2024-03-21;;Taeglich;IST;Realisiert;26621,11;8148,05;18473,06;2026-06-30;2026-09-30 22:26:31.322851
2024-03-22;;Taeglich;IST;Realisiert;12065,44;0,0;12065,44;2026-06-30;2026-09-30 22:26:31.322851
2024-03-23;;Taeglich;IST;Realisiert;4360,44;0,0;4360,44;2026-06-30;2026-09-30 22:26:31.322851
2024-03-24;;Taeglich;IST;Realisiert;12514,75;16294,36;-3779,6100000000006;2026-06-30;2026-09-30 22:26:31.322851
2024-03-25;;Taeglich;IST;Realisiert;6260,23;5813,84;446,3899999999994;2026-06-30;2026-09-30 22:26:31.322851
2024-03-26;;Taeglich;IST;Realisiert;5226,72;29900,05;-24673,33;2026-06-30;2026-09-30 22:26:31.322851
2024-03-27;;Taeglich;IST;Realisiert;36116,23;54162,14;-18045,910000000003;2026-06-30;2026-09-30 22:26:31.322851
2024-03-28;;Taeglich;IST;Realisiert;11605,19;0,0;11605,19;2026-06-30;2026-09-30 22:26:31.322851
2024-03-29;;Taeglich;IST;Realisiert;7343,32;0,0;7343,32;2026-06-30;2026-09-30 22:26:31.322851
2024-03-30;;Taeglich;IST;Realisiert;4967,150000000001;67355,11;-62387,96;2026-06-30;2026-09-30 22:26:31.322851
2024-03-31;;Taeglich;IST;Realisiert;32510,83;5453,03;27057,800000000003;2026-06-30;2026-09-30 22:26:31.322851
2024-04-01;;Taeglich;IST;Realisiert;40984,07;11788,55;29195,52;2026-06-30;2026-09-30 22:26:31.322851
2024-04-02;;Taeglich;IST;Realisiert;6194,16;0,0;6194,16;2026-06-30;2026-09-30 22:26:31.322851
2024-04-03;;Taeglich;IST;Realisiert;3016,36;0,0;3016,36;2026-06-30;2026-09-30 22:26:31.322851
2024-04-04;;Taeglich;IST;Realisiert;14603,79;0,0;14603,79;2026-06-30;2026-09-30 22:26:31.322851
2024-04-05;;Taeglich;IST;Realisiert;17013,29;0,0;17013,29;2026-06-30;2026-09-30 22:26:31.322851
2024-04-06;;Taeglich;IST;Realisiert;12706,43;0,0;12706,43;2026-06-30;2026-09-30 22:26:31.322851
2024-04-07;;Taeglich;IST;Realisiert;9381,18;16517,72;-7136,540000000001;2026-06-30;2026-09-30 22:26:31.322851
2024-04-08;;Taeglich;IST;Realisiert;28034,8;0,0;28034,8;2026-06-30;2026-09-30 22:26:31.322851
2024-04-09;;Taeglich;IST;Realisiert;23600,47;0,0;23600,47;2026-06-30;2026-09-30 22:26:31.322851
2024-04-10;;Taeglich;IST;Realisiert;8758,05;88744,17;-79986,12;2026-06-30;2026-09-30 22:26:31.322851
2024-04-11;;Taeglich;IST;Realisiert;10245,78;0,0;10245,78;2026-06-30;2026-09-30 22:26:31.322851
2024-04-12;;Taeglich;IST;Realisiert;13675,98;0,0;13675,98;2026-06-30;2026-09-30 22:26:31.322851
2024-04-13;;Taeglich;IST;Realisiert;8147,63;46282,380000000005;-38134,75000000001;2026-06-30;2026-09-30 22:26:31.322851
2024-04-14;;Taeglich;IST;Realisiert;73833,97;0,0;73833,97;2026-06-30;2026-09-30 22:26:31.322851
2024-04-15;;Taeglich;IST;Realisiert;6004,49;18671,09;-12666,6;2026-06-30;2026-09-30 22:26:31.322851
2024-04-16;;Taeglich;IST;Realisiert;30432,7;0,0;30432,7;2026-06-30;2026-09-30 22:26:31.322851
2024-04-17;;Taeglich;IST;Realisiert;9477,57;0,0;9477,57;2026-06-30;2026-09-30 22:26:31.322851
2024-04-18;;Taeglich;IST;Realisiert;11268,37;0,0;11268,37;2026-06-30;2026-09-30 22:26:31.322851
2024-04-19;;Taeglich;IST;Realisiert;7824,82;0,0;7824,82;2026-06-30;2026-09-30 22:26:31.322851
2024-04-20;;Taeglich;IST;Realisiert;39684,94;35651,5;4033,4400000000014;2026-06-30;2026-09-30 22:26:31.322851
2024-04-21;;Taeglich;IST;Realisiert;6381,05;0,0;6381,05;2026-06-30;2026-09-30 22:26:31.322851
2024-04-22;;Taeglich;IST;Realisiert;7445,19;0,0;7445,19;2026-06-30;2026-09-30 22:26:31.322851
2024-04-23;;Taeglich;IST;Realisiert;9409,5;0,0;9409,5;2026-06-30;2026-09-30 22:26:31.322851
2024-04-24;;Taeglich;IST;Realisiert;9060,63;0,0;9060,63;2026-06-30;2026-09-30 22:26:31.322851
2024-04-25;;Taeglich;IST;Realisiert;11413,54;0,0;11413,54;2026-06-30;2026-09-30 22:26:31.322851
2024-04-26;;Taeglich;IST;Realisiert;18929,86;0,0;18929,86;2026-06-30;2026-09-30 22:26:31.322851
2024-04-27;;Taeglich;IST;Realisiert;5944,96;0,0;5944,96;2026-06-30;2026-09-30 22:26:31.322851
2024-04-28;;Taeglich;IST;Realisiert;33570,98;0,0;33570,98;2026-06-30;2026-09-30 22:26:31.322851
2024-04-29;;Taeglich;IST;Realisiert;7692,63;0,0;7692,63;2026-06-30;2026-09-30 22:26:31.322851
2024-04-30;;Taeglich;IST;Realisiert;13747,61;0,0;13747,61;2026-06-30;2026-09-30 22:26:31.322851
2024-05-01;;Taeglich;IST;Realisiert;12541,98;0,0;12541,98;2026-06-30;2026-09-30 22:26:31.322851
2024-05-02;;Taeglich;IST;Realisiert;67861,29000000001;42947,84;24913,45000000001;2026-06-30;2026-09-30 22:26:31.322851
2024-05-03;;Taeglich;IST;Realisiert;6178,88;0,0;6178,88;2026-06-30;2026-09-30 22:26:31.322851
2024-05-04;;Taeglich;IST;Realisiert;7601,400000000001;15665,49;-8064,089999999999;2026-06-30;2026-09-30 22:26:31.322851
2024-05-05;;Taeglich;IST;Realisiert;6191,6;0,0;6191,6;2026-06-30;2026-09-30 22:26:31.322851
2024-05-06;;Taeglich;IST;Realisiert;5869,2;43787,78;-37918,58;2026-06-30;2026-09-30 22:26:31.322851
2024-05-07;;Taeglich;IST;Realisiert;6189,66;2117,48;4072,18;2026-06-30;2026-09-30 22:26:31.322851
2024-05-08;;Taeglich;IST;Realisiert;9545,18;35813,840000000004;-26268,660000000003;2026-06-30;2026-09-30 22:26:31.322851
2024-05-09;;Taeglich;IST;Realisiert;50967,36;1798,05;49169,31;2026-06-30;2026-09-30 22:26:31.322851
2024-05-10;;Taeglich;IST;Realisiert;55587,83;3775,39;51812,44;2026-06-30;2026-09-30 22:26:31.322851
2024-05-11;;Taeglich;IST;Realisiert;64250,57;0,0;64250,57;2026-06-30;2026-09-30 22:26:31.322851
2024-05-12;;Taeglich;IST;Realisiert;26882,07;0,0;26882,07;2026-06-30;2026-09-30 22:26:31.322851
2024-05-13;;Taeglich;IST;Realisiert;11295,84;9285,0;2010,84;2026-06-30;2026-09-30 22:26:31.322851
2024-05-14;;Taeglich;IST;Realisiert;7971,519999999999;0,0;7971,519999999999;2026-06-30;2026-09-30 22:26:31.322851
2024-05-15;;Taeglich;IST;Realisiert;10755,7;7039,18;3716,52;2026-06-30;2026-09-30 22:26:31.322851
2024-05-16;;Taeglich;IST;Realisiert;62970,57;21828,11;41142,46;2026-06-30;2026-09-30 22:26:31.322851
2024-05-17;;Taeglich;IST;Realisiert;6699,25;0,0;6699,25;2026-06-30;2026-09-30 22:26:31.322851
2024-05-18;;Taeglich;IST;Realisiert;43764,12;78310,66;-34546,54;2026-06-30;2026-09-30 22:26:31.322851
2024-05-19;;Taeglich;IST;Realisiert;8100,34;6665,17;1435,17;2026-06-30;2026-09-30 22:26:31.322851
2024-05-20;;Taeglich;IST;Realisiert;21365,34;24255,42;-2890,079999999998;2026-06-30;2026-09-30 22:26:31.322851
2024-05-21;;Taeglich;IST;Realisiert;11493,94;0,0;11493,94;2026-06-30;2026-09-30 22:26:31.322851
2024-05-22;;Taeglich;IST;Realisiert;4312,93;60599,2;-56286,27;2026-06-30;2026-09-30 22:26:31.322851
2024-05-23;;Taeglich;IST;Realisiert;10921,84;0,0;10921,84;2026-06-30;2026-09-30 22:26:31.322851
2024-05-24;;Taeglich;IST;Realisiert;8045,860000000001;43444,21;-35398,35;2026-06-30;2026-09-30 22:26:31.322851
2024-05-25;;Taeglich;IST;Realisiert;9238,39;18731,33;-9492,940000000002;2026-06-30;2026-09-30 22:26:31.322851
2024-05-26;;Taeglich;IST;Realisiert;37403,7;19748,06;17655,640000000003;2026-06-30;2026-09-30 22:26:31.322851
2024-05-27;;Taeglich;IST;Realisiert;10051,72;4419,59;5632,129999999999;2026-06-30;2026-09-30 22:26:31.322851
2024-05-28;;Taeglich;IST;Realisiert;33809,33;12033,59;21775,74;2026-06-30;2026-09-30 22:26:31.322851
2024-05-29;;Taeglich;IST;Realisiert;15564,41;38814,75;-23250,34;2026-06-30;2026-09-30 22:26:31.322851
2024-05-30;;Taeglich;IST;Realisiert;56262,37;3664,81;52597,560000000005;2026-06-30;2026-09-30 22:26:31.322851
2024-05-31;;Taeglich;IST;Realisiert;10412,63;51486,11;-41073,48;2026-06-30;2026-09-30 22:26:31.322851
2024-06-01;;Taeglich;IST;Realisiert;32693,13;18163,05;14530,079999999998;2026-06-30;2026-09-30 22:26:31.322851
2024-06-02;;Taeglich;IST;Realisiert;33723,99;0,0;33723,99;2026-06-30;2026-09-30 22:26:31.322851
2024-06-03;;Taeglich;IST;Realisiert;53391,12;37803,07;15588,050000000005;2026-06-30;2026-09-30 22:26:31.322851
2024-06-04;;Taeglich;IST;Realisiert;7093,03;0,0;7093,03;2026-06-30;2026-09-30 22:26:31.322851
2024-06-05;;Taeglich;IST;Realisiert;8672,64;0,0;8672,64;2026-06-30;2026-09-30 22:26:31.322851
2024-06-06;;Taeglich;IST;Realisiert;70081,68;10002,54;60079,13999999999;2026-06-30;2026-09-30 22:26:31.322851
2024-06-07;;Taeglich;IST;Realisiert;19458,32;25171,56;-5713,239999999998;2026-06-30;2026-09-30 22:26:31.322851
2024-06-08;;Taeglich;IST;Realisiert;32560,78;0,0;32560,78;2026-06-30;2026-09-30 22:26:31.322851
2024-06-09;;Taeglich;IST;Realisiert;20921,43;0,0;20921,43;2026-06-30;2026-09-30 22:26:31.322851
2024-06-10;;Taeglich;IST;Realisiert;20001,14;46089,73;-26088,590000000004;2026-06-30;2026-09-30 22:26:31.322851
2024-06-11;;Taeglich;IST;Realisiert;40003,19;38056,62;1946,5699999999924;2026-06-30;2026-09-30 22:26:31.322851
2024-06-12;;Taeglich;IST;Realisiert;45340,49;47668,72;-2328,230000000003;2026-06-30;2026-09-30 22:26:31.322851
2024-06-13;;Taeglich;IST;Realisiert;68900,56;0,0;68900,56;2026-06-30;2026-09-30 22:26:31.322851
2024-06-14;;Taeglich;IST;Realisiert;69810,99;24401,01;45409,98000000001;2026-06-30;2026-09-30 22:26:31.322851
2024-06-15;;Taeglich;IST;Realisiert;16478,88;10865,48;5613,4000000000015;2026-06-30;2026-09-30 22:26:31.322851
2024-06-16;;Taeglich;IST;Realisiert;6551,91;33764,39;-27212,48;2026-06-30;2026-09-30 22:26:31.322851
2024-06-17;;Taeglich;IST;Realisiert;7255,43;59438,83;-52183,4;2026-06-30;2026-09-30 22:26:31.322851
2024-06-18;;Taeglich;IST;Realisiert;44844,48;28314,68;16529,800000000003;2026-06-30;2026-09-30 22:26:31.322851
2024-06-19;;Taeglich;IST;Realisiert;10281,45;17543,68;-7262,23;2026-06-30;2026-09-30 22:26:31.322851
2024-06-20;;Taeglich;IST;Realisiert;8876,43;15243,43;-6367,0;2026-06-30;2026-09-30 22:26:31.322851
2024-06-21;;Taeglich;IST;Realisiert;17047,25;19297,29;-2250,040000000001;2026-06-30;2026-09-30 22:26:31.322851
2024-06-22;;Taeglich;IST;Realisiert;8639,6;5791,66;2847,9400000000005;2026-06-30;2026-09-30 22:26:31.322851
2024-06-23;;Taeglich;IST;Realisiert;4131,12;14250,4;-10119,28;2026-06-30;2026-09-30 22:26:31.322851
2024-06-24;;Taeglich;IST;Realisiert;8646,84;104199,5;-95552,66;2026-06-30;2026-09-30 22:26:31.322851
2024-06-25;;Taeglich;IST;Realisiert;106059,52;5724,13;100335,39;2026-06-30;2026-09-30 22:26:31.322851
2024-06-26;;Taeglich;IST;Realisiert;27123,05;14487,55;12635,5;2026-06-30;2026-09-30 22:26:31.322851
2024-06-27;;Taeglich;IST;Realisiert;7433,08;83562,62;-76129,54;2026-06-30;2026-09-30 22:26:31.322851
2024-06-28;;Taeglich;IST;Realisiert;23988,66;27230,85;-3242,1899999999987;2026-06-30;2026-09-30 22:26:31.322851
2024-06-29;;Taeglich;IST;Realisiert;35378,52;6882,24;28496,28;2026-06-30;2026-09-30 22:26:31.322851
2024-06-30;;Taeglich;IST;Realisiert;8759,73;0,0;8759,73;2026-06-30;2026-09-30 22:26:31.322851
2024-07-01;;Taeglich;IST;Realisiert;55603,2;10562,14;45041,06;2026-06-30;2026-09-30 22:26:31.322851
2024-07-02;;Taeglich;IST;Realisiert;91332,57;49329,52;42003,05000000001;2026-06-30;2026-09-30 22:26:31.322851
2024-07-03;;Taeglich;IST;Realisiert;17951,01;39553,68;-21602,67;2026-06-30;2026-09-30 22:26:31.322851
2024-07-04;;Taeglich;IST;Realisiert;28409,6;0,0;28409,6;2026-06-30;2026-09-30 22:26:31.322851
2024-07-05;;Taeglich;IST;Realisiert;55303,58;12271,7;43031,880000000005;2026-06-30;2026-09-30 22:26:31.322851
2024-07-06;;Taeglich;IST;Realisiert;42188,380000000005;2341,12;39847,26;2026-06-30;2026-09-30 22:26:31.322851
2024-07-07;;Taeglich;IST;Realisiert;88866,04;38003,78;50862,26;2026-06-30;2026-09-30 22:26:31.322851
2024-07-08;;Taeglich;IST;Realisiert;22358,16;24628,16;-2270,0;2026-06-30;2026-09-30 22:26:31.322851
2024-07-09;;Taeglich;IST;Realisiert;31837,36;0,0;31837,36;2026-06-30;2026-09-30 22:26:31.322851
2024-07-10;;Taeglich;IST;Realisiert;6390,46;2245,62;4144,84;2026-06-30;2026-09-30 22:26:31.322851
2024-07-11;;Taeglich;IST;Realisiert;9685,85;24368,87;-14683,02;2026-06-30;2026-09-30 22:26:31.322851
2024-07-12;;Taeglich;IST;Realisiert;66305,6;27788,8;38516,8;2026-06-30;2026-09-30 22:26:31.322851
2024-07-13;;Taeglich;IST;Realisiert;10622,84;92967,38999999998;-82344,54999999999;2026-06-30;2026-09-30 22:26:31.322851
2024-07-14;;Taeglich;IST;Realisiert;5774,03;149497,96;-143723,93;2026-06-30;2026-09-30 22:26:31.322851
2024-07-15;;Taeglich;IST;Realisiert;33630,94;62775,76;-29144,819999999992;2026-06-30;2026-09-30 22:26:31.322851
2024-07-16;;Taeglich;IST;Realisiert;59027,17;12811,03;46216,14;2026-06-30;2026-09-30 22:26:31.322851
2024-07-17;;Taeglich;IST;Realisiert;27442,7;71208,44;-43765,740000000005;2026-06-30;2026-09-30 22:26:31.322851
2024-07-18;;Taeglich;IST;Realisiert;26950,31;28829,0;-1878,6899999999987;2026-06-30;2026-09-30 22:26:31.322851
2024-07-19;;Taeglich;IST;Realisiert;10854,37;82023,5;-71169,13;2026-06-30;2026-09-30 22:26:31.322851
2024-07-20;;Taeglich;IST;Realisiert;19513,85;5825,75;13688,1;2026-06-30;2026-09-30 22:26:31.322851
2024-07-21;;Taeglich;IST;Realisiert;8662,11;30102,38;-21440,27;2026-06-30;2026-09-30 22:26:31.322851
2024-07-22;;Taeglich;IST;Realisiert;153274,58000000002;99790,64;53483,94;2026-06-30;2026-09-30 22:26:31.322851
2024-07-23;;Taeglich;IST;Realisiert;67732,4;1766,44;65965,95999999999;2026-06-30;2026-09-30 22:26:31.322851
2024-07-24;;Taeglich;IST;Realisiert;42442,57;55985,59;-13543,020000000004;2026-06-30;2026-09-30 22:26:31.322851
2024-07-25;;Taeglich;IST;Realisiert;44972,66;44460,8;511,8600000000006;2026-06-30;2026-09-30 22:26:31.322851
2024-07-26;;Taeglich;IST;Realisiert;93539,17;0,0;93539,17;2026-06-30;2026-09-30 22:26:31.322851
2024-07-27;;Taeglich;IST;Realisiert;8589,66;27418,58;-18828,92;2026-06-30;2026-09-30 22:26:31.322851
2024-07-28;;Taeglich;IST;Realisiert;75498,97;0,0;75498,97;2026-06-30;2026-09-30 22:26:31.322851
2024-07-29;;Taeglich;IST;Realisiert;42066,82;0,0;42066,82;2026-06-30;2026-09-30 22:26:31.322851
2024-07-30;;Taeglich;IST;Realisiert;57600,93;71795,71;-14194,780000000006;2026-06-30;2026-09-30 22:26:31.322851
2024-07-31;;Taeglich;IST;Realisiert;7289,56;0,0;7289,56;2026-06-30;2026-09-30 22:26:31.322851
2024-08-01;;Taeglich;IST;Realisiert;55763,52;0,0;55763,52;2026-06-30;2026-09-30 22:26:31.322851
2024-08-02;;Taeglich;IST;Realisiert;5670,66;11889,31;-6218,65;2026-06-30;2026-09-30 22:26:31.322851
2024-08-03;;Taeglich;IST;Realisiert;8280,56;0,0;8280,56;2026-06-30;2026-09-30 22:26:31.322851
2024-08-04;;Taeglich;IST;Realisiert;14630,59;9358,39;5272,200000000001;2026-06-30;2026-09-30 22:26:31.322851
2024-08-05;;Taeglich;IST;Realisiert;60855,92;17978,36;42877,56;2026-06-30;2026-09-30 22:26:31.322851
2024-08-06;;Taeglich;IST;Realisiert;132529,2;44101,36;88427,84000000001;2026-06-30;2026-09-30 22:26:31.322851
2024-08-07;;Taeglich;IST;Realisiert;45052,06;38249,66;6802,4000000000015;2026-06-30;2026-09-30 22:26:31.322851
2024-08-08;;Taeglich;IST;Realisiert;58061,96;11924,8;46137,16;2026-06-30;2026-09-30 22:26:31.322851
2024-08-09;;Taeglich;IST;Realisiert;44611,51;0,0;44611,51;2026-06-30;2026-09-30 22:26:31.322851
2024-08-10;;Taeglich;IST;Realisiert;24135,86;12837,14;11298,72;2026-06-30;2026-09-30 22:26:31.322851
2024-08-11;;Taeglich;IST;Realisiert;47598,58;4328,83;43269,75;2026-06-30;2026-09-30 22:26:31.322851
2024-08-12;;Taeglich;IST;Realisiert;16051,32;1867,84;14183,48;2026-06-30;2026-09-30 22:26:31.322851
2024-08-13;;Taeglich;IST;Realisiert;24893,93;0,0;24893,93;2026-06-30;2026-09-30 22:26:31.322851
2024-08-14;;Taeglich;IST;Realisiert;21171,18;12685,31;8485,87;2026-06-30;2026-09-30 22:26:31.322851
2024-08-15;;Taeglich;IST;Realisiert;7499,150000000001;0,0;7499,150000000001;2026-06-30;2026-09-30 22:26:31.322851
2024-08-16;;Taeglich;IST;Realisiert;81839,31;17574,36;64264,95;2026-06-30;2026-09-30 22:26:31.322851
2024-08-17;;Taeglich;IST;Realisiert;24142,22;0,0;24142,22;2026-06-30;2026-09-30 22:26:31.322851
2024-08-18;;Taeglich;IST;Realisiert;3513,97;0,0;3513,97;2026-06-30;2026-09-30 22:26:31.322851
2024-08-19;;Taeglich;IST;Realisiert;29597,1;0,0;29597,1;2026-06-30;2026-09-30 22:26:31.322851
2024-08-20;;Taeglich;IST;Realisiert;4575,04;35304,47;-30729,43;2026-06-30;2026-09-30 22:26:31.322851
2024-08-21;;Taeglich;IST;Realisiert;9846,91;38691,78;-28844,87;2026-06-30;2026-09-30 22:26:31.322851
2024-08-22;;Taeglich;IST;Realisiert;33579,55;14548,080000000002;19031,47;2026-06-30;2026-09-30 22:26:31.322851
2024-08-23;;Taeglich;IST;Realisiert;5872,04;12756,74;-6884,7;2026-06-30;2026-09-30 22:26:31.322851
2024-08-24;;Taeglich;IST;Realisiert;61894,65;49293,61;12601,04;2026-06-30;2026-09-30 22:26:31.322851
2024-08-25;;Taeglich;IST;Realisiert;62973,6;0,0;62973,6;2026-06-30;2026-09-30 22:26:31.322851
2024-08-26;;Taeglich;IST;Realisiert;13144,23;35526,49;-22382,26;2026-06-30;2026-09-30 22:26:31.322851
2024-08-27;;Taeglich;IST;Realisiert;75792,91;0,0;75792,91;2026-06-30;2026-09-30 22:26:31.322851
2024-08-28;;Taeglich;IST;Realisiert;3234,17;53536,06;-50301,89;2026-06-30;2026-09-30 22:26:31.322851
2024-08-29;;Taeglich;IST;Realisiert;5853,06;2133,56;3719,5;2026-06-30;2026-09-30 22:26:31.322851
2024-08-30;;Taeglich;IST;Realisiert;7987,559999999999;34200,91;-26213,35000000001;2026-06-30;2026-09-30 22:26:31.322851
2024-08-31;;Taeglich;IST;Realisiert;9996,46;0,0;9996,46;2026-06-30;2026-09-30 22:26:31.322851
2024-09-01;;Taeglich;IST;Realisiert;55724,04;0,0;55724,04;2026-06-30;2026-09-30 22:26:31.322851
2024-09-02;;Taeglich;IST;Realisiert;9224,66;36488,19;-27263,53;2026-06-30;2026-09-30 22:26:31.322851
2024-09-03;;Taeglich;IST;Realisiert;8380,01;108320,36;-99940,35;2026-06-30;2026-09-30 22:26:31.322851
2024-09-04;;Taeglich;IST;Realisiert;82537,18;53701,06;28836,119999999995;2026-06-30;2026-09-30 22:26:31.322851
2024-09-05;;Taeglich;IST;Realisiert;11288,11;0,0;11288,11;2026-06-30;2026-09-30 22:26:31.322851
2024-09-06;;Taeglich;IST;Realisiert;48656,45;0,0;48656,45;2026-06-30;2026-09-30 22:26:31.322851
2024-09-07;;Taeglich;IST;Realisiert;10885,65;0,0;10885,65;2026-06-30;2026-09-30 22:26:31.322851
2024-09-08;;Taeglich;IST;Realisiert;4003,53;0,0;4003,53;2026-06-30;2026-09-30 22:26:31.322851
2024-09-09;;Taeglich;IST;Realisiert;9562,82;0,0;9562,82;2026-06-30;2026-09-30 22:26:31.322851
2024-09-10;;Taeglich;IST;Realisiert;19421,79;0,0;19421,79;2026-06-30;2026-09-30 22:26:31.322851
2024-09-11;;Taeglich;IST;Realisiert;9135,74;1764,41;7371,33;2026-06-30;2026-09-30 22:26:31.322851
2024-09-12;;Taeglich;IST;Realisiert;48717,35;15285,97;33431,38;2026-06-30;2026-09-30 22:26:31.322851
2024-09-13;;Taeglich;IST;Realisiert;8959,22;80686,4;-71727,18;2026-06-30;2026-09-30 22:26:31.322851
2024-09-14;;Taeglich;IST;Realisiert;11645,6;3596,72;8048,880000000001;2026-06-30;2026-09-30 22:26:31.322851
2024-09-15;;Taeglich;IST;Realisiert;51563,33;18138,66;33424,67;2026-06-30;2026-09-30 22:26:31.322851
2024-09-16;;Taeglich;IST;Realisiert;15514,95;0,0;15514,95;2026-06-30;2026-09-30 22:26:31.322851
2024-09-17;;Taeglich;IST;Realisiert;9862,27;0,0;9862,27;2026-06-30;2026-09-30 22:26:31.322851
2024-09-18;;Taeglich;IST;Realisiert;76570,11;22843,39;53726,72;2026-06-30;2026-09-30 22:26:31.322851
2024-09-19;;Taeglich;IST;Realisiert;30895,31;29633,95;1261,359999999997;2026-06-30;2026-09-30 22:26:31.322851
2024-09-20;;Taeglich;IST;Realisiert;37219,23;8391,81;28827,42000000001;2026-06-30;2026-09-30 22:26:31.322851
2024-09-21;;Taeglich;IST;Realisiert;37161,52;0,0;37161,52;2026-06-30;2026-09-30 22:26:31.322851
2024-09-22;;Taeglich;IST;Realisiert;18315,02;0,0;18315,02;2026-06-30;2026-09-30 22:26:31.322851
2024-09-23;;Taeglich;IST;Realisiert;9958,93;7095,8;2863,13;2026-06-30;2026-09-30 22:26:31.322851
2024-09-24;;Taeglich;IST;Realisiert;27586,9;0,0;27586,9;2026-06-30;2026-09-30 22:26:31.322851
2024-09-25;;Taeglich;IST;Realisiert;37835,72;17335,81;20499,91;2026-06-30;2026-09-30 22:26:31.322851
2024-09-26;;Taeglich;IST;Realisiert;13680,71;0,0;13680,71;2026-06-30;2026-09-30 22:26:31.322851
2024-09-27;;Taeglich;IST;Realisiert;6001,79;0,0;6001,79;2026-06-30;2026-09-30 22:26:31.322851
2024-09-28;;Taeglich;IST;Realisiert;11819,41;14356,18;-2536,7700000000004;2026-06-30;2026-09-30 22:26:31.322851
2024-09-29;;Taeglich;IST;Realisiert;11047,58;19166,75;-8119,17;2026-06-30;2026-09-30 22:26:31.322851
2024-09-30;;Taeglich;IST;Realisiert;8433,09;18680,99;-10247,9;2026-06-30;2026-09-30 22:26:31.322851
2024-10-01;;Taeglich;IST;Realisiert;36655,88;3308,36;33347,52;2026-06-30;2026-09-30 22:26:31.322851
2024-10-02;;Taeglich;IST;Realisiert;51556,600000000006;0,0;51556,600000000006;2026-06-30;2026-09-30 22:26:31.322851
2024-10-03;;Taeglich;IST;Realisiert;63146,89;6628,99;56517,9;2026-06-30;2026-09-30 22:26:31.322851
2024-10-04;;Taeglich;IST;Realisiert;7042,12;9404,96;-2362,8399999999992;2026-06-30;2026-09-30 22:26:31.322851
2024-10-05;;Taeglich;IST;Realisiert;31455,65;5013,12;26442,53;2026-06-30;2026-09-30 22:26:31.322851
2024-10-06;;Taeglich;IST;Realisiert;12658,9;35203,53;-22544,63;2026-06-30;2026-09-30 22:26:31.322851
2024-10-07;;Taeglich;IST;Realisiert;41160,59;1927,27;39233,32;2026-06-30;2026-09-30 22:26:31.322851
2024-10-08;;Taeglich;IST;Realisiert;7754,89;3991,89;3763,000000000001;2026-06-30;2026-09-30 22:26:31.322851
2024-10-09;;Taeglich;IST;Realisiert;11145,56;55030,68;-43885,12;2026-06-30;2026-09-30 22:26:31.322851
2024-10-10;;Taeglich;IST;Realisiert;5666,14;29205,05;-23538,91;2026-06-30;2026-09-30 22:26:31.322851
2024-10-11;;Taeglich;IST;Realisiert;13396,31;0,0;13396,31;2026-06-30;2026-09-30 22:26:31.322851
2024-10-12;;Taeglich;IST;Realisiert;86601,81;4020,07;82581,73999999999;2026-06-30;2026-09-30 22:26:31.322851
2024-10-13;;Taeglich;IST;Realisiert;9776,28;0,0;9776,28;2026-06-30;2026-09-30 22:26:31.322851
2024-10-14;;Taeglich;IST;Realisiert;15085,82;0,0;15085,82;2026-06-30;2026-09-30 22:26:31.322851
2024-10-15;;Taeglich;IST;Realisiert;8308,55;0,0;8308,55;2026-06-30;2026-09-30 22:26:31.322851
2024-10-16;;Taeglich;IST;Realisiert;41177,0;23486,22;17690,78;2026-06-30;2026-09-30 22:26:31.322851
2024-10-17;;Taeglich;IST;Realisiert;39062,44;0,0;39062,44;2026-06-30;2026-09-30 22:26:31.322851
2024-10-18;;Taeglich;IST;Realisiert;14849,86;7162,45;7687,410000000001;2026-06-30;2026-09-30 22:26:31.322851
2024-10-19;;Taeglich;IST;Realisiert;9912,67;47897,11;-37984,44;2026-06-30;2026-09-30 22:26:31.322851
2024-10-20;;Taeglich;IST;Realisiert;13668,39;0,0;13668,39;2026-06-30;2026-09-30 22:26:31.322851
2024-10-21;;Taeglich;IST;Realisiert;23372,43;0,0;23372,43;2026-06-30;2026-09-30 22:26:31.322851
2024-10-22;;Taeglich;IST;Realisiert;15755,86;89178,4;-73422,54;2026-06-30;2026-09-30 22:26:31.322851
2024-10-23;;Taeglich;IST;Realisiert;13003,51;10333,71;2669,800000000001;2026-06-30;2026-09-30 22:26:31.322851
2024-10-24;;Taeglich;IST;Realisiert;10002,68;4288,52;5714,16;2026-06-30;2026-09-30 22:26:31.322851
2024-10-25;;Taeglich;IST;Realisiert;8830,800000000001;0,0;8830,800000000001;2026-06-30;2026-09-30 22:26:31.322851
2024-10-26;;Taeglich;IST;Realisiert;10636,14;5705,639999999999;4930,5;2026-06-30;2026-09-30 22:26:31.322851
2024-10-27;;Taeglich;IST;Realisiert;18793,68;42141,43;-23347,75;2026-06-30;2026-09-30 22:26:31.322851
2024-10-28;;Taeglich;IST;Realisiert;14301,2;10161,62;4139,58;2026-06-30;2026-09-30 22:26:31.322851
2024-10-29;;Taeglich;IST;Realisiert;8411,5;119151,0;-110739,5;2026-06-30;2026-09-30 22:26:31.322851
2024-10-30;;Taeglich;IST;Realisiert;6791,48;15352,27;-8560,79;2026-06-30;2026-09-30 22:26:31.322851
2024-10-31;;Taeglich;IST;Realisiert;20064,92;0,0;20064,92;2026-06-30;2026-09-30 22:26:31.322851
2024-11-01;;Taeglich;IST;Realisiert;9856,19;0,0;9856,19;2026-06-30;2026-09-30 22:26:31.322851
2024-11-02;;Taeglich;IST;Realisiert;10519,14;54051,82;-43532,68;2026-06-30;2026-09-30 22:26:31.322851
2024-11-03;;Taeglich;IST;Realisiert;7382,99;0,0;7382,99;2026-06-30;2026-09-30 22:26:31.322851
2024-11-04;;Taeglich;IST;Realisiert;8718,44;0,0;8718,44;2026-06-30;2026-09-30 22:26:31.322851
2024-11-05;;Taeglich;IST;Realisiert;9987,45;0,0;9987,45;2026-06-30;2026-09-30 22:26:31.322851
2024-11-06;;Taeglich;IST;Realisiert;8587,69;0,0;8587,69;2026-06-30;2026-09-30 22:26:31.322851
2024-11-07;;Taeglich;IST;Realisiert;52962,38;0,0;52962,38;2026-06-30;2026-09-30 22:26:31.322851
2024-11-08;;Taeglich;IST;Realisiert;49240,53999999999;0,0;49240,53999999999;2026-06-30;2026-09-30 22:26:31.322851
2024-11-09;;Taeglich;IST;Realisiert;9402,57;63761,46;-54358,89;2026-06-30;2026-09-30 22:26:31.322851
2024-11-10;;Taeglich;IST;Realisiert;5970,99;0,0;5970,99;2026-06-30;2026-09-30 22:26:31.322851
2024-11-11;;Taeglich;IST;Realisiert;9925,16;0,0;9925,16;2026-06-30;2026-09-30 22:26:31.322851
2024-11-12;;Taeglich;IST;Realisiert;5015,63;0,0;5015,63;2026-06-30;2026-09-30 22:26:31.322851
2024-11-13;;Taeglich;IST;Realisiert;33402,59;9145,27;24257,32;2026-06-30;2026-09-30 22:26:31.322851
2024-11-14;;Taeglich;IST;Realisiert;8741,42;0,0;8741,42;2026-06-30;2026-09-30 22:26:31.322851
2024-11-15;;Taeglich;IST;Realisiert;12696,25;18483,97;-5787,720000000001;2026-06-30;2026-09-30 22:26:31.322851
2024-11-16;;Taeglich;IST;Realisiert;9261,91;54497,76;-45235,850000000006;2026-06-30;2026-09-30 22:26:31.322851
2024-11-17;;Taeglich;IST;Realisiert;7041,16;0,0;7041,16;2026-06-30;2026-09-30 22:26:31.322851
2024-11-18;;Taeglich;IST;Realisiert;70762,3;11846,87;58915,43000000001;2026-06-30;2026-09-30 22:26:31.322851
2024-11-19;;Taeglich;IST;Realisiert;78242,55;0,0;78242,55;2026-06-30;2026-09-30 22:26:31.322851
2024-11-20;;Taeglich;IST;Realisiert;11798,19;0,0;11798,19;2026-06-30;2026-09-30 22:26:31.322851
2024-11-21;;Taeglich;IST;Realisiert;7480,809999999999;47391,04;-39910,23;2026-06-30;2026-09-30 22:26:31.322851
2024-11-22;;Taeglich;IST;Realisiert;11477,28;44847,99;-33370,71;2026-06-30;2026-09-30 22:26:31.322851
2024-11-23;;Taeglich;IST;Realisiert;8584,05;38534,82;-29950,77;2026-06-30;2026-09-30 22:26:31.322851
2024-11-24;;Taeglich;IST;Realisiert;13067,4;0,0;13067,4;2026-06-30;2026-09-30 22:26:31.322851
2024-11-25;;Taeglich;IST;Realisiert;15098,32;5969,97;9128,35;2026-06-30;2026-09-30 22:26:31.322851
2024-11-26;;Taeglich;IST;Realisiert;60224,35;18449,21;41775,14;2026-06-30;2026-09-30 22:26:31.322851
2024-11-27;;Taeglich;IST;Realisiert;7718,2;0,0;7718,2;2026-06-30;2026-09-30 22:26:31.322851
2024-11-28;;Taeglich;IST;Realisiert;6477,55;48816,810000000005;-42339,26;2026-06-30;2026-09-30 22:26:31.322851
2024-11-29;;Taeglich;IST;Realisiert;24535,36;39903,07;-15367,71;2026-06-30;2026-09-30 22:26:31.322851
2024-11-30;;Taeglich;IST;Realisiert;27048,47;5677,81;21370,660000000003;2026-06-30;2026-09-30 22:26:31.322851
2024-12-01;;Taeglich;IST;Realisiert;29785,77;0,0;29785,77;2026-06-30;2026-09-30 22:26:31.322851
2024-12-02;;Taeglich;IST;Realisiert;9146,52;18547,12;-9400,6;2026-06-30;2026-09-30 22:26:31.322851
2024-12-03;;Taeglich;IST;Realisiert;3269,95;0,0;3269,95;2026-06-30;2026-09-30 22:26:31.322851
2024-12-04;;Taeglich;IST;Realisiert;13441,01;85254,79;-71813,78;2026-06-30;2026-09-30 22:26:31.322851
2024-12-05;;Taeglich;IST;Realisiert;40751,01;0,0;40751,01;2026-06-30;2026-09-30 22:26:31.322851
2024-12-06;;Taeglich;IST;Realisiert;81533,0;12724,61;68808,39;2026-06-30;2026-09-30 22:26:31.322851
2024-12-07;;Taeglich;IST;Realisiert;38738,44;120369,44;-81631,0;2026-06-30;2026-09-30 22:26:31.322851
2024-12-08;;Taeglich;IST;Realisiert;5108,74;55692,34;-50583,6;2026-06-30;2026-09-30 22:26:31.322851
2024-12-09;;Taeglich;IST;Realisiert;45222,29;26051,67;19170,620000000003;2026-06-30;2026-09-30 22:26:31.322851
2024-12-10;;Taeglich;IST;Realisiert;29849,17;47765,47;-17916,300000000003;2026-06-30;2026-09-30 22:26:31.322851
2024-12-11;;Taeglich;IST;Realisiert;58080,24;0,0;58080,24;2026-06-30;2026-09-30 22:26:31.322851
2024-12-12;;Taeglich;IST;Realisiert;7609,22;71505,51000000001;-63896,29000000001;2026-06-30;2026-09-30 22:26:31.322851
2024-12-13;;Taeglich;IST;Realisiert;5833,389999999999;46997,52;-41164,130000000005;2026-06-30;2026-09-30 22:26:31.322851
2024-12-14;;Taeglich;IST;Realisiert;10309,34;27830,63;-17521,29;2026-06-30;2026-09-30 22:26:31.322851
2024-12-15;;Taeglich;IST;Realisiert;10588,27;36319,73;-25731,460000000003;2026-06-30;2026-09-30 22:26:31.322851
2024-12-16;;Taeglich;IST;Realisiert;7355,35;0,0;7355,35;2026-06-30;2026-09-30 22:26:31.322851
2024-12-17;;Taeglich;IST;Realisiert;23930,35;8072,91;15857,44;2026-06-30;2026-09-30 22:26:31.322851
2024-12-18;;Taeglich;IST;Realisiert;46100,43;3557,64;42542,79;2026-06-30;2026-09-30 22:26:31.322851
2024-12-19;;Taeglich;IST;Realisiert;8817,67;23387,36;-14569,69;2026-06-30;2026-09-30 22:26:31.322851
2024-12-20;;Taeglich;IST;Realisiert;84441,56;26693,24;57748,32;2026-06-30;2026-09-30 22:26:31.322851
2024-12-21;;Taeglich;IST;Realisiert;24499,18;2489,37;22009,81;2026-06-30;2026-09-30 22:26:31.322851
2024-12-22;;Taeglich;IST;Realisiert;66297,97;29624,83;36673,14;2026-06-30;2026-09-30 22:26:31.322851
2024-12-23;;Taeglich;IST;Realisiert;76348,77;57106,96;19241,810000000005;2026-06-30;2026-09-30 22:26:31.322851
2024-12-24;;Taeglich;IST;Realisiert;26922,55;9112,75;17809,8;2026-06-30;2026-09-30 22:26:31.322851
2024-12-25;;Taeglich;IST;Realisiert;42336,69;0,0;42336,69;2026-06-30;2026-09-30 22:26:31.322851
2024-12-26;;Taeglich;IST;Realisiert;3997,63;0,0;3997,63;2026-06-30;2026-09-30 22:26:31.322851
2024-12-27;;Taeglich;IST;Realisiert;8675,23;2095,51;6579,719999999999;2026-06-30;2026-09-30 22:26:31.322851
2024-12-28;;Taeglich;IST;Realisiert;6342,34;6075,82;266,52000000000044;2026-06-30;2026-09-30 22:26:31.322851
2024-12-29;;Taeglich;IST;Realisiert;32920,47;2151,48;30768,99;2026-06-30;2026-09-30 22:26:31.322851
2024-12-30;;Taeglich;IST;Realisiert;21982,53;0,0;21982,53;2026-06-30;2026-09-30 22:26:31.322851
2024-12-31;;Taeglich;IST;Realisiert;18190,86;0,0;18190,86;2026-06-30;2026-09-30 22:26:31.322851
2025-01-01;;Taeglich;IST;Realisiert;44536,95;73571,37;-29034,42;2026-06-30;2026-09-30 22:26:31.322851
2025-01-02;;Taeglich;IST;Realisiert;63605,35;11918,21;51687,14;2026-06-30;2026-09-30 22:26:31.322851
2025-01-03;;Taeglich;IST;Realisiert;12535,39;26699,51;-14164,12;2026-06-30;2026-09-30 22:26:31.322851
2025-01-04;;Taeglich;IST;Realisiert;137946,52;0,0;137946,52;2026-06-30;2026-09-30 22:26:31.322851
2025-01-05;;Taeglich;IST;Realisiert;147087,86000000002;5509,37;141578,49000000002;2026-06-30;2026-09-30 22:26:31.322851
2025-01-06;;Taeglich;IST;Realisiert;31693,38;69833,11;-38139,73;2026-06-30;2026-09-30 22:26:31.322851
2025-01-07;;Taeglich;IST;Realisiert;76658,9;0,0;76658,9;2026-06-30;2026-09-30 22:26:31.322851
2025-01-08;;Taeglich;IST;Realisiert;4649,39;0,0;4649,39;2026-06-30;2026-09-30 22:26:31.322851
2025-01-09;;Taeglich;IST;Realisiert;3702,8;28795,25;-25092,45;2026-06-30;2026-09-30 22:26:31.322851
2025-01-10;;Taeglich;IST;Realisiert;14249,08;0,0;14249,08;2026-06-30;2026-09-30 22:26:31.322851
2025-01-11;;Taeglich;IST;Realisiert;70094,34;0,0;70094,34;2026-06-30;2026-09-30 22:26:31.322851
2025-01-12;;Taeglich;IST;Realisiert;7876,320000000001;54133,43;-46257,11;2026-06-30;2026-09-30 22:26:31.322851
2025-01-13;;Taeglich;IST;Realisiert;36941,74;7976,6;28965,14;2026-06-30;2026-09-30 22:26:31.322851
2025-01-14;;Taeglich;IST;Realisiert;22858,81;20294,800000000003;2564,0099999999984;2026-06-30;2026-09-30 22:26:31.322851
2025-01-15;;Taeglich;IST;Realisiert;2297,8300000000004;12077,71;-9779,88;2026-06-30;2026-09-30 22:26:31.322851
2025-01-16;;Taeglich;IST;Realisiert;20486,34;1774,91;18711,43;2026-06-30;2026-09-30 22:26:31.322851
2025-01-17;;Taeglich;IST;Realisiert;2373,63;0,0;2373,63;2026-06-30;2026-09-30 22:26:31.322851
2025-01-18;;Taeglich;IST;Realisiert;4215,52;0,0;4215,52;2026-06-30;2026-09-30 22:26:31.322851
2025-01-19;;Taeglich;IST;Realisiert;13228,89;0,0;13228,89;2026-06-30;2026-09-30 22:26:31.322851
2025-01-20;;Taeglich;IST;Realisiert;6737,0;0,0;6737,0;2026-06-30;2026-09-30 22:26:31.322851
2025-01-21;;Taeglich;IST;Realisiert;3946,44;0,0;3946,44;2026-06-30;2026-09-30 22:26:31.322851
2025-01-22;;Taeglich;IST;Realisiert;5684,570000000001;0,0;5684,570000000001;2026-06-30;2026-09-30 22:26:31.322851
2025-01-23;;Taeglich;IST;Realisiert;45491,32;10685,0;34806,32;2026-06-30;2026-09-30 22:26:31.322851
2025-01-24;;Taeglich;IST;Realisiert;55511,0;3969,35;51541,65;2026-06-30;2026-09-30 22:26:31.322851
2025-01-25;;Taeglich;IST;Realisiert;2400,71;0,0;2400,71;2026-06-30;2026-09-30 22:26:31.322851
2025-01-26;;Taeglich;IST;Realisiert;37678,56;0,0;37678,56;2026-06-30;2026-09-30 22:26:31.322851
2025-01-27;;Taeglich;IST;Realisiert;40339,96;24235,28;16104,68;2026-06-30;2026-09-30 22:26:31.322851
2025-01-28;;Taeglich;IST;Realisiert;53167,14;9564,67;43602,47;2026-06-30;2026-09-30 22:26:31.322851
2025-01-29;;Taeglich;IST;Realisiert;39281,15;0,0;39281,15;2026-06-30;2026-09-30 22:26:31.322851
2025-01-30;;Taeglich;IST;Realisiert;5087,06;38537,44;-33450,380000000005;2026-06-30;2026-09-30 22:26:31.322851
2025-01-31;;Taeglich;IST;Realisiert;18959,94;0,0;18959,94;2026-06-30;2026-09-30 22:26:31.322851
2025-02-01;;Taeglich;IST;Realisiert;4496,52;0,0;4496,52;2026-06-30;2026-09-30 22:26:31.322851
2025-02-02;;Taeglich;IST;Realisiert;3465,82;0,0;3465,82;2026-06-30;2026-09-30 22:26:31.322851
2025-02-03;;Taeglich;IST;Realisiert;3769,5;0,0;3769,5;2026-06-30;2026-09-30 22:26:31.322851
2025-02-04;;Taeglich;IST;Realisiert;4889,17;6087,03;-1197,8599999999997;2026-06-30;2026-09-30 22:26:31.322851
2025-02-05;;Taeglich;IST;Realisiert;7808,78;47416,41;-39607,630000000005;2026-06-30;2026-09-30 22:26:31.322851
2025-02-06;;Taeglich;IST;Realisiert;4158,08;0,0;4158,08;2026-06-30;2026-09-30 22:26:31.322851
2025-02-07;;Taeglich;IST;Realisiert;29009,11;0,0;29009,11;2026-06-30;2026-09-30 22:26:31.322851
2025-02-08;;Taeglich;IST;Realisiert;5131,34;0,0;5131,34;2026-06-30;2026-09-30 22:26:31.322851
2025-02-09;;Taeglich;IST;Realisiert;6003,81;0,0;6003,81;2026-06-30;2026-09-30 22:26:31.322851
2025-02-10;;Taeglich;IST;Realisiert;6090,81;11499,88;-5409,07;2026-06-30;2026-09-30 22:26:31.322851
2025-02-11;;Taeglich;IST;Realisiert;7879,08;1914,7;5964,38;2026-06-30;2026-09-30 22:26:31.322851
2025-02-12;;Taeglich;IST;Realisiert;114686,07;0,0;114686,07;2026-06-30;2026-09-30 22:26:31.322851
2025-02-13;;Taeglich;IST;Realisiert;5193,4800000000005;80732,29;-75538,81;2026-06-30;2026-09-30 22:26:31.322851
2025-02-14;;Taeglich;IST;Realisiert;18077,79;0,0;18077,79;2026-06-30;2026-09-30 22:26:31.322851
2025-02-15;;Taeglich;IST;Realisiert;35675,65;12129,19;23546,46;2026-06-30;2026-09-30 22:26:31.322851
2025-02-16;;Taeglich;IST;Realisiert;4949,13;4725,64;223,48999999999975;2026-06-30;2026-09-30 22:26:31.322851
2025-02-17;;Taeglich;IST;Realisiert;6085,4;0,0;6085,4;2026-06-30;2026-09-30 22:26:31.322851
2025-02-18;;Taeglich;IST;Realisiert;11830,57;53641,95;-41811,38;2026-06-30;2026-09-30 22:26:31.322851
2025-02-19;;Taeglich;IST;Realisiert;4899,75;0,0;4899,75;2026-06-30;2026-09-30 22:26:31.322851
2025-02-20;;Taeglich;IST;Realisiert;4337,54;0,0;4337,54;2026-06-30;2026-09-30 22:26:31.322851
2025-02-21;;Taeglich;IST;Realisiert;3038,7000000000003;9479,72;-6441,019999999999;2026-06-30;2026-09-30 22:26:31.322851
2025-02-22;;Taeglich;IST;Realisiert;2687,1;32752,1;-30065,0;2026-06-30;2026-09-30 22:26:31.322851
2025-02-23;;Taeglich;IST;Realisiert;9677,13;0,0;9677,13;2026-06-30;2026-09-30 22:26:31.322851
2025-02-24;;Taeglich;IST;Realisiert;4352,05;38835,53;-34483,48;2026-06-30;2026-09-30 22:26:31.322851
2025-02-25;;Taeglich;IST;Realisiert;18279,26;0,0;18279,26;2026-06-30;2026-09-30 22:26:31.322851
2025-02-26;;Taeglich;IST;Realisiert;4843,820000000001;9486,04;-4642,22;2026-06-30;2026-09-30 22:26:31.322851
2025-02-27;;Taeglich;IST;Realisiert;9755,97;23090,35;-13334,38;2026-06-30;2026-09-30 22:26:31.322851
2025-02-28;;Taeglich;IST;Realisiert;4802,53;0,0;4802,53;2026-06-30;2026-09-30 22:26:31.322851
2025-03-01;;Taeglich;IST;Realisiert;2964,11;96298,08;-93333,97;2026-06-30;2026-09-30 22:26:31.322851
2025-03-02;;Taeglich;IST;Realisiert;8848,6;21191,0;-12342,4;2026-06-30;2026-09-30 22:26:31.322851
2025-03-03;;Taeglich;IST;Realisiert;8642,77;20977,08;-12334,31;2026-06-30;2026-09-30 22:26:31.322851
2025-03-04;;Taeglich;IST;Realisiert;6854,08;0,0;6854,08;2026-06-30;2026-09-30 22:26:31.322851
2025-03-05;;Taeglich;IST;Realisiert;48336,51;0,0;48336,51;2026-06-30;2026-09-30 22:26:31.322851
2025-03-06;;Taeglich;IST;Realisiert;3447,69;0,0;3447,69;2026-06-30;2026-09-30 22:26:31.322851
2025-03-07;;Taeglich;IST;Realisiert;13607,74;0,0;13607,74;2026-06-30;2026-09-30 22:26:31.322851
2025-03-08;;Taeglich;IST;Realisiert;33456,47;0,0;33456,47;2026-06-30;2026-09-30 22:26:31.322851
2025-03-09;;Taeglich;IST;Realisiert;3857,86;33090,93;-29233,07;2026-06-30;2026-09-30 22:26:31.322851
2025-03-10;;Taeglich;IST;Realisiert;7564,16;0,0;7564,16;2026-06-30;2026-09-30 22:26:31.322851
2025-03-11;;Taeglich;IST;Realisiert;26925,160000000003;0,0;26925,160000000003;2026-06-30;2026-09-30 22:26:31.322851
2025-03-12;;Taeglich;IST;Realisiert;4481,26;0,0;4481,26;2026-06-30;2026-09-30 22:26:31.322851
2025-03-13;;Taeglich;IST;Realisiert;4641,360000000001;9120,76;-4479,4;2026-06-30;2026-09-30 22:26:31.322851
2025-03-14;;Taeglich;IST;Realisiert;30757,31;23126,16;7631,149999999998;2026-06-30;2026-09-30 22:26:31.322851
2025-03-15;;Taeglich;IST;Realisiert;14893,95;32739,44;-17845,489999999998;2026-06-30;2026-09-30 22:26:31.322851
2025-03-16;;Taeglich;IST;Realisiert;92740,1;2616,27;90123,83;2026-06-30;2026-09-30 22:26:31.322851
2025-03-17;;Taeglich;IST;Realisiert;6253,51;51812,42;-45558,91;2026-06-30;2026-09-30 22:26:31.322851
2025-03-18;;Taeglich;IST;Realisiert;7873,06;0,0;7873,06;2026-06-30;2026-09-30 22:26:31.322851
2025-03-19;;Taeglich;IST;Realisiert;64961,990000000005;0,0;64961,990000000005;2026-06-30;2026-09-30 22:26:31.322851
2025-03-20;;Taeglich;IST;Realisiert;4382,55;0,0;4382,55;2026-06-30;2026-09-30 22:26:31.322851
2025-03-21;;Taeglich;IST;Realisiert;78391,3;0,0;78391,3;2026-06-30;2026-09-30 22:26:31.322851
2025-03-22;;Taeglich;IST;Realisiert;7379,32;9048,01;-1668,6900000000005;2026-06-30;2026-09-30 22:26:31.322851
2025-03-23;;Taeglich;IST;Realisiert;47234,91;0,0;47234,91;2026-06-30;2026-09-30 22:26:31.322851
2025-03-24;;Taeglich;IST;Realisiert;41826,77;18111,6;23715,17;2026-06-30;2026-09-30 22:26:31.322851
2025-03-25;;Taeglich;IST;Realisiert;10129,8;0,0;10129,8;2026-06-30;2026-09-30 22:26:31.322851
2025-03-26;;Taeglich;IST;Realisiert;38701,75;4275,51;34426,24;2026-06-30;2026-09-30 22:26:31.322851
2025-03-27;;Taeglich;IST;Realisiert;5361,9;19403,67;-14041,77;2026-06-30;2026-09-30 22:26:31.322851
2025-03-28;;Taeglich;IST;Realisiert;28799,63;7550,07;21249,56;2026-06-30;2026-09-30 22:26:31.322851
2025-03-29;;Taeglich;IST;Realisiert;7283,42;9000,62;-1717,2000000000007;2026-06-30;2026-09-30 22:26:31.322851
2025-03-30;;Taeglich;IST;Realisiert;34564,74;0,0;34564,74;2026-06-30;2026-09-30 22:26:31.322851
2025-03-31;;Taeglich;IST;Realisiert;9872,32;19555,67;-9683,35;2026-06-30;2026-09-30 22:26:31.322851
2025-04-01;;Taeglich;IST;Realisiert;66307,69;0,0;66307,69;2026-06-30;2026-09-30 22:26:31.322851
2025-04-02;;Taeglich;IST;Realisiert;5580,57;28576,95;-22996,38;2026-06-30;2026-09-30 22:26:31.322851
2025-04-03;;Taeglich;IST;Realisiert;5345,65;25411,08;-20065,43;2026-06-30;2026-09-30 22:26:31.322851
2025-04-04;;Taeglich;IST;Realisiert;5811,17;0,0;5811,17;2026-06-30;2026-09-30 22:26:31.322851
2025-04-05;;Taeglich;IST;Realisiert;6059,03;0,0;6059,03;2026-06-30;2026-09-30 22:26:31.322851
2025-04-06;;Taeglich;IST;Realisiert;48043,26;0,0;48043,26;2026-06-30;2026-09-30 22:26:31.322851
2025-04-07;;Taeglich;IST;Realisiert;4547,68;0,0;4547,68;2026-06-30;2026-09-30 22:26:31.322851
2025-04-08;;Taeglich;IST;Realisiert;7988,6;25229,09;-17240,489999999998;2026-06-30;2026-09-30 22:26:31.322851
2025-04-09;;Taeglich;IST;Realisiert;44088,17;0,0;44088,17;2026-06-30;2026-09-30 22:26:31.322851
2025-04-10;;Taeglich;IST;Realisiert;9298,01;0,0;9298,01;2026-06-30;2026-09-30 22:26:31.322851
2025-04-11;;Taeglich;IST;Realisiert;8131,93;13692,84;-5560,91;2026-06-30;2026-09-30 22:26:31.322851
2025-04-12;;Taeglich;IST;Realisiert;12210,94;1791,36;10419,58;2026-06-30;2026-09-30 22:26:31.322851
2025-04-13;;Taeglich;IST;Realisiert;13022,26;58239,09;-45216,83;2026-06-30;2026-09-30 22:26:31.322851
2025-04-14;;Taeglich;IST;Realisiert;26356,16;0,0;26356,16;2026-06-30;2026-09-30 22:26:31.322851
2025-04-15;;Taeglich;IST;Realisiert;10842,18;0,0;10842,18;2026-06-30;2026-09-30 22:26:31.322851
2025-04-16;;Taeglich;IST;Realisiert;6221,59;49143,12;-42921,53;2026-06-30;2026-09-30 22:26:31.322851
2025-04-17;;Taeglich;IST;Realisiert;40945,19;0,0;40945,19;2026-06-30;2026-09-30 22:26:31.322851
2025-04-18;;Taeglich;IST;Realisiert;6427,88;0,0;6427,88;2026-06-30;2026-09-30 22:26:31.322851
2025-04-19;;Taeglich;IST;Realisiert;9805,74;35960,59;-26154,85;2026-06-30;2026-09-30 22:26:31.322851
2025-04-20;;Taeglich;IST;Realisiert;54147,24;0,0;54147,24;2026-06-30;2026-09-30 22:26:31.322851
2025-04-21;;Taeglich;IST;Realisiert;9615,66;0,0;9615,66;2026-06-30;2026-09-30 22:26:31.322851
2025-04-22;;Taeglich;IST;Realisiert;7903,45;9341,53;-1438,0800000000008;2026-06-30;2026-09-30 22:26:31.322851
2025-04-23;;Taeglich;IST;Realisiert;12823,86;0,0;12823,86;2026-06-30;2026-09-30 22:26:31.322851
2025-04-24;;Taeglich;IST;Realisiert;13088,03;22684,46;-9596,429999999998;2026-06-30;2026-09-30 22:26:31.322851
2025-04-25;;Taeglich;IST;Realisiert;10507,6;0,0;10507,6;2026-06-30;2026-09-30 22:26:31.322851
2025-04-26;;Taeglich;IST;Realisiert;8123,54;0,0;8123,54;2026-06-30;2026-09-30 22:26:31.322851
2025-04-27;;Taeglich;IST;Realisiert;73303,34;0,0;73303,34;2026-06-30;2026-09-30 22:26:31.322851
2025-04-28;;Taeglich;IST;Realisiert;8580,74;0,0;8580,74;2026-06-30;2026-09-30 22:26:31.322851
2025-04-29;;Taeglich;IST;Realisiert;9493,66;0,0;9493,66;2026-06-30;2026-09-30 22:26:31.322851
2025-04-30;;Taeglich;IST;Realisiert;5645,7;0,0;5645,7;2026-06-30;2026-09-30 22:26:31.322851
2025-05-01;;Taeglich;IST;Realisiert;10183,82;22985,97;-12802,15;2026-06-30;2026-09-30 22:26:31.322851
2025-05-02;;Taeglich;IST;Realisiert;12024,92;0,0;12024,92;2026-06-30;2026-09-30 22:26:31.322851
2025-05-03;;Taeglich;IST;Realisiert;7225,09;0,0;7225,09;2026-06-30;2026-09-30 22:26:31.322851
2025-05-04;;Taeglich;IST;Realisiert;7513,3;0,0;7513,3;2026-06-30;2026-09-30 22:26:31.322851
2025-05-05;;Taeglich;IST;Realisiert;7382,02;0,0;7382,02;2026-06-30;2026-09-30 22:26:31.322851
2025-05-06;;Taeglich;IST;Realisiert;6598,26;0,0;6598,26;2026-06-30;2026-09-30 22:26:31.322851
2025-05-07;;Taeglich;IST;Realisiert;7718,1;26358,63;-18640,53;2026-06-30;2026-09-30 22:26:31.322851
2025-05-08;;Taeglich;IST;Realisiert;42829,68;39848,64;2981,040000000001;2026-06-30;2026-09-30 22:26:31.322851
2025-05-09;;Taeglich;IST;Realisiert;9720,82;4276,22;5444,599999999999;2026-06-30;2026-09-30 22:26:31.322851
2025-05-10;;Taeglich;IST;Realisiert;9484,31;0,0;9484,31;2026-06-30;2026-09-30 22:26:31.322851
2025-05-11;;Taeglich;IST;Realisiert;50220,13;23275,3;26944,83;2026-06-30;2026-09-30 22:26:31.322851
2025-05-12;;Taeglich;IST;Realisiert;15015,91;0,0;15015,91;2026-06-30;2026-09-30 22:26:31.322851
2025-05-13;;Taeglich;IST;Realisiert;11747,02;170513,66;-158766,64;2026-06-30;2026-09-30 22:26:31.322851
2025-05-14;;Taeglich;IST;Realisiert;7835,29;36501,7;-28666,41;2026-06-30;2026-09-30 22:26:31.322851
2025-05-15;;Taeglich;IST;Realisiert;11035,35;51746,03;-40710,68;2026-06-30;2026-09-30 22:26:31.322851
2025-05-16;;Taeglich;IST;Realisiert;10439,59;3341,09;7098,5;2026-06-30;2026-09-30 22:26:31.322851
2025-05-17;;Taeglich;IST;Realisiert;10060,95;55534,61;-45473,66;2026-06-30;2026-09-30 22:26:31.322851
2025-05-18;;Taeglich;IST;Realisiert;9081,11;106886,48;-97805,37;2026-06-30;2026-09-30 22:26:31.322851
2025-05-19;;Taeglich;IST;Realisiert;7048,4800000000005;0,0;7048,4800000000005;2026-06-30;2026-09-30 22:26:31.322851
2025-05-20;;Taeglich;IST;Realisiert;34474,29;81981,62;-47507,33;2026-06-30;2026-09-30 22:26:31.322851
2025-05-21;;Taeglich;IST;Realisiert;8703,97;36113,34;-27409,369999999995;2026-06-30;2026-09-30 22:26:31.322851
2025-05-22;;Taeglich;IST;Realisiert;20165,89;0,0;20165,89;2026-06-30;2026-09-30 22:26:31.322851
2025-05-23;;Taeglich;IST;Realisiert;106971,73;91705,7;15266,03;2026-06-30;2026-09-30 22:26:31.322851
2025-05-24;;Taeglich;IST;Realisiert;8568,26;40066,8;-31498,54;2026-06-30;2026-09-30 22:26:31.322851
2025-05-25;;Taeglich;IST;Realisiert;44853,43;52142,740000000005;-7289,310000000005;2026-06-30;2026-09-30 22:26:31.322851
2025-05-26;;Taeglich;IST;Realisiert;5907,67;29141,96;-23234,29;2026-06-30;2026-09-30 22:26:31.322851
2025-05-27;;Taeglich;IST;Realisiert;8032,26;0,0;8032,26;2026-06-30;2026-09-30 22:26:31.322851
2025-05-28;;Taeglich;IST;Realisiert;50766,34;54014,52;-3248,1800000000003;2026-06-30;2026-09-30 22:26:31.322851
2025-05-29;;Taeglich;IST;Realisiert;50897,170000000006;43269,68;7627,490000000005;2026-06-30;2026-09-30 22:26:31.322851
2025-05-30;;Taeglich;IST;Realisiert;64909,81;0,0;64909,81;2026-06-30;2026-09-30 22:26:31.322851
2025-05-31;;Taeglich;IST;Realisiert;115998,56;29984,21;86014,35;2026-06-30;2026-09-30 22:26:31.322851
2025-06-01;;Taeglich;IST;Realisiert;15305,39;32789,47;-17484,08;2026-06-30;2026-09-30 22:26:31.322851
2025-06-02;;Taeglich;IST;Realisiert;49183,48;19934,32;29249,16;2026-06-30;2026-09-30 22:26:31.322851
2025-06-03;;Taeglich;IST;Realisiert;19005,43;36298,76;-17293,33;2026-06-30;2026-09-30 22:26:31.322851
2025-06-04;;Taeglich;IST;Realisiert;73093,7;43913,01;29180,689999999995;2026-06-30;2026-09-30 22:26:31.322851
2025-06-05;;Taeglich;IST;Realisiert;140700,68;64729,65;75971,03;2026-06-30;2026-09-30 22:26:31.322851
2025-06-06;;Taeglich;IST;Realisiert;89189,76999999999;0,0;89189,76999999999;2026-06-30;2026-09-30 22:26:31.322851
2025-06-07;;Taeglich;IST;Realisiert;12881,63;38053,0;-25171,370000000003;2026-06-30;2026-09-30 22:26:31.322851
2025-06-08;;Taeglich;IST;Realisiert;40235,99;22360,51;17875,48;2026-06-30;2026-09-30 22:26:31.322851
2025-06-09;;Taeglich;IST;Realisiert;7301,969999999999;114829,09;-107527,12;2026-06-30;2026-09-30 22:26:31.322851
2025-06-10;;Taeglich;IST;Realisiert;66671,97;36566,14;30105,83;2026-06-30;2026-09-30 22:26:31.322851
2025-06-11;;Taeglich;IST;Realisiert;84671,36;21694,82;62976,54;2026-06-30;2026-09-30 22:26:31.322851
2025-06-12;;Taeglich;IST;Realisiert;60108,44;170788,12;-110679,68;2026-06-30;2026-09-30 22:26:31.322851
2025-06-13;;Taeglich;IST;Realisiert;34652,1;4543,57;30108,53;2026-06-30;2026-09-30 22:26:31.322851
2025-06-14;;Taeglich;IST;Realisiert;56580,8;52306,9;4273,900000000009;2026-06-30;2026-09-30 22:26:31.322851
2025-06-15;;Taeglich;IST;Realisiert;35813,26;106389,95;-70576,69;2026-06-30;2026-09-30 22:26:31.322851
2025-06-16;;Taeglich;IST;Realisiert;18187,65;93789,85;-75602,20000000001;2026-06-30;2026-09-30 22:26:31.322851
2025-06-17;;Taeglich;IST;Realisiert;45374,93;67404,72;-22029,79;2026-06-30;2026-09-30 22:26:31.322851
2025-06-18;;Taeglich;IST;Realisiert;101469,04;0,0;101469,04;2026-06-30;2026-09-30 22:26:31.322851
2025-06-19;;Taeglich;IST;Realisiert;85013,33;46524,93;38488,4;2026-06-30;2026-09-30 22:26:31.322851
2025-06-20;;Taeglich;IST;Realisiert;42825,38;32730,39;10094,989999999998;2026-06-30;2026-09-30 22:26:31.322851
2025-06-21;;Taeglich;IST;Realisiert;161169,34;49850,38;111318,96;2026-06-30;2026-09-30 22:26:31.322851
2025-06-22;;Taeglich;IST;Realisiert;158616,76;0,0;158616,76;2026-06-30;2026-09-30 22:26:31.322851
2025-06-23;;Taeglich;IST;Realisiert;61500,600000000006;25021,96;36478,64000000001;2026-06-30;2026-09-30 22:26:31.322851
2025-06-24;;Taeglich;IST;Realisiert;84158,06999999999;48385,7;35772,369999999995;2026-06-30;2026-09-30 22:26:31.322851
2025-06-25;;Taeglich;IST;Realisiert;5372,24;103077,24;-97705,0;2026-06-30;2026-09-30 22:26:31.322851
2025-06-26;;Taeglich;IST;Realisiert;57533,14;24435,4;33097,74;2026-06-30;2026-09-30 22:26:31.322851
2025-06-27;;Taeglich;IST;Realisiert;9973,03;24237,56;-14264,53;2026-06-30;2026-09-30 22:26:31.322851
2025-06-28;;Taeglich;IST;Realisiert;110843,57;0,0;110843,57;2026-06-30;2026-09-30 22:26:31.322851
2025-06-29;;Taeglich;IST;Realisiert;23418,800000000003;70701,72;-47282,92;2026-06-30;2026-09-30 22:26:31.322851
2025-06-30;;Taeglich;IST;Realisiert;44720,39;20581,9;24138,49;2026-06-30;2026-09-30 22:26:31.322851
2025-07-01;;Taeglich;IST;Realisiert;33834,59;0,0;33834,59;2026-06-30;2026-09-30 22:26:31.322851
2025-07-02;;Taeglich;IST;Realisiert;5478,69;50079,93;-44601,24;2026-06-30;2026-09-30 22:26:31.322851
2025-07-03;;Taeglich;IST;Realisiert;205432,21;36254,45;169177,76;2026-06-30;2026-09-30 22:26:31.322851
2025-07-04;;Taeglich;IST;Realisiert;129094,67;76121,13;52973,54000000001;2026-06-30;2026-09-30 22:26:31.322851
2025-07-05;;Taeglich;IST;Realisiert;49826,33;15667,29;34159,04;2026-06-30;2026-09-30 22:26:31.322851
2025-07-06;;Taeglich;IST;Realisiert;6038,18;20281,53;-14243,35;2026-06-30;2026-09-30 22:26:31.322851
2025-07-07;;Taeglich;IST;Realisiert;50735,0;29433,49;21301,51;2026-06-30;2026-09-30 22:26:31.322851
2025-07-08;;Taeglich;IST;Realisiert;33150,35;82169,32;-49018,97000000001;2026-06-30;2026-09-30 22:26:31.322851
2025-07-09;;Taeglich;IST;Realisiert;57440,52;61268,08;-3827,5599999999977;2026-06-30;2026-09-30 22:26:31.322851
2025-07-10;;Taeglich;IST;Realisiert;9383,85;4442,28;4941,570000000001;2026-06-30;2026-09-30 22:26:31.322851
2025-07-11;;Taeglich;IST;Realisiert;16021,0;47363,57;-31342,57;2026-06-30;2026-09-30 22:26:31.322851
2025-07-12;;Taeglich;IST;Realisiert;111827,51;89179,56;22647,95;2026-06-30;2026-09-30 22:26:31.322851
2025-07-13;;Taeglich;IST;Realisiert;5921,43;0,0;5921,43;2026-06-30;2026-09-30 22:26:31.322851
2025-07-14;;Taeglich;IST;Realisiert;21993,96;104207,88;-82213,92000000001;2026-06-30;2026-09-30 22:26:31.322851
2025-07-15;;Taeglich;IST;Realisiert;182468,23;9850,26;172617,97;2026-06-30;2026-09-30 22:26:31.322851
2025-07-16;;Taeglich;IST;Realisiert;57343,66;39702,07;17641,590000000004;2026-06-30;2026-09-30 22:26:31.322851
2025-07-17;;Taeglich;IST;Realisiert;14957,0;0,0;14957,0;2026-06-30;2026-09-30 22:26:31.322851
2025-07-18;;Taeglich;IST;Realisiert;68927,72;118925,99;-49998,26999999999;2026-06-30;2026-09-30 22:26:31.322851
2025-07-19;;Taeglich;IST;Realisiert;36444,06;65339,12;-28895,060000000005;2026-06-30;2026-09-30 22:26:31.322851
2025-07-20;;Taeglich;IST;Realisiert;41289,16;29084,15;12205,010000000002;2026-06-30;2026-09-30 22:26:31.322851
2025-07-21;;Taeglich;IST;Realisiert;94241,25;38882,1;55359,15;2026-06-30;2026-09-30 22:26:31.322851
2025-07-22;;Taeglich;IST;Realisiert;26331,92;6518,86;19813,06;2026-06-30;2026-09-30 22:26:31.322851
2025-07-23;;Taeglich;IST;Realisiert;5981,360000000001;25358,42;-19377,06;2026-06-30;2026-09-30 22:26:31.322851
2025-07-24;;Taeglich;IST;Realisiert;49800,52;35648,68;14151,840000000004;2026-06-30;2026-09-30 22:26:31.322851
2025-07-25;;Taeglich;IST;Realisiert;128762,66;1963,56;126799,1;2026-06-30;2026-09-30 22:26:31.322851
2025-07-26;;Taeglich;IST;Realisiert;73028,01;42243,52;30784,49;2026-06-30;2026-09-30 22:26:31.322851
2025-07-27;;Taeglich;IST;Realisiert;5062,12;135122,4;-130060,28;2026-06-30;2026-09-30 22:26:31.322851
2025-07-28;;Taeglich;IST;Realisiert;4720,36;0,0;4720,36;2026-06-30;2026-09-30 22:26:31.322851
2025-07-29;;Taeglich;IST;Realisiert;7889,82;6314,16;1575,66;2026-06-30;2026-09-30 22:26:31.322851
2025-07-30;;Taeglich;IST;Realisiert;33557,54;38768,44;-5210,9000000000015;2026-06-30;2026-09-30 22:26:31.322851
2025-07-31;;Taeglich;IST;Realisiert;48618,71;0,0;48618,71;2026-06-30;2026-09-30 22:26:31.322851
2025-08-01;;Taeglich;IST;Realisiert;8670,12;6333,5;2336,620000000001;2026-06-30;2026-09-30 22:26:31.322851
2025-08-02;;Taeglich;IST;Realisiert;72148,36;102552,1;-30403,740000000005;2026-06-30;2026-09-30 22:26:31.322851
2025-08-03;;Taeglich;IST;Realisiert;7306,200000000001;4368,36;2937,840000000001;2026-06-30;2026-09-30 22:26:31.322851
2025-08-04;;Taeglich;IST;Realisiert;7383,88;0,0;7383,88;2026-06-30;2026-09-30 22:26:31.322851
2025-08-05;;Taeglich;IST;Realisiert;63583,09;4713,81;58869,28;2026-06-30;2026-09-30 22:26:31.322851
2025-08-06;;Taeglich;IST;Realisiert;13076,16;48209,87;-35133,71000000001;2026-06-30;2026-09-30 22:26:31.322851
2025-08-07;;Taeglich;IST;Realisiert;34732,59;32725,38;2007,2099999999991;2026-06-30;2026-09-30 22:26:31.322851
2025-08-08;;Taeglich;IST;Realisiert;7506,85;0,0;7506,85;2026-06-30;2026-09-30 22:26:31.322851
2025-08-09;;Taeglich;IST;Realisiert;14696,57;47513,6;-32817,03;2026-06-30;2026-09-30 22:26:31.322851
2025-08-10;;Taeglich;IST;Realisiert;313202,46;34008,94;279193,52;2026-06-30;2026-09-30 22:26:31.322851
2025-08-11;;Taeglich;IST;Realisiert;48894,990000000005;29830,83;19064,160000000003;2026-06-30;2026-09-30 22:26:31.322851
2025-08-12;;Taeglich;IST;Realisiert;14918,98;0,0;14918,98;2026-06-30;2026-09-30 22:26:31.322851
2025-08-13;;Taeglich;IST;Realisiert;110427,94;2060,92;108367,02;2026-06-30;2026-09-30 22:26:31.322851
2025-08-14;;Taeglich;IST;Realisiert;13220,09;3657,71;9562,38;2026-06-30;2026-09-30 22:26:31.322851
2025-08-15;;Taeglich;IST;Realisiert;10371,48;0,0;10371,48;2026-06-30;2026-09-30 22:26:31.322851
2025-08-16;;Taeglich;IST;Realisiert;43188,97;0,0;43188,97;2026-06-30;2026-09-30 22:26:31.322851
2025-08-17;;Taeglich;IST;Realisiert;13349,31;40682,96;-27333,65;2026-06-30;2026-09-30 22:26:31.322851
2025-08-18;;Taeglich;IST;Realisiert;21160,210000000003;25500,61;-4340,399999999998;2026-06-30;2026-09-30 22:26:31.322851
2025-08-19;;Taeglich;IST;Realisiert;9982,56;11101,36;-1118,800000000001;2026-06-30;2026-09-30 22:26:31.322851
2025-08-20;;Taeglich;IST;Realisiert;5995,6;14231,74;-8236,14;2026-06-30;2026-09-30 22:26:31.322851
2025-08-21;;Taeglich;IST;Realisiert;92135,39;75360,43;16774,960000000006;2026-06-30;2026-09-30 22:26:31.322851
2025-08-22;;Taeglich;IST;Realisiert;7480,53;19341,12;-11860,59;2026-06-30;2026-09-30 22:26:31.322851
2025-08-23;;Taeglich;IST;Realisiert;13095,77;6185,0;6910,77;2026-06-30;2026-09-30 22:26:31.322851
2025-08-24;;Taeglich;IST;Realisiert;54108,59;10729,33;43379,26;2026-06-30;2026-09-30 22:26:31.322851
2025-08-25;;Taeglich;IST;Realisiert;16235,98;0,0;16235,98;2026-06-30;2026-09-30 22:26:31.322851
2025-08-26;;Taeglich;IST;Realisiert;20398,8;1917,43;18481,37;2026-06-30;2026-09-30 22:26:31.322851
2025-08-27;;Taeglich;IST;Realisiert;21683,47;66013,32;-44329,850000000006;2026-06-30;2026-09-30 22:26:31.322851
2025-08-28;;Taeglich;IST;Realisiert;4242,01;0,0;4242,01;2026-06-30;2026-09-30 22:26:31.322851
2025-08-29;;Taeglich;IST;Realisiert;91955,31;0,0;91955,31;2026-06-30;2026-09-30 22:26:31.322851
2025-08-30;;Taeglich;IST;Realisiert;4352,15;0,0;4352,15;2026-06-30;2026-09-30 22:26:31.322851
2025-08-31;;Taeglich;IST;Realisiert;7591,219999999999;7187,09;404,1299999999992;2026-06-30;2026-09-30 22:26:31.322851
2025-09-01;;Taeglich;IST;Realisiert;3878,89;0,0;3878,89;2026-06-30;2026-09-30 22:26:31.322851
2025-09-02;;Taeglich;IST;Realisiert;4203,94;1857,72;2346,22;2026-06-30;2026-09-30 22:26:31.322851
2025-09-03;;Taeglich;IST;Realisiert;13741,05;1882,66;11858,39;2026-06-30;2026-09-30 22:26:31.322851
2025-09-04;;Taeglich;IST;Realisiert;13255,12;0,0;13255,12;2026-06-30;2026-09-30 22:26:31.322851
2025-09-05;;Taeglich;IST;Realisiert;18820,77;0,0;18820,77;2026-06-30;2026-09-30 22:26:31.322851
2025-09-06;;Taeglich;IST;Realisiert;35782,53;0,0;35782,53;2026-06-30;2026-09-30 22:26:31.322851
2025-09-07;;Taeglich;IST;Realisiert;8712,39;0,0;8712,39;2026-06-30;2026-09-30 22:26:31.322851
2025-09-08;;Taeglich;IST;Realisiert;15235,07;56854,47;-41619,4;2026-06-30;2026-09-30 22:26:31.322851
2025-09-09;;Taeglich;IST;Realisiert;8544,27;129284,34;-120740,07;2026-06-30;2026-09-30 22:26:31.322851
2025-09-10;;Taeglich;IST;Realisiert;67961,97;4828,03;63133,94;2026-06-30;2026-09-30 22:26:31.322851
2025-09-11;;Taeglich;IST;Realisiert;11450,33;0,0;11450,33;2026-06-30;2026-09-30 22:26:31.322851
2025-09-12;;Taeglich;IST;Realisiert;33047,18;56754,87;-23707,689999999995;2026-06-30;2026-09-30 22:26:31.322851
2025-09-13;;Taeglich;IST;Realisiert;11714,78;3626,12;8088,660000000001;2026-06-30;2026-09-30 22:26:31.322851
2025-09-14;;Taeglich;IST;Realisiert;26853,67;1824,34;25029,33;2026-06-30;2026-09-30 22:26:31.322851
2025-09-15;;Taeglich;IST;Realisiert;27071,9;43121,68;-16049,780000000002;2026-06-30;2026-09-30 22:26:31.322851
2025-09-16;;Taeglich;IST;Realisiert;7927,0;16229,15;-8302,15;2026-06-30;2026-09-30 22:26:31.322851
2025-09-17;;Taeglich;IST;Realisiert;13847,1;0,0;13847,1;2026-06-30;2026-09-30 22:26:31.322851
2025-09-18;;Taeglich;IST;Realisiert;4154,75;12323,37;-8168,620000000001;2026-06-30;2026-09-30 22:26:31.322851
2025-09-19;;Taeglich;IST;Realisiert;24069,32;0,0;24069,32;2026-06-30;2026-09-30 22:26:31.322851
2025-09-20;;Taeglich;IST;Realisiert;75872,42;65765,48;10106,940000000002;2026-06-30;2026-09-30 22:26:31.322851
2025-09-21;;Taeglich;IST;Realisiert;95208,68;42000,22;53208,45999999999;2026-06-30;2026-09-30 22:26:31.322851
2025-09-22;;Taeglich;IST;Realisiert;7087,530000000001;0,0;7087,530000000001;2026-06-30;2026-09-30 22:26:31.322851
2025-09-23;;Taeglich;IST;Realisiert;7231,89;17632,25;-10400,36;2026-06-30;2026-09-30 22:26:31.322851
2025-09-24;;Taeglich;IST;Realisiert;39914,12;25863,09;14051,030000000002;2026-06-30;2026-09-30 22:26:31.322851
2025-09-25;;Taeglich;IST;Realisiert;93517,99;81556,84;11961,149999999994;2026-06-30;2026-09-30 22:26:31.322851
2025-09-26;;Taeglich;IST;Realisiert;91306,07;0,0;91306,07;2026-06-30;2026-09-30 22:26:31.322851
2025-09-27;;Taeglich;IST;Realisiert;10419,01;0,0;10419,01;2026-06-30;2026-09-30 22:26:31.322851
2025-09-28;;Taeglich;IST;Realisiert;13636,3;95611,98;-81975,68000000001;2026-06-30;2026-09-30 22:26:31.322851
2025-09-29;;Taeglich;IST;Realisiert;12169,15;20640,14;-8470,99;2026-06-30;2026-09-30 22:26:31.322851
2025-09-30;;Taeglich;IST;Realisiert;45062,84;9846,12;35216,72;2026-06-30;2026-09-30 22:26:31.322851
2025-10-01;;Taeglich;IST;Realisiert;47111,45;0,0;47111,45;2026-06-30;2026-09-30 22:26:31.322851
2025-10-02;;Taeglich;IST;Realisiert;12760,57;4393,6;8366,97;2026-06-30;2026-09-30 22:26:31.322851
2025-10-03;;Taeglich;IST;Realisiert;30788,79;19167,11;11621,68;2026-06-30;2026-09-30 22:26:31.322851
2025-10-04;;Taeglich;IST;Realisiert;31390,95;0,0;31390,95;2026-06-30;2026-09-30 22:26:31.322851
2025-10-05;;Taeglich;IST;Realisiert;54468,310000000005;0,0;54468,310000000005;2026-06-30;2026-09-30 22:26:31.322851
2025-10-06;;Taeglich;IST;Realisiert;14379,85;0,0;14379,85;2026-06-30;2026-09-30 22:26:31.322851
2025-10-07;;Taeglich;IST;Realisiert;7979,87;0,0;7979,87;2026-06-30;2026-09-30 22:26:31.322851
2025-10-08;;Taeglich;IST;Realisiert;22867,39;0,0;22867,39;2026-06-30;2026-09-30 22:26:31.322851
2025-10-09;;Taeglich;IST;Realisiert;3818,27;8422,08;-4603,81;2026-06-30;2026-09-30 22:26:31.322851
2025-10-10;;Taeglich;IST;Realisiert;26084,36;12397,16;13687,199999999995;2026-06-30;2026-09-30 22:26:31.322851
2025-10-11;;Taeglich;IST;Realisiert;8426,17;0,0;8426,17;2026-06-30;2026-09-30 22:26:31.322851
2025-10-12;;Taeglich;IST;Realisiert;193952,76;2132,1;191820,66;2026-06-30;2026-09-30 22:26:31.322851
2025-10-13;;Taeglich;IST;Realisiert;9683,37;1944,92;7738,450000000001;2026-06-30;2026-09-30 22:26:31.322851
2025-10-14;;Taeglich;IST;Realisiert;54164,7;25935,76;28228,94000000001;2026-06-30;2026-09-30 22:26:31.322851
2025-10-15;;Taeglich;IST;Realisiert;8690,33;1916,1;6774,23;2026-06-30;2026-09-30 22:26:31.322851
2025-10-16;;Taeglich;IST;Realisiert;6742,9;12393,64;-5650,74;2026-06-30;2026-09-30 22:26:31.322851
2025-10-17;;Taeglich;IST;Realisiert;11003,15;8087,93;2915,22;2026-06-30;2026-09-30 22:26:31.322851
2025-10-18;;Taeglich;IST;Realisiert;13903,88;0,0;13903,88;2026-06-30;2026-09-30 22:26:31.322851
2025-10-19;;Taeglich;IST;Realisiert;33760,4;17255,56;16504,84;2026-06-30;2026-09-30 22:26:31.322851
2025-10-20;;Taeglich;IST;Realisiert;20752,9;12017,27;8735,630000000001;2026-06-30;2026-09-30 22:26:31.322851
2025-10-21;;Taeglich;IST;Realisiert;97090,7;27954,78;69135,92;2026-06-30;2026-09-30 22:26:31.322851
2025-10-22;;Taeglich;IST;Realisiert;24500,93;0,0;24500,93;2026-06-30;2026-09-30 22:26:31.322851
2025-10-23;;Taeglich;IST;Realisiert;46931,75;0,0;46931,75;2026-06-30;2026-09-30 22:26:31.322851
2025-10-24;;Taeglich;IST;Realisiert;10201,05;0,0;10201,05;2026-06-30;2026-09-30 22:26:31.322851
2025-10-25;;Taeglich;IST;Realisiert;107426,29;55763,12;51663,16999999999;2026-06-30;2026-09-30 22:26:31.322851
2025-10-26;;Taeglich;IST;Realisiert;10033,11;0,0;10033,11;2026-06-30;2026-09-30 22:26:31.322851
2025-10-27;;Taeglich;IST;Realisiert;9694,77;34752,99;-25058,22;2026-06-30;2026-09-30 22:26:31.322851
2025-10-28;;Taeglich;IST;Realisiert;26376,33;0,0;26376,33;2026-06-30;2026-09-30 22:26:31.322851
2025-10-29;;Taeglich;IST;Realisiert;26946,35;35314,08;-8367,730000000003;2026-06-30;2026-09-30 22:26:31.322851
2025-10-30;;Taeglich;IST;Realisiert;13751,01;0,0;13751,01;2026-06-30;2026-09-30 22:26:31.322851
2025-10-31;;Taeglich;IST;Realisiert;4126,28;36670,350000000006;-32544,070000000007;2026-06-30;2026-09-30 22:26:31.322851
2025-11-01;;Taeglich;IST;Realisiert;35236,22;0,0;35236,22;2026-06-30;2026-09-30 22:26:31.322851
2025-11-02;;Taeglich;IST;Realisiert;5580,03;56080,97;-50500,94;2026-06-30;2026-09-30 22:26:31.322851
2025-11-03;;Taeglich;IST;Realisiert;8561,68;0,0;8561,68;2026-06-30;2026-09-30 22:26:31.322851
2025-11-04;;Taeglich;IST;Realisiert;76657,95999999999;10453,1;66204,85999999999;2026-06-30;2026-09-30 22:26:31.322851
2025-11-05;;Taeglich;IST;Realisiert;8543,710000000001;0,0;8543,710000000001;2026-06-30;2026-09-30 22:26:31.322851
2025-11-06;;Taeglich;IST;Realisiert;63042,47000000001;51107,880000000005;11934,590000000004;2026-06-30;2026-09-30 22:26:31.322851
2025-11-07;;Taeglich;IST;Realisiert;46451,52;79773,25;-33321,73;2026-06-30;2026-09-30 22:26:31.322851
2025-11-08;;Taeglich;IST;Realisiert;9075,63;0,0;9075,63;2026-06-30;2026-09-30 22:26:31.322851
2025-11-09;;Taeglich;IST;Realisiert;8200,5;10718,23;-2517,73;2026-06-30;2026-09-30 22:26:31.322851
2025-11-10;;Taeglich;IST;Realisiert;36720,33;14864,47;21855,86;2026-06-30;2026-09-30 22:26:31.322851
2025-11-11;;Taeglich;IST;Realisiert;11598,6;19286,48;-7687,879999999999;2026-06-30;2026-09-30 22:26:31.322851
2025-11-12;;Taeglich;IST;Realisiert;36783,92;57820,79;-21036,870000000003;2026-06-30;2026-09-30 22:26:31.322851
2025-11-13;;Taeglich;IST;Realisiert;74922,45999999999;15994,09;58928,37;2026-06-30;2026-09-30 22:26:31.322851
2025-11-14;;Taeglich;IST;Realisiert;55798,57;70178,53;-14379,96;2026-06-30;2026-09-30 22:26:31.322851
2025-11-15;;Taeglich;IST;Realisiert;25800,23;46363,53;-20563,3;2026-06-30;2026-09-30 22:26:31.322851
2025-11-16;;Taeglich;IST;Realisiert;73593,99;26342,93;47251,060000000005;2026-06-30;2026-09-30 22:26:31.322851
2025-11-17;;Taeglich;IST;Realisiert;14289,71;46347,2;-32057,49;2026-06-30;2026-09-30 22:26:31.322851
2025-11-18;;Taeglich;IST;Realisiert;53196,29;74200,53;-21004,24;2026-06-30;2026-09-30 22:26:31.322851
2025-11-19;;Taeglich;IST;Realisiert;5713,81;0,0;5713,81;2026-06-30;2026-09-30 22:26:31.322851
2025-11-20;;Taeglich;IST;Realisiert;92817,09;27085,6;65731,48999999999;2026-06-30;2026-09-30 22:26:31.322851
2025-11-21;;Taeglich;IST;Realisiert;16240,58;37194,92;-20954,34;2026-06-30;2026-09-30 22:26:31.322851
2025-11-22;;Taeglich;IST;Realisiert;8439,89;139474,49;-131034,6;2026-06-30;2026-09-30 22:26:31.322851
2025-11-23;;Taeglich;IST;Realisiert;9218,13;37875,39;-28657,26;2026-06-30;2026-09-30 22:26:31.322851
2025-11-24;;Taeglich;IST;Realisiert;64461,92;47658,46;16803,46;2026-06-30;2026-09-30 22:26:31.322851
2025-11-25;;Taeglich;IST;Realisiert;21909,67;8949,619999999999;12960,050000000005;2026-06-30;2026-09-30 22:26:31.322851
2025-11-26;;Taeglich;IST;Realisiert;4616,9;60976,7;-56359,8;2026-06-30;2026-09-30 22:26:31.322851
2025-11-27;;Taeglich;IST;Realisiert;7318,02;162551,27;-155233,25;2026-06-30;2026-09-30 22:26:31.322851
2025-11-28;;Taeglich;IST;Realisiert;90714,83;0,0;90714,83;2026-06-30;2026-09-30 22:26:31.322851
2025-11-29;;Taeglich;IST;Realisiert;4836,15;0,0;4836,15;2026-06-30;2026-09-30 22:26:31.322851
2025-11-30;;Taeglich;IST;Realisiert;39709,47;0,0;39709,47;2026-06-30;2026-09-30 22:26:31.322851
2025-12-01;;Taeglich;IST;Realisiert;83691,08;5557,81;78133,27;2026-06-30;2026-09-30 22:26:31.322851
2025-12-02;;Taeglich;IST;Realisiert;24188,51;33576,23;-9387,72;2026-06-30;2026-09-30 22:26:31.322851
2025-12-03;;Taeglich;IST;Realisiert;4443,58;45748,08;-41304,5;2026-06-30;2026-09-30 22:26:31.322851
2025-12-04;;Taeglich;IST;Realisiert;103357,93;88398,26000000001;14959,669999999998;2026-06-30;2026-09-30 22:26:31.322851
2025-12-05;;Taeglich;IST;Realisiert;57457,91;30166,3;27291,610000000004;2026-06-30;2026-09-30 22:26:31.322851
2025-12-06;;Taeglich;IST;Realisiert;90690,93;10094,42;80596,51;2026-06-30;2026-09-30 22:26:31.322851
2025-12-07;;Taeglich;IST;Realisiert;20074,26;33643,7;-13569,439999999997;2026-06-30;2026-09-30 22:26:31.322851
2025-12-08;;Taeglich;IST;Realisiert;16304,59;69561,07;-53256,48000000001;2026-06-30;2026-09-30 22:26:31.322851
2025-12-09;;Taeglich;IST;Realisiert;4519,22;129743,03;-125223,81;2026-06-30;2026-09-30 22:26:31.322851
2025-12-10;;Taeglich;IST;Realisiert;59907,4;3264,29;56643,11;2026-06-30;2026-09-30 22:26:31.322851
2025-12-11;;Taeglich;IST;Realisiert;7506,91;14084,94;-6578,030000000001;2026-06-30;2026-09-30 22:26:31.322851
2025-12-12;;Taeglich;IST;Realisiert;63098,32;16077,82;47020,5;2026-06-30;2026-09-30 22:26:31.322851
2025-12-13;;Taeglich;IST;Realisiert;22331,19;13485,58;8845,609999999999;2026-06-30;2026-09-30 22:26:31.322851
2025-12-14;;Taeglich;IST;Realisiert;60388,71000000001;41851,1;18537,610000000008;2026-06-30;2026-09-30 22:26:31.322851
2025-12-15;;Taeglich;IST;Realisiert;55234,39;89076,38;-33841,990000000005;2026-06-30;2026-09-30 22:26:31.322851
2025-12-16;;Taeglich;IST;Realisiert;122434,59;23395,72;99038,87;2026-06-30;2026-09-30 22:26:31.322851
2025-12-17;;Taeglich;IST;Realisiert;97817,32;0,0;97817,32;2026-06-30;2026-09-30 22:26:31.322851
2025-12-18;;Taeglich;IST;Realisiert;71535,97;1885,84;69650,13;2026-06-30;2026-09-30 22:26:31.322851
2025-12-19;;Taeglich;IST;Realisiert;10753,28;8156,549999999999;2596,7300000000014;2026-06-30;2026-09-30 22:26:31.322851
2025-12-20;;Taeglich;IST;Realisiert;8822,51;12530,69;-3708,18;2026-06-30;2026-09-30 22:26:31.322851
2025-12-21;;Taeglich;IST;Realisiert;6085,04;55078,25;-48993,21;2026-06-30;2026-09-30 22:26:31.322851
2025-12-22;;Taeglich;IST;Realisiert;10798,45;49854,47;-39056,02;2026-06-30;2026-09-30 22:26:31.322851
2025-12-23;;Taeglich;IST;Realisiert;86535,72;10994,69;75541,03;2026-06-30;2026-09-30 22:26:31.322851
2025-12-24;;Taeglich;IST;Realisiert;108894,22;12743,41;96150,81;2026-06-30;2026-09-30 22:26:31.322851
2025-12-25;;Taeglich;IST;Realisiert;62991,76;0,0;62991,76;2026-06-30;2026-09-30 22:26:31.322851
2025-12-26;;Taeglich;IST;Realisiert;198689,28;14676,38;184012,9;2026-06-30;2026-09-30 22:26:31.322851
2025-12-27;;Taeglich;IST;Realisiert;75624,54000000001;5871,67;69752,87000000001;2026-06-30;2026-09-30 22:26:31.322851
2025-12-28;;Taeglich;IST;Realisiert;115390,95;88999,05;26391,899999999998;2026-06-30;2026-09-30 22:26:31.322851
2025-12-29;;Taeglich;IST;Realisiert;29598,39;73099,54;-43501,15;2026-06-30;2026-09-30 22:26:31.322851
2025-12-30;;Taeglich;IST;Realisiert;5399,17;0,0;5399,17;2026-06-30;2026-09-30 22:26:31.322851
2025-12-31;;Taeglich;IST;Realisiert;8643,34;45122,27;-36478,92999999999;2026-06-30;2026-09-30 22:26:31.322851
2026-01-01;;Taeglich;IST;Realisiert;37126,16;61191,42;-24065,26;2026-06-30;2026-09-30 22:26:31.322851
2026-01-02;;Taeglich;IST;Realisiert;6607,81;22059,12;-15451,309999999998;2026-06-30;2026-09-30 22:26:31.322851
2026-01-03;;Taeglich;IST;Realisiert;7320,630000000001;21037,29;-13716,66;2026-06-30;2026-09-30 22:26:31.322851
2026-01-04;;Taeglich;IST;Realisiert;103954,19;35561,98;68392,21;2026-06-30;2026-09-30 22:26:31.322851
2026-01-05;;Taeglich;IST;Realisiert;54797,79;0,0;54797,79;2026-06-30;2026-09-30 22:26:31.322851
2026-01-06;;Taeglich;IST;Realisiert;3876,85;60065,19;-56188,34;2026-06-30;2026-09-30 22:26:31.322851
2026-01-07;;Taeglich;IST;Realisiert;25558,83;0,0;25558,83;2026-06-30;2026-09-30 22:26:31.322851
2026-01-08;;Taeglich;IST;Realisiert;20339,74;6901,18;13438,56;2026-06-30;2026-09-30 22:26:31.322851
2026-01-09;;Taeglich;IST;Realisiert;125159,14;0,0;125159,14;2026-06-30;2026-09-30 22:26:31.322851
2026-01-10;;Taeglich;IST;Realisiert;6279,08;0,0;6279,08;2026-06-30;2026-09-30 22:26:31.322851
2026-01-11;;Taeglich;IST;Realisiert;4849,7;14174,3;-9324,6;2026-06-30;2026-09-30 22:26:31.322851
2026-01-12;;Taeglich;IST;Realisiert;6209,93;43162,13;-36952,2;2026-06-30;2026-09-30 22:26:31.322851
2026-01-13;;Taeglich;IST;Realisiert;38277,77;0,0;38277,77;2026-06-30;2026-09-30 22:26:31.322851
2026-01-14;;Taeglich;IST;Realisiert;26802,13;14562,88;12239,250000000002;2026-06-30;2026-09-30 22:26:31.322851
2026-01-15;;Taeglich;IST;Realisiert;21532,03;56784,21;-35252,18;2026-06-30;2026-09-30 22:26:31.322851
2026-01-16;;Taeglich;IST;Realisiert;32279,04;1886,82;30392,22;2026-06-30;2026-09-30 22:26:31.322851
2026-01-17;;Taeglich;IST;Realisiert;85640,81;0,0;85640,81;2026-06-30;2026-09-30 22:26:31.322851
2026-01-18;;Taeglich;IST;Realisiert;59629,5;6052,6;53576,9;2026-06-30;2026-09-30 22:26:31.322851
2026-01-19;;Taeglich;IST;Realisiert;28824,980000000003;0,0;28824,980000000003;2026-06-30;2026-09-30 22:26:31.322851
2026-01-20;;Taeglich;IST;Realisiert;15113,61;0,0;15113,61;2026-06-30;2026-09-30 22:26:31.322851
2026-01-21;;Taeglich;IST;Realisiert;3682,36;0,0;3682,36;2026-06-30;2026-09-30 22:26:31.322851
2026-01-22;;Taeglich;IST;Realisiert;22031,54;11414,93;10616,61;2026-06-30;2026-09-30 22:26:31.322851
2026-01-23;;Taeglich;IST;Realisiert;23626,92;0,0;23626,92;2026-06-30;2026-09-30 22:26:31.322851
2026-01-24;;Taeglich;IST;Realisiert;5670,8;2998,29;2672,51;2026-06-30;2026-09-30 22:26:31.322851
2026-01-25;;Taeglich;IST;Realisiert;4146,2;0,0;4146,2;2026-06-30;2026-09-30 22:26:31.322851
2026-01-26;;Taeglich;IST;Realisiert;51350,79;23247,29;28103,5;2026-06-30;2026-09-30 22:26:31.322851
2026-01-27;;Taeglich;IST;Realisiert;5021,67;32079,84;-27058,17;2026-06-30;2026-09-30 22:26:31.322851
2026-01-28;;Taeglich;IST;Realisiert;4239,12;17194,44;-12955,32;2026-06-30;2026-09-30 22:26:31.322851
2026-01-29;;Taeglich;IST;Realisiert;1889,16;0,0;1889,16;2026-06-30;2026-09-30 22:26:31.322851
2026-01-30;;Taeglich;IST;Realisiert;5054,349999999999;16434,4;-11380,050000000005;2026-06-30;2026-09-30 22:26:31.322851
2026-01-31;;Taeglich;IST;Realisiert;5263,26;0,0;5263,26;2026-06-30;2026-09-30 22:26:31.322851
2026-02-01;;Taeglich;IST;Realisiert;1826,36;0,0;1826,36;2026-06-30;2026-09-30 22:26:31.322851
2026-02-02;;Taeglich;IST;Realisiert;4362,19;0,0;4362,19;2026-06-30;2026-09-30 22:26:31.322851
2026-02-03;;Taeglich;IST;Realisiert;6618,21;0,0;6618,21;2026-06-30;2026-09-30 22:26:31.322851
2026-02-04;;Taeglich;IST;Realisiert;19295,52;0,0;19295,52;2026-06-30;2026-09-30 22:26:31.322851
2026-02-05;;Taeglich;IST;Realisiert;3256,63;39336,86;-36080,23;2026-06-30;2026-09-30 22:26:31.322851
2026-02-06;;Taeglich;IST;Realisiert;13112,43;0,0;13112,43;2026-06-30;2026-09-30 22:26:31.322851
2026-02-07;;Taeglich;IST;Realisiert;6396,37;0,0;6396,37;2026-06-30;2026-09-30 22:26:31.322851
2026-02-08;;Taeglich;IST;Realisiert;4281,73;0,0;4281,73;2026-06-30;2026-09-30 22:26:31.322851
2026-02-09;;Taeglich;IST;Realisiert;5938,66;0,0;5938,66;2026-06-30;2026-09-30 22:26:31.322851
2026-02-10;;Taeglich;IST;Realisiert;4856,95;0,0;4856,95;2026-06-30;2026-09-30 22:26:31.322851
2026-02-11;;Taeglich;IST;Realisiert;9934,57;0,0;9934,57;2026-06-30;2026-09-30 22:26:31.322851
2026-02-12;;Taeglich;IST;Realisiert;5365,3;10699,13;-5333,829999999999;2026-06-30;2026-09-30 22:26:31.322851
2026-02-13;;Taeglich;IST;Realisiert;5176,59;0,0;5176,59;2026-06-30;2026-09-30 22:26:31.322851
2026-02-14;;Taeglich;IST;Realisiert;3128,58;0,0;3128,58;2026-06-30;2026-09-30 22:26:31.322851
2026-02-15;;Taeglich;IST;Realisiert;1622,04;0,0;1622,04;2026-06-30;2026-09-30 22:26:31.322851
2026-02-16;;Taeglich;IST;Realisiert;19620,03;36425,64;-16805,61;2026-06-30;2026-09-30 22:26:31.322851
2026-02-17;;Taeglich;IST;Realisiert;5530,37;0,0;5530,37;2026-06-30;2026-09-30 22:26:31.322851
2026-02-18;;Taeglich;IST;Realisiert;3745,98;0,0;3745,98;2026-06-30;2026-09-30 22:26:31.322851
2026-02-19;;Taeglich;IST;Realisiert;3621,64;19697,77;-16076,13;2026-06-30;2026-09-30 22:26:31.322851
2026-02-20;;Taeglich;IST;Realisiert;2492,95;0,0;2492,95;2026-06-30;2026-09-30 22:26:31.322851
2026-02-21;;Taeglich;IST;Realisiert;27220,5;70933,85;-43713,350000000006;2026-06-30;2026-09-30 22:26:31.322851
2026-02-22;;Taeglich;IST;Realisiert;18096,57;13256,64;4839,93;2026-06-30;2026-09-30 22:26:31.322851
2026-02-23;;Taeglich;IST;Realisiert;5480,3;0,0;5480,3;2026-06-30;2026-09-30 22:26:31.322851
2026-02-24;;Taeglich;IST;Realisiert;4850,09;0,0;4850,09;2026-06-30;2026-09-30 22:26:31.322851
2026-02-25;;Taeglich;IST;Realisiert;51977,22;0,0;51977,22;2026-06-30;2026-09-30 22:26:31.322851
2026-02-26;;Taeglich;IST;Realisiert;46083,09;0,0;46083,09;2026-06-30;2026-09-30 22:26:31.322851
2026-02-27;;Taeglich;IST;Realisiert;56150,560000000005;92155,37;-36004,810000000005;2026-06-30;2026-09-30 22:26:31.322851
2026-02-28;;Taeglich;IST;Realisiert;9329,64;0,0;9329,64;2026-06-30;2026-09-30 22:26:31.322851
2026-03-01;;Taeglich;IST;Realisiert;6987,02;0,0;6987,02;2026-06-30;2026-09-30 22:26:31.322851
2026-03-02;;Taeglich;IST;Realisiert;4790,84;1929,75;2861,09;2026-06-30;2026-09-30 22:26:31.322851
2026-03-03;;Taeglich;IST;Realisiert;55237,33;0,0;55237,33;2026-06-30;2026-09-30 22:26:31.322851
2026-03-04;;Taeglich;IST;Realisiert;49897,83;0,0;49897,83;2026-06-30;2026-09-30 22:26:31.322851
2026-03-05;;Taeglich;IST;Realisiert;6315,87;35855,95;-29540,08;2026-06-30;2026-09-30 22:26:31.322851
2026-03-06;;Taeglich;IST;Realisiert;7807,05;6600,43;1206,62;2026-06-30;2026-09-30 22:26:31.322851
2026-03-07;;Taeglich;IST;Realisiert;7878,150000000001;0,0;7878,150000000001;2026-06-30;2026-09-30 22:26:31.322851
2026-03-08;;Taeglich;IST;Realisiert;20617,54;2580,29;18037,25;2026-06-30;2026-09-30 22:26:31.322851
2026-03-09;;Taeglich;IST;Realisiert;21982,78;0,0;21982,78;2026-06-30;2026-09-30 22:26:31.322851
2026-03-10;;Taeglich;IST;Realisiert;4550,87;69895,5;-65344,63;2026-06-30;2026-09-30 22:26:31.322851
2026-03-11;;Taeglich;IST;Realisiert;7121,0;6588,41;532,5900000000001;2026-06-30;2026-09-30 22:26:31.322851
2026-03-12;;Taeglich;IST;Realisiert;1836,76;0,0;1836,76;2026-06-30;2026-09-30 22:26:31.322851
2026-03-13;;Taeglich;IST;Realisiert;5302,98;0,0;5302,98;2026-06-30;2026-09-30 22:26:31.322851
2026-03-14;;Taeglich;IST;Realisiert;3577,47;0,0;3577,47;2026-06-30;2026-09-30 22:26:31.322851
2026-03-15;;Taeglich;IST;Realisiert;20920,38;9755,1;11165,28;2026-06-30;2026-09-30 22:26:31.322851
2026-03-16;;Taeglich;IST;Realisiert;5855,27;0,0;5855,27;2026-06-30;2026-09-30 22:26:31.322851
2026-03-17;;Taeglich;IST;Realisiert;46245,74;0,0;46245,74;2026-06-30;2026-09-30 22:26:31.322851
2026-03-18;;Taeglich;IST;Realisiert;91961,1;0,0;91961,1;2026-06-30;2026-09-30 22:26:31.322851
2026-03-19;;Taeglich;IST;Realisiert;7036,02;0,0;7036,02;2026-06-30;2026-09-30 22:26:31.322851
2026-03-20;;Taeglich;IST;Realisiert;8682,21;0,0;8682,21;2026-06-30;2026-09-30 22:26:31.322851
2026-03-21;;Taeglich;IST;Realisiert;3603,71;95593,97;-91990,26;2026-06-30;2026-09-30 22:26:31.322851
2026-03-22;;Taeglich;IST;Realisiert;4236,91;0,0;4236,91;2026-06-30;2026-09-30 22:26:31.322851
2026-03-23;;Taeglich;IST;Realisiert;21113,29;0,0;21113,29;2026-06-30;2026-09-30 22:26:31.322851
2026-03-24;;Taeglich;IST;Realisiert;4675,52;0,0;4675,52;2026-06-30;2026-09-30 22:26:31.322851
2026-03-25;;Taeglich;IST;Realisiert;5178,51;0,0;5178,51;2026-06-30;2026-09-30 22:26:31.322851
2026-03-26;;Taeglich;IST;Realisiert;52424,62;0,0;52424,62;2026-06-30;2026-09-30 22:26:31.322851
2026-03-27;;Taeglich;IST;Realisiert;46633,47;0,0;46633,47;2026-06-30;2026-09-30 22:26:31.322851
2026-03-28;;Taeglich;IST;Realisiert;6000,81;0,0;6000,81;2026-06-30;2026-09-30 22:26:31.322851
2026-03-29;;Taeglich;IST;Realisiert;7189,31;0,0;7189,31;2026-06-30;2026-09-30 22:26:31.322851
2026-03-30;;Taeglich;IST;Realisiert;2701,64;0,0;2701,64;2026-06-30;2026-09-30 22:26:31.322851
2026-03-31;;Taeglich;IST;Realisiert;94662,82;28283,94;66378,87999999999;2026-06-30;2026-09-30 22:26:31.322851
2026-04-01;;Taeglich;IST;Realisiert;14036,92;0,0;14036,92;2026-06-30;2026-09-30 22:26:31.322851
2026-04-02;;Taeglich;IST;Realisiert;6632,55;0,0;6632,55;2026-06-30;2026-09-30 22:26:31.322851
2026-04-03;;Taeglich;IST;Realisiert;5768,21;4991,39;776,8199999999997;2026-06-30;2026-09-30 22:26:31.322851
2026-04-04;;Taeglich;IST;Realisiert;5906,24;0,0;5906,24;2026-06-30;2026-09-30 22:26:31.322851
2026-04-05;;Taeglich;IST;Realisiert;4988,0;20976,57;-15988,57;2026-06-30;2026-09-30 22:26:31.322851
2026-04-06;;Taeglich;IST;Realisiert;5099,17;38375,36;-33276,19;2026-06-30;2026-09-30 22:26:31.322851
2026-04-07;;Taeglich;IST;Realisiert;7816,32;0,0;7816,32;2026-06-30;2026-09-30 22:26:31.322851
2026-04-08;;Taeglich;IST;Realisiert;7341,1;0,0;7341,1;2026-06-30;2026-09-30 22:26:31.322851
2026-04-09;;Taeglich;IST;Realisiert;16287,32;0,0;16287,32;2026-06-30;2026-09-30 22:26:31.322851
2026-04-10;;Taeglich;IST;Realisiert;10860,21;0,0;10860,21;2026-06-30;2026-09-30 22:26:31.322851
2026-04-11;;Taeglich;IST;Realisiert;47804,15;0,0;47804,15;2026-06-30;2026-09-30 22:26:31.322851
2026-04-12;;Taeglich;IST;Realisiert;6516,39;0,0;6516,39;2026-06-30;2026-09-30 22:26:31.322851
2026-04-13;;Taeglich;IST;Realisiert;8953,539999999999;0,0;8953,539999999999;2026-06-30;2026-09-30 22:26:31.322851
2026-04-14;;Taeglich;IST;Realisiert;12481,69;0,0;12481,69;2026-06-30;2026-09-30 22:26:31.322851
2026-04-15;;Taeglich;IST;Realisiert;8801,28;68639,91;-59838,630000000005;2026-06-30;2026-09-30 22:26:31.322851
2026-04-16;;Taeglich;IST;Realisiert;9054,37;0,0;9054,37;2026-06-30;2026-09-30 22:26:31.322851
2026-04-17;;Taeglich;IST;Realisiert;7693,42;0,0;7693,42;2026-06-30;2026-09-30 22:26:31.322851
2026-04-18;;Taeglich;IST;Realisiert;6490,79;38532,48;-32041,69;2026-06-30;2026-09-30 22:26:31.322851
2026-04-19;;Taeglich;IST;Realisiert;8531,63;0,0;8531,63;2026-06-30;2026-09-30 22:26:31.322851
2026-04-20;;Taeglich;IST;Realisiert;10322,7;10962,32;-639,619999999999;2026-06-30;2026-09-30 22:26:31.322851
2026-04-21;;Taeglich;IST;Realisiert;60384,57;3694,53;56690,04;2026-06-30;2026-09-30 22:26:31.322851
2026-04-22;;Taeglich;IST;Realisiert;7740,5;27199,23;-19458,73;2026-06-30;2026-09-30 22:26:31.322851
2026-04-23;;Taeglich;IST;Realisiert;6880,93;0,0;6880,93;2026-06-30;2026-09-30 22:26:31.322851
2026-04-24;;Taeglich;IST;Realisiert;7903,69;42073,66;-34169,97;2026-06-30;2026-09-30 22:26:31.322851
2026-04-25;;Taeglich;IST;Realisiert;74538,4;0,0;74538,4;2026-06-30;2026-09-30 22:26:31.322851
2026-04-26;;Taeglich;IST;Realisiert;8164,98;2542,65;5622,33;2026-06-30;2026-09-30 22:26:31.322851
2026-04-27;;Taeglich;IST;Realisiert;7126,56;59390,86;-52264,3;2026-06-30;2026-09-30 22:26:31.322851
2026-04-28;;Taeglich;IST;Realisiert;23281,49;0,0;23281,49;2026-06-30;2026-09-30 22:26:31.322851
2026-04-29;;Taeglich;IST;Realisiert;13532,24;0,0;13532,24;2026-06-30;2026-09-30 22:26:31.322851
2026-04-30;;Taeglich;IST;Realisiert;16773,51;54777,41;-38003,90000000001;2026-06-30;2026-09-30 22:26:31.322851
2026-05-01;;Taeglich;IST;Realisiert;22026,21;27045,54;-5019,330000000002;2026-06-30;2026-09-30 22:26:31.322851
2026-05-02;;Taeglich;IST;Realisiert;8861,83;4374,06;4487,77;2026-06-30;2026-09-30 22:26:31.322851
2026-05-03;;Taeglich;IST;Realisiert;28019,06;0,0;28019,06;2026-06-30;2026-09-30 22:26:31.322851
2026-05-04;;Taeglich;IST;Realisiert;43322,56;7262,19;36060,37;2026-06-30;2026-09-30 22:26:31.322851
2026-05-05;;Taeglich;IST;Realisiert;49031,59;0,0;49031,59;2026-06-30;2026-09-30 22:26:31.322851
2026-05-06;;Taeglich;IST;Realisiert;7753,82;5448,84;2304,98;2026-06-30;2026-09-30 22:26:31.322851
2026-05-07;;Taeglich;IST;Realisiert;7628,5;0,0;7628,5;2026-06-30;2026-09-30 22:26:31.322851
2026-05-08;;Taeglich;IST;Realisiert;7497,78;0,0;7497,78;2026-06-30;2026-09-30 22:26:31.322851
2026-05-09;;Taeglich;IST;Realisiert;12754,37;54561,58;-41807,21000000001;2026-06-30;2026-09-30 22:26:31.322851
2026-05-10;;Taeglich;IST;Realisiert;5890,88;30062,12;-24171,24;2026-06-30;2026-09-30 22:26:31.322851
2026-05-11;;Taeglich;IST;Realisiert;5929,94;0,0;5929,94;2026-06-30;2026-09-30 22:26:31.322851
2026-05-12;;Taeglich;IST;Realisiert;86290,33;36396,17;49894,16;2026-06-30;2026-09-30 22:26:31.322851
2026-05-13;;Taeglich;IST;Realisiert;9661,29;0,0;9661,29;2026-06-30;2026-09-30 22:26:31.322851
2026-05-14;;Taeglich;IST;Realisiert;19164,69;124655,13;-105490,44;2026-06-30;2026-09-30 22:26:31.322851
2026-05-15;;Taeglich;IST;Realisiert;66295,86;0,0;66295,86;2026-06-30;2026-09-30 22:26:31.322851
2026-05-16;;Taeglich;IST;Realisiert;10666,82;0,0;10666,82;2026-06-30;2026-09-30 22:26:31.322851
2026-05-17;;Taeglich;IST;Realisiert;7010,04;0,0;7010,04;2026-06-30;2026-09-30 22:26:31.322851
2026-05-18;;Taeglich;IST;Realisiert;6824,91;5608,31;1216,5999999999997;2026-06-30;2026-09-30 22:26:31.322851
2026-05-19;;Taeglich;IST;Realisiert;17372,57;15714,5;1658,0699999999997;2026-06-30;2026-09-30 22:26:31.322851
2026-05-20;;Taeglich;IST;Realisiert;5587,16;32535,25;-26948,09;2026-06-30;2026-09-30 22:26:31.322851
2026-05-21;;Taeglich;IST;Realisiert;7995,12;20423,07;-12427,95;2026-06-30;2026-09-30 22:26:31.322851
2026-05-22;;Taeglich;IST;Realisiert;12398,07;40313,02;-27914,95;2026-06-30;2026-09-30 22:26:31.322851
2026-05-23;;Taeglich;IST;Realisiert;7834,3;75252,05;-67417,75;2026-06-30;2026-09-30 22:26:31.322851
2026-05-24;;Taeglich;IST;Realisiert;8465,23;0,0;8465,23;2026-06-30;2026-09-30 22:26:31.322851
2026-05-25;;Taeglich;IST;Realisiert;12635,76;23357,36;-10721,6;2026-06-30;2026-09-30 22:26:31.322851
2026-05-26;;Taeglich;IST;Realisiert;112618,2;134102,22;-21484,020000000004;2026-06-30;2026-09-30 22:26:31.322851
2026-05-27;;Taeglich;IST;Realisiert;8506,85;53060,18;-44553,33;2026-06-30;2026-09-30 22:26:31.322851
2026-05-28;;Taeglich;IST;Realisiert;5908,08;9901,41;-3993,33;2026-06-30;2026-09-30 22:26:31.322851
2026-05-29;;Taeglich;IST;Realisiert;8738,43;74297,73;-65559,29999999999;2026-06-30;2026-09-30 22:26:31.322851
2026-05-30;;Taeglich;IST;Realisiert;9863,47;54366,12;-44502,65;2026-06-30;2026-09-30 22:26:31.322851
2026-05-31;;Taeglich;IST;Realisiert;15436,06;29067,82;-13631,76;2026-06-30;2026-09-30 22:26:31.322851
2026-06-01;;Taeglich;IST;Realisiert;146222,78;38238,41;107984,37;2026-06-30;2026-09-30 22:26:31.322851
2026-06-02;;Taeglich;IST;Realisiert;11257,8;72897,38;-61639,58;2026-06-30;2026-09-30 22:26:31.322851
2026-06-03;;Taeglich;IST;Realisiert;4321,58;5942,33;-1620,75;2026-06-30;2026-09-30 22:26:31.322851
2026-06-04;;Taeglich;IST;Realisiert;9809,41;0,0;9809,41;2026-06-30;2026-09-30 22:26:31.322851
2026-06-05;;Taeglich;IST;Realisiert;8837,76;0,0;8837,76;2026-06-30;2026-09-30 22:26:31.322851
2026-06-06;;Taeglich;IST;Realisiert;53028,670000000006;0,0;53028,670000000006;2026-06-30;2026-09-30 22:26:31.322851
2026-06-07;;Taeglich;IST;Realisiert;39874,29;9928,26;29946,03;2026-06-30;2026-09-30 22:26:31.322851
2026-06-08;;Taeglich;IST;Realisiert;74026,26;65307,95;8718,30999999999;2026-06-30;2026-09-30 22:26:31.322851
2026-06-09;;Taeglich;IST;Realisiert;106497,34;0,0;106497,34;2026-06-30;2026-09-30 22:26:31.322851
2026-06-10;;Taeglich;IST;Realisiert;8246,06;0,0;8246,06;2026-06-30;2026-09-30 22:26:31.322851
2026-06-11;;Taeglich;IST;Realisiert;75015,41;0,0;75015,41;2026-06-30;2026-09-30 22:26:31.322851
2026-06-12;;Taeglich;IST;Realisiert;56450,77;0,0;56450,77;2026-06-30;2026-09-30 22:26:31.322851
2026-06-13;;Taeglich;IST;Realisiert;83783,42;29295,23;54488,19;2026-06-30;2026-09-30 22:26:31.322851
2026-06-14;;Taeglich;IST;Realisiert;103627,53;24790,58;78836,95;2026-06-30;2026-09-30 22:26:31.322851
2026-06-15;;Taeglich;IST;Realisiert;7379,1;65690,98000000001;-58311,88000000001;2026-06-30;2026-09-30 22:26:31.322851
2026-06-16;;Taeglich;IST;Realisiert;47769,66;100004,38;-52234,72000000001;2026-06-30;2026-09-30 22:26:31.322851
2026-06-17;;Taeglich;IST;Realisiert;39961,34;0,0;39961,34;2026-06-30;2026-09-30 22:26:31.322851
2026-06-18;;Taeglich;IST;Realisiert;111517,88;70830,44;40687,43999999999;2026-06-30;2026-09-30 22:26:31.322851
2026-06-19;;Taeglich;IST;Realisiert;90004,61;62628,55;27376,06;2026-06-30;2026-09-30 22:26:31.322851
2026-06-20;;Taeglich;IST;Realisiert;10658,8;87742,37;-77083,56999999999;2026-06-30;2026-09-30 22:26:31.322851
2026-06-21;;Taeglich;IST;Realisiert;29617,73;19824,15;9793,579999999998;2026-06-30;2026-09-30 22:26:31.322851
2026-06-22;;Taeglich;IST;Realisiert;35856,47;35543,53;312,9400000000023;2026-06-30;2026-09-30 22:26:31.322851
2026-06-23;;Taeglich;IST;Realisiert;62765,98;17626,54;45139,44;2026-06-30;2026-09-30 22:26:31.322851
2026-06-24;;Taeglich;IST;Realisiert;19909,42;51141,83;-31232,41;2026-06-30;2026-09-30 22:26:31.322851
2026-06-25;;Taeglich;IST;Realisiert;29059,0;0,0;29059,0;2026-06-30;2026-09-30 22:26:31.322851
2026-06-26;;Taeglich;IST;Realisiert;6772,4;13612,580000000002;-6840,180000000002;2026-06-30;2026-09-30 22:26:31.322851
2026-06-27;;Taeglich;IST;Realisiert;67170,95;52952,130000000005;14218,819999999992;2026-06-30;2026-09-30 22:26:31.322851
2026-06-28;;Taeglich;IST;Realisiert;71851,78;24847,3;47004,48;2026-06-30;2026-09-30 22:26:31.322851
2026-06-29;;Taeglich;IST;Realisiert;50762,68;108313,82;-57551,14000000001;2026-06-30;2026-09-30 22:26:31.322851
2026-06-30;;Taeglich;IST;Realisiert;0,0;123882,75;-123882,75;2026-06-30;2026-09-30 22:26:31.322851
2026-07-01;;Taeglich;SARIMA;Prognose;57347,15613791104;47354,81864997423;9992,337487936813;2026-06-30;2026-09-30 22:26:31.322851
2026-07-01;;Taeglich;XGBoost;Prognose;50562,32430542634;49053,70631519618;1508,6179902301592;2026-06-30;2026-09-30 22:26:31.322851
2026-07-02;;Taeglich;SARIMA;Prognose;61234,480441985754;46506,2773329922;14728,203108993555;2026-06-30;2026-09-30 22:26:31.322851
2026-07-02;;Taeglich;XGBoost;Prognose;53989,73318460971;48174,72297736074;5815,010207248968;2026-06-30;2026-09-30 22:26:31.322851
2026-07-03;;Taeglich;SARIMA;Prognose;64645,090279639706;40147,79104595907;24497,299233680635;2026-06-30;2026-09-30 22:26:31.322851
2026-07-03;;Taeglich;XGBoost;Prognose;56996,828432297756;41588,12149042853;15408,706941869226;2026-06-30;2026-09-30 22:26:31.322851
2026-07-04;;Taeglich;SARIMA;Prognose;55092,786793363215;45031,87870742247;10060,908085940748;2026-06-30;2026-09-30 22:26:31.322851
2026-07-04;;Taeglich;XGBoost;Prognose;48574,67292775175;46647,429256634685;1927,2436711170667;2026-06-30;2026-09-30 22:26:31.322851
2026-07-05;;Taeglich;SARIMA;Prognose;66845,57238741666;38406,325329796484;28439,247057620174;2026-06-30;2026-09-30 22:26:31.322851
2026-07-05;;Taeglich;XGBoost;Prognose;58936,96805655636;39784,17945804427;19152,78859851209;2026-06-30;2026-09-30 22:26:31.322851
2026-07-06;;Taeglich;SARIMA;Prognose;54561,24257078681;44255,09281496569;10306,14975582112;2026-06-30;2026-09-30 22:26:31.322851
2026-07-06;;Taeglich;XGBoost;Prognose;48106,01653439981;45842,77562001089;2263,2409143889163;2026-06-30;2026-09-30 22:26:31.322851
2026-07-07;;Taeglich;SARIMA;Prognose;66784,95120251708;44895,38006848019;21889,571134036894;2026-06-30;2026-09-30 22:26:31.322851
2026-07-07;;Taeglich;XGBoost;Prognose;58883,519058958285;46506,03363232472;12377,485426633568;2026-06-30;2026-09-30 22:26:31.322851
2026-07-08;;Taeglich;SARIMA;Prognose;47423,06308860524;52135,13399827188;-4712,07090966664;2026-06-30;2026-09-30 22:26:31.322851
2026-07-08;;Taeglich;XGBoost;Prognose;52570,01833787542;44941,92470870601;7628,093629169416;2026-06-30;2026-09-30 22:26:31.322851
2026-07-09;;Taeglich;SARIMA;Prognose;50637,67455555703;51200,935187567484;-563,2606320104533;2026-06-30;2026-09-30 22:26:31.322851
2026-07-09;;Taeglich;XGBoost;Prognose;56133,520413881255;44136,61954510881;11996,900868772442;2026-06-30;2026-09-30 22:26:31.322851
2026-07-10;;Taeglich;SARIMA;Prognose;53458,06838838664;44200,580333482816;9257,48805490382;2026-06-30;2026-09-30 22:26:31.322851
2026-07-10;;Taeglich;XGBoost;Prognose;59260,019333507335;38102,12041450476;21157,898919002575;2026-06-30;2026-09-30 22:26:31.322851
2026-07-11;;Taeglich;SARIMA;Prognose;45558,81895077198;49577,700802929256;-4018,8818521572757;2026-06-30;2026-09-30 22:26:31.322851
2026-07-11;;Taeglich;XGBoost;Prognose;50503,442664999515;42737,34669579741;7766,095969202106;2026-06-30;2026-09-30 22:26:31.322851
2026-07-12;;Taeglich;SARIMA;Prognose;55277,750633335265;42283,3193016832;12994,431331652064;2026-06-30;2026-09-30 22:26:31.322851
2026-07-12;;Taeglich;XGBoost;Prognose;61277,19668890766;36449,38847866797;24827,808210239687;2026-06-30;2026-09-30 22:26:31.322851
2026-07-13;;Taeglich;SARIMA;Prognose;45119,2600101158;48722,500894118646;-3603,240884002844;2026-06-30;2026-09-30 22:26:31.322851
2026-07-13;;Taeglich;XGBoost;Prognose;50016,17718559136;42000,14076641526;8016,036419176104;2026-06-30;2026-09-30 22:26:31.322851
2026-07-14;;Taeglich;SARIMA;Prognose;55227,620121735265;49427,42306911639;5800,197052618874;2026-06-30;2026-09-30 22:26:31.322851
2026-07-14;;Taeglich;XGBoost;Prognose;61221,62537523745;42607,8031407998;18613,822234437648;2026-06-30;2026-09-30 22:26:31.322851
2026-07-15;;Taeglich;SARIMA;Prognose;39751,93292413545;43710,02046889181;-3958,0875447563594;2026-06-30;2026-09-30 22:26:31.322851
2026-07-15;;Taeglich;XGBoost;Prognose;45091,89988413423;46400,320105433566;-1308,4202212993332;2026-06-30;2026-09-30 22:26:31.322851
2026-07-16;;Taeglich;SARIMA;Prognose;42446,550502351914;42926,78954559051;-480,2390432385946;2026-06-30;2026-09-30 22:26:31.322851
2026-07-16;;Taeglich;XGBoost;Prognose;48148,49152949779;45568,882252790165;2579,609276707626;2026-06-30;2026-09-30 22:26:31.322851
2026-07-17;;Taeglich;SARIMA;Prognose;44810,718887106195;37057,702223945;7753,016663161194;2026-06-30;2026-09-30 22:26:31.322851
2026-07-17;;Taeglich;XGBoost;Prognose;50830,24399466786;39338,559605265735;11491,684389402122;2026-06-30;2026-09-30 22:26:31.322851
2026-07-18;;Taeglich;SARIMA;Prognose;38189,24795410519;41565,872199896185;-3376,6242457909975;2026-06-30;2026-09-30 22:26:31.322851
2026-07-18;;Taeglich;XGBoost;Prognose;43319,29591155449;44124,20206733487;-804,9061557803798;2026-06-30;2026-09-30 22:26:31.322851
2026-07-19;;Taeglich;SARIMA;Prognose;46336,05027300351;35450,27336518447;10885,77690781904;2026-06-30;2026-09-30 22:26:31.322851
2026-07-19;;Taeglich;XGBoost;Prognose;52560,47659176629;37632,195417075;14928,281174691285;2026-06-30;2026-09-30 22:26:31.322851
2026-07-20;;Taeglich;SARIMA;Prognose;37820,79184040959;40848,873840970984;-3028,082000561393;2026-06-30;2026-09-30 22:26:31.322851
2026-07-20;;Taeglich;XGBoost;Prognose;42901,344255664786;43363,07331442391;-461,72905875912693;2026-06-30;2026-09-30 22:26:31.322851
2026-07-21;;Taeglich;SARIMA;Prognose;46294,028847039255;41439,879566575306;4854,149280463949;2026-06-30;2026-09-30 22:26:31.322851
2026-07-21;;Taeglich;XGBoost;Prognose;52512,81033271456;43990,454737676766;8522,355595037792;2026-06-30;2026-09-30 22:26:31.322851
2026-07-22;;Taeglich;SARIMA;Prognose;32225,020179564293;32507,84358416369;-282,8234045993959;2026-06-30;2026-09-30 22:26:31.322851
2026-07-22;;Taeglich;XGBoost;Prognose;43110,26097408473;35590,54794976101;7519,713024323726;2026-06-30;2026-09-30 22:26:31.322851
2026-07-23;;Taeglich;SARIMA;Prognose;34409,419765867504;31925,342178952058;2484,077586915446;2026-06-30;2026-09-30 22:26:31.322851
2026-07-23;;Taeglich;XGBoost;Prognose;46032,52559059946;34952,808195067235;11079,717395532229;2026-06-30;2026-09-30 22:26:31.322851
2026-07-24;;Taeglich;SARIMA;Prognose;36325,93975124759;27560,407763750045;8765,531987497547;2026-06-30;2026-09-30 22:26:31.322851
2026-07-24;;Taeglich;XGBoost;Prognose;48596,42396122577;30173,948988377542;18422,47497284823;2026-06-30;2026-09-30 22:26:31.322851
2026-07-25;;Taeglich;SARIMA;Prognose;30958,225058189142;30913,206111976477;45,01894621266547;2026-06-30;2026-09-30 22:26:31.322851
2026-07-25;;Taeglich;XGBoost;Prognose;41415,55704592978;33844,691714498054;7570,865331431727;2026-06-30;2026-09-30 22:26:31.322851
2026-07-26;;Taeglich;SARIMA;Prognose;37562,454080874566;26364,937129037182;11197,516951837384;2026-06-30;2026-09-30 22:26:31.322851
2026-07-26;;Taeglich;XGBoost;Prognose;50250,618594817315;28865,112404458254;21385,50619035906;2026-06-30;2026-09-30 22:26:31.322851
2026-07-27;;Taeglich;SARIMA;Prognose;30659,53503670555;30379,96292764462;279,5721090609295;2026-06-30;2026-09-30 22:26:31.322851
2026-07-27;;Taeglich;XGBoost;Prognose;41015,972974150725;33260,881315887316;7755,091658263409;2026-06-30;2026-09-30 22:26:31.322851
2026-07-28;;Taeglich;SARIMA;Prognose;37528,38928955344;30819,50336892544;6708,885920627996;2026-06-30;2026-09-30 22:26:31.322851
2026-07-28;;Taeglich;XGBoost;Prognose;50205,047109192215;33742,10318195059;16462,943927241628;2026-06-30;2026-09-30 22:26:31.322851
2026-07-29;;Taeglich;SARIMA;Prognose;28247,07872347512;24715,299789790304;3531,7789336848145;2026-06-30;2026-09-30 22:26:31.322851
2026-07-29;;Taeglich;XGBoost;Prognose;55615,58525031166;22095,251358087276;33520,333892224386;2026-06-30;2026-09-30 22:26:31.322851
2026-07-30;;Taeglich;SARIMA;Prognose;30161,830265414028;24272,43138418517;5889,398881228859;2026-06-30;2026-09-30 22:26:31.322851
2026-07-30;;Taeglich;XGBoost;Prognose;59385,53359280589;21699,331064842725;37686,20252796316;2026-06-30;2026-09-30 22:26:31.322851
2026-07-31;;Taeglich;SARIMA;Prognose;31841,769970664413;20953,82729544625;10887,94267521816;2026-06-30;2026-09-30 22:26:31.322851
2026-07-31;;Taeglich;XGBoost;Prognose;62693,161641970815;18732,52944308159;43960,63219888923;2026-06-30;2026-09-30 22:26:31.322851
2026-08-01;;Taeglich;SARIMA;Prognose;27136,660131939516;23502,91721267159;3633,7429192679265;2026-06-30;2026-09-30 22:26:31.322851
2026-08-01;;Taeglich;XGBoost;Prognose;53429,285546698215;21011,392452411794;32417,89309428642;2026-06-30;2026-09-30 22:26:31.322851
2026-08-02;;Taeglich;SARIMA;Prognose;32925,64571122416;20044,926185155047;12880,719526069115;2026-06-30;2026-09-30 22:26:31.322851
2026-08-02;;Taeglich;XGBoost;Prognose;64827,201209034036;17919,980185644512;46907,221023389524;2026-06-30;2026-09-30 22:26:31.322851
2026-08-03;;Taeglich;SARIMA;Prognose;26874,841194239863;23097,4992055527;3777,3419886871634;2026-06-30;2026-09-30 22:26:31.322851
2026-08-03;;Taeglich;XGBoost;Prognose;52913,79105637133;20648,952471971537;32264,838584399793;2026-06-30;2026-09-30 22:26:31.322851
2026-08-04;;Taeglich;SARIMA;Prognose;32895,78596755962;23431,67620956918;9464,109757990438;2026-06-30;2026-09-30 22:26:31.322851
2026-08-04;;Taeglich;XGBoost;Prognose;64768,41045280805;20947,70364896057;43820,70680384748;2026-06-30;2026-09-30 22:26:31.322851
2026-08-05;;Taeglich;SARIMA;Prognose;52337,05791713224;18880,510278005684;33456,547639126555;2026-06-30;2026-09-30 22:26:31.322851
2026-08-05;;Taeglich;XGBoost;Prognose;55830,34988040523;23192,391565049747;32637,95831535548;2026-06-30;2026-09-30 22:26:31.322851
2026-08-06;;Taeglich;SARIMA;Prognose;55884,76857876933;18542,194273144363;37342,57430562497;2026-06-30;2026-09-30 22:26:31.322851
2026-08-06;;Taeglich;XGBoost;Prognose;59614,85622058309;22776,811840670824;36838,044379912266;2026-06-30;2026-09-30 22:26:31.322851
2026-08-07;;Taeglich;SARIMA;Prognose;58997,41263345912;16007,04644410812;42990,366189351;2026-06-30;2026-09-30 22:26:31.322851
2026-08-07;;Taeglich;XGBoost;Prognose;62935,25697565894;19662,693617140223;43272,56335851872;2026-06-30;2026-09-30 22:26:31.322851
2026-08-08;;Taeglich;SARIMA;Prognose;50279,640132221226;17954,347055109203;32325,293077112023;2026-06-30;2026-09-30 22:26:31.322851
2026-08-08;;Taeglich;XGBoost;Prognose;53635,60758205855;22054,713620847888;31580,89396121066;2026-06-30;2026-09-30 22:26:31.322851
2026-08-09;;Taeglich;SARIMA;Prognose;61005,651006141066;15312,718764472496;45692,93224166857;2026-06-30;2026-09-30 22:26:31.322851
2026-08-09;;Taeglich;XGBoost;Prognose;65077,537330194995;18809,79720790913;46267,74012228586;2026-06-30;2026-09-30 22:26:31.322851
2026-08-10;;Taeglich;SARIMA;Prognose;49794,53393627322;17644,6401563299;32149,89377994332;2026-06-30;2026-09-30 22:26:31.322851
2026-08-10;;Taeglich;XGBoost;Prognose;53118,12246297118;21674,27667496437;31443,84578800681;2026-06-30;2026-09-30 22:26:31.322851
2026-08-11;;Taeglich;SARIMA;Prognose;60950,32595292544;17899,924632450748;43050,401320474695;2026-06-30;2026-09-30 22:26:31.322851
2026-08-11;;Taeglich;XGBoost;Prognose;65018,51954812802;21987,862348417824;43030,65719971019;2026-06-30;2026-09-30 22:26:31.322851
2026-08-12;;Taeglich;SARIMA;Prognose;25956,18054187283;16047,208156060637;9908,972385812192;2026-06-30;2026-09-30 22:26:31.322851
2026-08-12;;Taeglich;XGBoost;Prognose;36879,393372318096;22495,974036919375;14383,419335398721;2026-06-30;2026-09-30 22:26:31.322851
2026-08-13;;Taeglich;SARIMA;Prognose;27715,641660027046;15759,661512850424;11955,980147176622;2026-06-30;2026-09-30 22:26:31.322851
2026-08-13;;Taeglich;XGBoost;Prognose;39379,29348647511;22092,873275892776;17286,42021058233;2026-06-30;2026-09-30 22:26:31.322851
2026-08-14;;Taeglich;SARIMA;Prognose;29259,334681022563;13604,950420835014;15654,38426018755;2026-06-30;2026-09-30 22:26:31.322851
2026-08-14;;Taeglich;XGBoost;Prognose;41572,62320521223;19072,265310217823;22500,357894994406;2026-06-30;2026-09-30 22:26:31.322851
2026-08-15;;Taeglich;SARIMA;Prognose;24935,819260584045;15260,029536125705;9675,78972445834;2026-06-30;2026-09-30 22:26:31.322851
2026-08-15;;Taeglich;XGBoost;Prognose;35429,63056866422;21392,458109148087;14037,172459516136;2026-06-30;2026-09-30 22:26:31.322851
2026-08-16;;Taeglich;SARIMA;Prognose;30255,305793020936;13014,816963657906;17240,48882936303;2026-06-30;2026-09-30 22:26:31.322851
2026-08-16;;Taeglich;XGBoost;Prognose;42987,731655687;18244,979541760968;24742,75211392603;2026-06-30;2026-09-30 22:26:31.322851
2026-08-17;;Taeglich;SARIMA;Prognose;24695,234395765234;14996,79877599794;9698,435619767293;2026-06-30;2026-09-30 22:26:31.322851
2026-08-17;;Taeglich;XGBoost;Prognose;35087,799695097696;21023,44486472798;14064,354830369717;2026-06-30;2026-09-30 22:26:31.322851
2026-08-18;;Taeglich;SARIMA;Prognose;30227,867738095738;15213,774009558994;15014,093728536744;2026-06-30;2026-09-30 22:26:31.322851
2026-08-18;;Taeglich;XGBoost;Prognose;42948,74676654566;21327,614236333;21621,132530212657;2026-06-30;2026-09-30 22:26:31.322851
2026-08-19;;Taeglich;SARIMA;Prognose;24521,99103860821;19494,89374544594;5027,097293162267;2026-06-30;2026-09-30 22:26:31.322851
2026-08-19;;Taeglich;XGBoost;Prognose;35289,325010029046;27864,069001216063;7425,256008812983;2026-06-30;2026-09-30 22:26:31.322851
2026-08-20;;Taeglich;SARIMA;Prognose;26184,234437730604;19145,568728799626;7038,665708930977;2026-06-30;2026-09-30 22:26:31.322851
2026-08-20;;Taeglich;XGBoost;Prognose;37681,44102805753;27364,77844365877;10316,66258439876;2026-06-30;2026-09-30 22:26:31.322851
2026-08-21;;Taeglich;SARIMA;Prognose;27642,631845860313;16527,925623378225;11114,706222482087;2026-06-30;2026-09-30 22:26:31.322851
2026-08-21;;Taeglich;XGBoost;Prognose;39780,20454396633;23623,37882063913;16156,825723327198;2026-06-30;2026-09-30 22:26:31.322851
2026-08-22;;Taeglich;SARIMA;Prognose;23558,00906308058;18538,592599160726;5019,416463919853;2026-06-30;2026-09-30 22:26:31.322851
2026-08-22;;Taeglich;XGBoost;Prognose;33902,06925315984;26497,22692072214;7404,8423324377;2026-06-30;2026-09-30 22:26:31.322851
2026-08-23;;Taeglich;SARIMA;Prognose;28583,571312810658;15811,00409214256;12772,567220668097;2026-06-30;2026-09-30 22:26:31.322851
2026-08-23;;Taeglich;XGBoost;Prognose;41134,30008260733;22598,68223723382;18535,617845373512;2026-06-30;2026-09-30 22:26:31.322851
2026-08-24;;Taeglich;SARIMA;Prognose;23330,717536517404;18218,807646580943;5111,909889936462;2026-06-30;2026-09-30 22:26:31.322851
2026-08-24;;Taeglich;XGBoost;Prognose;33574,976541141266;26040,158003056706;7534,818538084561;2026-06-30;2026-09-30 22:26:31.322851
2026-08-25;;Taeglich;SARIMA;Prognose;28557,64932725862;18482,399237250782;10075,250090007838;2026-06-30;2026-09-30 22:26:31.322851
2026-08-25;;Taeglich;XGBoost;Prognose;41096,996041038656;26416,90969847338;14680,086342565275;2026-06-30;2026-09-30 22:26:31.322851
2026-08-26;;Taeglich;SARIMA;Prognose;16145,826291220244;22406,410410556102;-6260,584119335857;2026-06-30;2026-09-30 22:26:31.322851
2026-08-26;;Taeglich;XGBoost;Prognose;33864,91109066918;15517,187289762858;18347,723800906322;2026-06-30;2026-09-30 22:26:31.322851
2026-08-27;;Taeglich;SARIMA;Prognose;17240,28445058025;22004,91452184524;-4764,63007126499;2026-06-30;2026-09-30 22:26:31.322851
2026-08-27;;Taeglich;XGBoost;Prognose;36160,47203568805;15239,137982129845;20921,334053558203;2026-06-30;2026-09-30 22:26:31.322851
2026-08-28;;Taeglich;SARIMA;Prognose;18200,525859124726;18996,33255703531;-795,8066979105861;2026-06-30;2026-09-30 22:26:31.322851
2026-08-28;;Taeglich;XGBoost;Prognose;38174,52132244523;13155,594524291357;25018,926798153872;2026-06-30;2026-09-30 22:26:31.322851
2026-08-29;;Taeglich;SARIMA;Prognose;15511,119040074467;21307,287930611463;-5796,168890536996;2026-06-30;2026-09-30 22:26:31.322851
2026-08-29;;Taeglich;XGBoost;Prognose;32533,650352385197;14756,008276115293;17777,642076269905;2026-06-30;2026-09-30 22:26:31.322851
2026-08-30;;Taeglich;SARIMA;Prognose;18820,06140825752;18172,340476299654;647,7209319578651;2026-06-30;2026-09-30 22:26:31.322851
2026-08-30;;Taeglich;XGBoost;Prognose;39473,96031741942;12584,95249784553;26889,00781957389;2026-06-30;2026-09-30 22:26:31.322851
2026-08-31;;Taeglich;SARIMA;Prognose;15361,46522527707;20939,743845263645;-5578,278619986575;2026-06-30;2026-09-30 22:26:31.322851
2026-08-31;;Taeglich;XGBoost;Prognose;32219,76036985459;14501,471725856456;17718,288643998134;2026-06-30;2026-09-30 22:26:31.322851
2026-09-01;;Taeglich;SARIMA;Prognose;18802,99379432732;21242,702221874413;-2439,7084275470916;2026-06-30;2026-09-30 22:26:31.322851
2026-09-01;;Taeglich;XGBoost;Prognose;39438,162011538334;14711,280516498666;24726,88149503967;2026-06-30;2026-09-30 22:26:31.322851
2026-09-02;;Taeglich;SARIMA;Prognose;13357,529567985397;19623,125493259013;-6265,595925273616;2026-06-30;2026-09-30 22:26:31.322851
2026-09-02;;Taeglich;XGBoost;Prognose;25276,97929924618;18167,497718993738;7109,481580252443;2026-06-30;2026-09-30 22:26:31.322851
2026-09-03;;Taeglich;SARIMA;Prognose;14262,980732942113;19271,50271813172;-5008,521985189607;2026-06-30;2026-09-30 22:26:31.322851
2026-09-03;;Taeglich;XGBoost;Prognose;26990,400200663742;17841,958040451405;9148,442160212337;2026-06-30;2026-09-30 22:26:31.322851
2026-09-04;;Taeglich;SARIMA;Prognose;15057,393652769668;16636,641516785203;-1579,247864015535;2026-06-30;2026-09-30 22:26:31.322851
2026-09-04;;Taeglich;XGBoost;Prognose;28493,69905748696;15402,548738310828;13091,150319176131;2026-06-30;2026-09-30 22:26:31.322851
2026-09-05;;Taeglich;SARIMA;Prognose;12832,432820301157;18660,534075837928;-5828,101255536771;2026-06-30;2026-09-30 22:26:31.322851
2026-09-05;;Taeglich;XGBoost;Prognose;24283,318042217958;17276,3105640052;7007,007478212756;2026-06-30;2026-09-30 22:26:31.322851
2026-09-06;;Taeglich;SARIMA;Prognose;15569,938769179065;15915,004283981962;-345,06551480289636;2026-06-30;2026-09-30 22:26:31.322851
2026-09-06;;Taeglich;XGBoost;Prognose;29463,608368297046;14734,441978997816;14729,16638929923;2026-06-30;2026-09-30 22:26:31.322851
2026-09-07;;Taeglich;SARIMA;Prognose;12708,623408502575;18338,64567073724;-5630,022262234666;2026-06-30;2026-09-30 22:26:31.322851
2026-09-07;;Taeglich;XGBoost;Prognose;24049,028615931733;16978,299583672524;7070,729032259209;2026-06-30;2026-09-30 22:26:31.322851
2026-09-08;;Taeglich;SARIMA;Prognose;15555,818639703155;18603,97109031745;-3048,152450614294;2026-06-30;2026-09-30 22:26:31.322851
2026-09-08;;Taeglich;XGBoost;Prognose;29436,888291156385;17223,943375568488;12212,944915587897;2026-06-30;2026-09-30 22:26:31.322851
2026-09-09;;Taeglich;SARIMA;Prognose;21779,584071020316;18974,000613376524;2805,583457643792;2026-06-30;2026-09-30 22:26:31.322851
2026-09-09;;Taeglich;XGBoost;Prognose;24094,780117162034;23625,327283142356;469,45283401967754;2026-06-30;2026-09-30 22:26:31.322851
2026-09-10;;Taeglich;SARIMA;Prognose;23255,931150696095;18634,009374303307;4621,921776392788;2026-06-30;2026-09-30 22:26:31.322851
2026-09-10;;Taeglich;XGBoost;Prognose;25728,064671421922;23201,9898721146;2526,0747993073237;2026-06-30;2026-09-30 22:26:31.322851
2026-09-11;;Taeglich;SARIMA;Prognose;24551,229273483514;16086,308292348504;8464,92098113501;2026-06-30;2026-09-30 22:26:31.322851
2026-09-11;;Taeglich;XGBoost;Prognose;27161,05454638759;20029,739954595127;7131,314591792463;2026-06-30;2026-09-30 22:26:31.322851
2026-09-12;;Taeglich;SARIMA;Prognose;20923,40863053929;18043,251322145992;2880,1573083932963;2026-06-30;2026-09-30 22:26:31.322851
2026-09-12;;Taeglich;XGBoost;Prognose;23147,59219507706;22466,412140683056;681,1800543940044;2026-06-30;2026-09-30 22:26:31.322851
2026-09-13;;Taeglich;SARIMA;Prognose;25386,93915503109;15388,542520909716;9998,396634121375;2026-06-30;2026-09-30 22:26:31.322851
2026-09-13;;Taeglich;XGBoost;Prognose;28085,601395949398;19160,922405090365;8924,678990859033;2026-06-30;2026-09-30 22:26:31.322851
2026-09-14;;Taeglich;SARIMA;Prognose;20721,536160085347;17732,01085242993;2989,525307655418;2026-06-30;2026-09-30 22:26:31.322851
2026-09-14;;Taeglich;XGBoost;Prognose;22924,260437618566;22078,873523465078;845,3869141534888;2026-06-30;2026-09-30 22:26:31.322851
2026-09-15;;Taeglich;SARIMA;Prognose;25363,916144267834;17988,559416805598;7375,356727462236;2026-06-30;2026-09-30 22:26:31.322851
2026-09-15;;Taeglich;XGBoost;Prognose;28060,13101138343;22398,31294590942;5661,81806547401;2026-06-30;2026-09-30 22:26:31.322851
2026-09-16;;Taeglich;SARIMA;Prognose;26631,850879424608;19765,95479612319;6865,896083301417;2026-06-30;2026-09-30 22:26:31.322851
2026-09-16;;Taeglich;XGBoost;Prognose;20713,23616195954;22152,963571218523;-1439,7274092589832;2026-06-30;2026-09-30 22:26:31.322851
2026-09-17;;Taeglich;SARIMA;Prognose;28437,112869001132;19411,772691909413;9025,340177091719;2026-06-30;2026-09-30 22:26:31.322851
2026-09-17;;Taeglich;XGBoost;Prognose;22117,299968624837;21756,009144622127;361,29082400271;2026-06-30;2026-09-30 22:26:31.322851
2026-09-18;;Taeglich;SARIMA;Prognose;30020,990060502387;16757,733333206594;13263,256727295793;2026-06-30;2026-09-30 22:26:31.322851
2026-09-18;;Taeglich;XGBoost;Prognose;23349,179137205385;18781,458315362135;4567,72082184325;2026-06-30;2026-09-30 22:26:31.322851
2026-09-19;;Taeglich;SARIMA;Prognose;25584,92837699464;18796,35704012773;6788,571336866913;2026-06-30;2026-09-30 22:26:31.322851
2026-09-19;;Taeglich;XGBoost;Prognose;19898,97983654375;21066,273654700264;-1167,293818156515;2026-06-30;2026-09-30 22:26:31.322851
2026-09-20;;Taeglich;SARIMA;Prognose;31042,887488445052;16030,8435761346;15012,043912310452;2026-06-30;2026-09-30 22:26:31.322851
2026-09-20;;Taeglich;XGBoost;Prognose;24143,971915751194;17966,786700719666;6177,185215031528;2026-06-30;2026-09-30 22:26:31.322851
2026-09-21;;Taeglich;SARIMA;Prognose;25338,080801198004;18472,125731165146;6865,955070032858;2026-06-30;2026-09-30 22:26:31.322851
2026-09-21;;Taeglich;XGBoost;Prognose;19706,991222735716;20702,88699060118;-995,8957678654624;2026-06-30;2026-09-30 22:26:31.322851
2026-09-22;;Taeglich;SARIMA;Prognose;31014,73518822467;18739,38235404545;12275,352834179219;2026-06-30;2026-09-30 22:26:31.322851
2026-09-22;;Taeglich;XGBoost;Prognose;24122,076132179584;21002,418497776107;3119,6576344034765;2026-06-30;2026-09-30 22:26:31.322851
2026-09-23;;Taeglich;SARIMA;Prognose;35828,744001789135;29499,52587046242;6329,218131326714;2026-06-30;2026-09-30 22:26:31.322851
2026-09-23;;Taeglich;XGBoost;Prognose;18311,715235881817;21863,82813461953;-3552,1128987377124;2026-06-30;2026-09-30 22:26:31.322851
2026-09-24;;Taeglich;SARIMA;Prognose;38257,42498132514;28970,92989552078;9286,495085804356;2026-06-30;2026-09-30 22:26:31.322851
2026-09-24;;Taeglich;XGBoost;Prognose;19552,989964737648;21472,054666817876;-1919,064702080228;2026-06-30;2026-09-30 22:26:31.322851
2026-09-25;;Taeglich;SARIMA;Prognose;40388,269385700136;25009,932132911545;15378,337252788591;2026-06-30;2026-09-30 22:26:31.322851
2026-09-25;;Taeglich;XGBoost;Prognose;20642,043377911683;18536,326997716078;2105,716380195605;2026-06-30;2026-09-30 22:26:31.322851
2026-09-26;;Taeglich;SARIMA;Prognose;34420,28318924173;28052,45820376208;6367,824985479652;2026-06-30;2026-09-30 22:26:31.322851
2026-09-26;;Taeglich;XGBoost;Prognose;17591,864902334568;20791,32144746696;-3199,4565451323906;2026-06-30;2026-09-30 22:26:31.322851
2026-09-27;;Taeglich;SARIMA;Prognose;41763,0631057315;23925,091890439413;17837,971215292084;2026-06-30;2026-09-30 22:26:31.322851
2026-09-27;;Taeglich;XGBoost;Prognose;21344,686794829555;17732,288291498124;3612,398503331431;2026-06-30;2026-09-30 22:26:31.322851
2026-09-28;;Taeglich;SARIMA;Prognose;34088,19066436533;27568,56203049796;6519,628633867367;2026-06-30;2026-09-30 22:26:31.322851
2026-09-28;;Taeglich;XGBoost;Prognose;17422,135710956885;20432,677623369425;-3010,54191241254;2026-06-30;2026-09-30 22:26:31.322851
2026-09-29;;Taeglich;SARIMA;Prognose;41725,188848991915;27967,426833237278;13757,762015754637;2026-06-30;2026-09-30 22:26:31.322851
2026-09-29;;Taeglich;XGBoost;Prognose;21325,32963834784;20728,29971351201;597,0299248358315;2026-06-30;2026-09-30 22:26:31.322851
2026-09-30;;Taeglich;SARIMA;Prognose;23284,378421821555;5140,97057249763;18143,407849323925;2026-06-30;2026-09-30 22:26:31.322851
2026-09-30;;Taeglich;XGBoost;Prognose;17020,847999764548;19920,19547748187;-2899,3474777173215;2026-06-30;2026-09-30 22:26:31.322851
2026-10-01;;Taeglich;SARIMA;Prognose;24862,729228385488;5048,850571523762;19813,878656861725;2026-06-30;2026-09-30 22:26:31.322851
2026-10-01;;Taeglich;XGBoost;Prognose;18174,62022774266;19563,249566022634;-1388,629338279974;2026-06-30;2026-09-30 22:26:31.322851
2026-10-02;;Taeglich;SARIMA;Prognose;26247,522049116542;4358,555648658825;21888,966400457717;2026-06-30;2026-09-30 22:26:31.322851
2026-10-02;;Taeglich;XGBoost;Prognose;19186,901839294675;16888,499806873115;2298,40203242156;2026-06-30;2026-09-30 22:26:31.322851
2026-10-03;;Taeglich;SARIMA;Prognose;22369,04813421721;4888,785763711662;17480,26237050555;2026-06-30;2026-09-30 22:26:31.322851
2026-10-03;;Taeglich;XGBoost;Prognose;16351,742842106854;18943,031609954174;-2591,28876784732;2026-06-30;2026-09-30 22:26:31.322851
2026-10-04;;Taeglich;SARIMA;Prognose;27140,972772020905;4169,49729609748;22971,475475923424;2026-06-30;2026-09-30 22:26:31.322851
2026-10-04;;Taeglich;XGBoost;Prognose;19840,013065814812;16155,937873953313;3684,0751918614988;2026-06-30;2026-09-30 22:26:31.322851
2026-10-05;;Taeglich;SARIMA;Prognose;22153,227897261815;4804,455730821678;17348,772166440136;2026-06-30;2026-09-30 22:26:31.322851
2026-10-05;;Taeglich;XGBoost;Prognose;16193,978551304559;18616,27021031153;-2422,291659006971;2026-06-30;2026-09-30 22:26:31.322851
2026-10-06;;Taeglich;SARIMA;Prognose;27116,359056108184;4873,967092539566;22242,391963568618;2026-06-30;2026-09-30 22:26:31.322851
2026-10-06;;Taeglich;XGBoost;Prognose;19822,020473971897;18885,61233040337;936,4081435685257;2026-06-30;2026-09-30 22:26:31.322851
2026-10-07;;Taeglich;SARIMA;Prognose;37347,421420313134;29028,343767121223;8319,077653191911;2026-06-30;2026-09-30 22:26:31.322851
2026-10-07;;Taeglich;XGBoost;Prognose;23137,518029504536;23067,05562003966;70,46240946487524;2026-06-30;2026-09-30 22:26:31.322851
2026-10-08;;Taeglich;SARIMA;Prognose;39879,04720193977;28508,190807988867;11370,856393950904;2026-06-30;2026-09-30 22:26:31.322851
2026-10-08;;Taeglich;XGBoost;Prognose;24705,913783179938;22653,721764843136;2052,192018336802;2026-06-30;2026-09-30 22:26:31.322851
2026-10-09;;Taeglich;SARIMA;Prognose;42100,2119725311;24610,460206530333;17489,751766000765;2026-06-30;2026-09-30 22:26:31.322851
2026-10-09;;Taeglich;XGBoost;Prognose;26081,97236959964;19556,43280832989;6525,53956126975;2026-06-30;2026-09-30 22:26:31.322851
2026-10-10;;Taeglich;SARIMA;Prognose;35879,260004507494;27604,389434169596;8274,870570337898;2026-06-30;2026-09-30 22:26:31.322851
2026-10-10;;Taeglich;XGBoost;Prognose;22227,960958719723;21935,525896466697;292,43506225302554;2026-06-30;2026-09-30 22:26:31.322851
2026-10-11;;Taeglich;SARIMA;Prognose;43533,27924459196;23542,94760889839;19990,331635693572;2026-06-30;2026-09-30 22:26:31.322851
2026-10-11;;Taeglich;XGBoost;Prognose;26969,787875565653;18708,145607991588;8261,642267574065;2026-06-30;2026-09-30 22:26:31.322851
2026-10-12;;Taeglich;SARIMA;Prognose;35533,09103256487;27128,222307728756;8404,868724836117;2026-06-30;2026-09-30 22:26:31.322851
2026-10-12;;Taeglich;XGBoost;Prognose;22013,501953921572;21557,144901734024;456,3570521875481;2026-06-30;2026-09-30 22:26:31.322851
2026-10-13;;Taeglich;SARIMA;Prognose;43493,79960703158;27520,71622988075;15973,08337715083;2026-06-30;2026-09-30 22:26:31.322851
2026-10-13;;Taeglich;XGBoost;Prognose;26945,32940450894;21869,03590059501;5076,29350391393;2026-06-30;2026-09-30 22:26:31.322851
2026-10-14;;Taeglich;SARIMA;Prognose;22472,382868749537;27229,043265449352;-4756,6603966998155;2026-06-30;2026-09-30 22:26:31.322851
2026-10-14;;Taeglich;XGBoost;Prognose;22466,49673500131;23750,023697480883;-1283,5269624795728;2026-06-30;2026-09-30 22:26:31.322851
2026-10-15;;Taeglich;SARIMA;Prognose;23995,69188665587;26741,131604264316;-2745,439717608446;2026-06-30;2026-09-30 22:26:31.322851
2026-10-15;;Taeglich;XGBoost;Prognose;23989,406756474036;23324,45187689012;664,9548795839146;2026-06-30;2026-09-30 22:26:31.322851
2026-10-16;;Taeglich;SARIMA;Prognose;25332,192861584168;23084,998962470625;2247,193899113543;2026-06-30;2026-09-30 22:26:31.322851
2026-10-16;;Taeglich;XGBoost;Prognose;25325,55766512147;20135,45856422697;5190,099100894498;2026-06-30;2026-09-30 22:26:31.322851
2026-10-17;;Taeglich;SARIMA;Prognose;21588,97287163619;25893,351692722426;-4304,378821086237;2026-06-30;2026-09-30 22:26:31.322851
2026-10-17;;Taeglich;XGBoost;Prognose;21583,318127208266;22584,991705885255;-1001,6735786769896;2026-06-30;2026-09-30 22:26:31.322851
2026-10-18;;Taeglich;SARIMA;Prognose;26194,486299516415;22083,655346709278;4110,830952807137;2026-06-30;2026-09-30 22:26:31.322851
2026-10-18;;Taeglich;XGBoost;Prognose;26187,62524473973;19262,05532446534;6925,569920274393;2026-06-30;2026-09-30 22:26:31.322851
2026-10-19;;Taeglich;SARIMA;Prognose;21380,678928468675;25446,69943479624;-4066,0205063275644;2026-06-30;2026-09-30 22:26:31.322851
2026-10-19;;Taeglich;XGBoost;Prognose;21375,078741940353;22195,40762807299;-820,3288861326364;2026-06-30;2026-09-30 22:26:31.322851
2026-10-20;;Taeglich;SARIMA;Prognose;26170,73093711022;25814,8649103549;355,8660267553205;2026-06-30;2026-09-30 22:26:31.322851
2026-10-20;;Taeglich;XGBoost;Prognose;26163,876104514835;22516,533077978445;3647,3430265363895;2026-06-30;2026-09-30 22:26:31.322851
2026-10-21;;Taeglich;SARIMA;Prognose;27532,475384232257;18044,590090701055;9487,885293531202;2026-06-30;2026-09-30 22:26:31.322851
2026-10-21;;Taeglich;XGBoost;Prognose;23521,743898349574;17247,590767707945;6274,153130641629;2026-06-30;2026-09-30 22:26:31.322851
2026-10-22;;Taeglich;SARIMA;Prognose;29398,78694910009;17721,252768830167;11677,534180269922;2026-06-30;2026-09-30 22:26:31.322851
2026-10-22;;Taeglich;XGBoost;Prognose;25116,18471962386;16938,534713814555;8177,650005809304;2026-06-30;2026-09-30 22:26:31.322851
2026-10-23;;Taeglich;SARIMA;Prognose;31036,22701979177;15298,346675683952;15737,88034410782;2026-06-30;2026-09-30 22:26:31.322851
2026-10-23;;Taeglich;XGBoost;Prognose;26515,09438735983;14622,644324888111;11892,450062471718;2026-06-30;2026-09-30 22:26:31.322851
2026-10-24;;Taeglich;SARIMA;Prognose;26450,14850586943;17159,432037863997;9290,716468005434;2026-06-30;2026-09-30 22:26:31.322851
2026-10-24;;Taeglich;XGBoost;Prognose;22597,0825559942;16401,52866359053;6195,55389240367;2026-06-30;2026-09-30 22:26:31.322851
2026-10-25;;Taeglich;SARIMA;Prognose;32092,682536437016;14634,759824313333;17457,922712123684;2026-06-30;2026-09-30 22:26:31.322851
2026-10-25;;Taeglich;XGBoost;Prognose;27417,653120482657;13988,366993358679;13429,286127123978;2026-06-30;2026-09-30 22:26:31.322851
2026-10-26;;Taeglich;SARIMA;Prognose;26194,953144681484;16863,43717573122;9331,515968950265;2026-06-30;2026-09-30 22:26:31.322851
2026-10-26;;Taeglich;XGBoost;Prognose;22379,062205621078;16118,607398782127;6260,45480683895;2026-06-30;2026-09-30 22:26:31.322851
2026-10-27;;Taeglich;SARIMA;Prognose;32063,578193808466;17107,419126446093;14956,159067362372;2026-06-30;2026-09-30 22:26:31.322851
2026-10-27;;Taeglich;XGBoost;Prognose;27392,788487568803;16351,813075358055;11040,975412210748;2026-06-30;2026-09-30 22:26:31.322851
2026-10-28;;Taeglich;SARIMA;Prognose;20003,83223199588;29819,380652993415;-9815,548420997537;2026-06-30;2026-09-30 22:26:31.322851
2026-10-28;;Taeglich;XGBoost;Prognose;23153,7431311246;20266,688368688636;2887,054762435964;2026-06-30;2026-09-30 22:26:31.322851
2026-10-29;;Taeglich;SARIMA;Prognose;21359,808507838865;29285,05326557572;-7925,244757736855;2026-06-30;2026-09-30 22:26:31.322851
2026-10-29;;Taeglich;XGBoost;Prognose;24723,23871670295;19903,533721928296;4819,704994774653;2026-06-30;2026-09-30 22:26:31.322851
2026-10-30;;Taeglich;SARIMA;Prognose;22549,497266548246;25281,10755581884;-2731,610289270593;2026-06-30;2026-09-30 22:26:31.322851
2026-10-30;;Taeglich;XGBoost;Prognose;26100,262259276173;17182,25922970826;8918,003029567913;2026-06-30;2026-09-30 22:26:31.322851
2026-10-31;;Taeglich;SARIMA;Prognose;19217,463226201762;28356,622852293203;-9139,159626091441;2026-06-30;2026-09-30 22:26:31.322851
2026-10-31;;Taeglich;XGBoost;Prognose;22243,5482367027;19272,527663252135;2971,0205734505653;2026-06-30;2026-09-30 22:26:31.322851
2026-11-01;;Taeglich;SARIMA;Prognose;23317,069329016733;24184,50470599632;-867,4353769795889;2026-06-30;2026-09-30 22:26:31.322851
2026-11-01;;Taeglich;XGBoost;Prognose;26988,70034268484;16436,955077345265;10551,745265339574;2026-06-30;2026-09-30 22:26:31.322851
2026-11-02;;Taeglich;SARIMA;Prognose;19032,04999617629;27867,47993350692;-8835,429937330628;2026-06-30;2026-09-30 22:26:31.322851
2026-11-02;;Taeglich;XGBoost;Prognose;22028,938843295808;18940,08255923897;3088,8562840568375;2026-06-30;2026-09-30 22:26:31.322851
2026-11-03;;Taeglich;SARIMA;Prognose;23295,92345023035;28270,66951133922;-4974,746061108868;2026-06-30;2026-09-30 22:26:31.322851
2026-11-03;;Taeglich;XGBoost;Prognose;26964,22472021293;19214,109629838447;7750,115090374482;2026-06-30;2026-09-30 22:26:31.322851
2026-11-04;;Taeglich;SARIMA;Prognose;21499,291981772185;31515,376023489116;-10016,084041716931;2026-06-30;2026-09-30 22:26:31.322851
2026-11-04;;Taeglich;XGBoost;Prognose;23906,94457583785;18157,88424567232;5749,060330165528;2026-06-30;2026-09-30 22:26:31.322851
2026-11-05;;Taeglich;SARIMA;Prognose;22956,639230869547;30950,65844165608;-7994,019210786533;2026-06-30;2026-09-30 22:26:31.322851
2026-11-05;;Taeglich;XGBoost;Prognose;25527,49654291935;17832,51682899363;7694,979713925721;2026-06-30;2026-09-30 22:26:31.322851
2026-11-06;;Taeglich;SARIMA;Prognose;24235,267530401787;26718,985889866948;-2483,7183594651615;2026-06-30;2026-09-30 22:26:31.322851
2026-11-06;;Taeglich;XGBoost;Prognose;26949,315266807174;15394,398359339115;11554,91690746806;2026-06-30;2026-09-30 22:26:31.322851
2026-11-07;;Taeglich;SARIMA;Prognose;20654,135080588912;29969,4229852012;-9315,287904612287;2026-06-30;2026-09-30 22:26:31.322851
2026-11-07;;Taeglich;XGBoost;Prognose;22967,140641289407;17267,16866932777;5699,971971961637;2026-06-30;2026-09-30 22:26:31.322851
2026-11-08;;Taeglich;SARIMA;Prognose;25060,222253910513;25560,013087488605;-499,79083357809213;2026-06-30;2026-09-30 22:26:31.322851
2026-11-08;;Taeglich;XGBoost;Prognose;27866,654631713696;14726,645133936268;13140,009497777428;2026-06-30;2026-09-30 22:26:31.322851
2026-11-09;;Taeglich;SARIMA;Prognose;20454,860605409845;29452,459766073127;-8997,599160663282;2026-06-30;2026-09-30 22:26:31.322851
2026-11-09;;Taeglich;XGBoost;Prognose;22745,54990995164;16969,31538383305;5776,234526118587;2026-06-30;2026-09-30 22:26:31.322851
2026-11-10;;Taeglich;SARIMA;Prognose;25037,49553750102;29878,58099581977;-4841,08545831875;2026-06-30;2026-09-30 22:26:31.322851
2026-11-10;;Taeglich;XGBoost;Prognose;27841,382806480888;17214,82919139785;10626,553615083038;2026-06-30;2026-09-30 22:26:31.322851
2026-11-11;;Taeglich;SARIMA;Prognose;39149,02985831357;31177,779968927152;7971,249889386414;2026-06-30;2026-09-30 22:26:31.322851
2026-11-11;;Taeglich;XGBoost;Prognose;23530,491965570338;22561,66711016708;968,824855403258;2026-06-30;2026-09-30 22:26:31.322851
2026-11-12;;Taeglich;SARIMA;Prognose;41802,77915467253;30619,111701797723;11183,667452874804;2026-06-30;2026-09-30 22:26:31.322851
2026-11-12;;Taeglich;XGBoost;Prognose;25125,52578180045;22157,389208387347;2968,136573413103;2026-06-30;2026-09-30 22:26:31.322851
2026-11-13;;Taeglich;SARIMA;Prognose;44131,091059944214;26432,769275742055;17698,32178420216;2026-06-30;2026-09-30 22:26:31.322851
2026-11-13;;Taeglich;XGBoost;Prognose;26524,955723707502;19127,960419038965;7396,995304668537;2026-06-30;2026-09-30 22:26:31.322851
2026-11-14;;Taeglich;SARIMA;Prognose;37610,04556118248;29648,387343749175;7961,658217433305;2026-06-30;2026-09-30 22:26:31.322851
2026-11-14;;Taeglich;XGBoost;Prognose;22605,486728662996;21454,928679002333;1150,5580496606635;2026-06-30;2026-09-30 22:26:31.322851
2026-11-15;;Taeglich;SARIMA;Prognose;45633,28830112694;25286,211513093396;20347,07678803354;2026-06-30;2026-09-30 22:26:31.322851
2026-11-15;;Taeglich;XGBoost;Prognose;27427,850131111205;18298,258798550327;9129,591332560878;2026-06-30;2026-09-30 22:26:31.322851
2026-11-16;;Taeglich;SARIMA;Prognose;37247,1776869567;29136,961889520408;8110,215797436289;2026-06-30;2026-09-30 22:26:31.322851
2026-11-16;;Taeglich;XGBoost;Prognose;22387,385293456675;21084,837836694922;1302,547456761753;2026-06-30;2026-09-30 22:26:31.322851
2026-11-17;;Taeglich;SARIMA;Prognose;45591,90419880157;29558,518463404456;16033,38573539711;2026-06-30;2026-09-30 22:26:31.322851
2026-11-17;;Taeglich;XGBoost;Prognose;27402,97625069083;21389,89544815903;6013,0808025318;2026-06-30;2026-09-30 22:26:31.322851
2026-11-18;;Taeglich;SARIMA;Prognose;25616,717408375356;22706,034067585395;2910,683340789961;2026-06-30;2026-09-30 22:26:31.322851
2026-11-18;;Taeglich;XGBoost;Prognose;21693,77180597429;17484,387255478472;4209,384550495819;2026-06-30;2026-09-30 22:26:31.322851
2026-11-19;;Taeglich;SARIMA;Prognose;27353,167737886302;22299,16928380149;5053,998454084813;2026-06-30;2026-09-30 22:26:31.322851
2026-11-19;;Taeglich;XGBoost;Prognose;23164,30203044806;17171,088093717335;5993,2139367307245;2026-06-30;2026-09-30 22:26:31.322851
2026-11-20;;Taeglich;SARIMA;Prognose;28876,671853614345;19250,355871193748;9626,315982420598;2026-06-30;2026-09-30 22:26:31.322851
2026-11-20;;Taeglich;XGBoost;Prognose;24454,4966367742;14823,402266370234;9631,094370403967;2026-06-30;2026-09-30 22:26:31.322851
2026-11-21;;Taeglich;SARIMA;Prognose;24609,700734444614;21592,213869847947;3017,486864596667;2026-06-30;2026-09-30 22:26:31.322851
2026-11-21;;Taeglich;XGBoost;Prognose;20840,969724396025;16626,709353109054;4214,260371286971;2026-06-30;2026-09-30 22:26:31.322851
2026-11-22;;Taeglich;SARIMA;Prognose;29859,61734059803;18415,345179441443;11444,272161156587;2026-06-30;2026-09-30 22:26:31.322851
2026-11-22;;Taeglich;XGBoost;Prognose;25286,91379438256;14180,416782705153;11106,497011677406;2026-06-30;2026-09-30 22:26:31.322851
2026-11-23;;Taeglich;SARIMA;Prognose;24372,262314533276;21219,754900725642;3152,5074138076343;2026-06-30;2026-09-30 22:26:31.322851
2026-11-23;;Taeglich;XGBoost;Prognose;20639,89263799917;16339,90379148932;4299,988846509852;2026-06-30;2026-09-30 22:26:31.322851
2026-11-24;;Taeglich;SARIMA;Prognose;29832,538129227916;21526,764506206386;8305,77362302153;2026-06-30;2026-09-30 22:26:31.322851
2026-11-24;;Taeglich;XGBoost;Prognose;25263,981495025695;16576,311207130435;8687,67028789526;2026-06-30;2026-09-30 22:26:31.322851
2026-11-25;;Taeglich;SARIMA;Prognose;29863,576860026827;21886,84752645487;7976,729333571959;2026-06-30;2026-09-30 22:26:31.322851
2026-11-25;;Taeglich;XGBoost;Prognose;25209,81834513635;19039,21663750801;6170,601707628342;2026-06-30;2026-09-30 22:26:31.322851
2026-11-26;;Taeglich;SARIMA;Prognose;31887,90406215362;21494,661578875635;10393,242483277983;2026-06-30;2026-09-30 22:26:31.322851
2026-11-26;;Taeglich;XGBoost;Prognose;26918,686685855555;18698,05680582727;8220,629880028286;2026-06-30;2026-09-30 22:26:31.322851
2026-11-27;;Taeglich;SARIMA;Prognose;33663,98182931267;18555,84302078949;15108,138808523177;2026-06-30;2026-09-30 22:26:31.322851
2026-11-27;;Taeglich;XGBoost;Prognose;28417,991276420093;16141,598955143187;12276,392321276906;2026-06-30;2026-09-30 22:26:31.322851
2026-11-28;;Taeglich;SARIMA;Prognose;28689,612243021416;20813,211647674663;7876,400595346753;2026-06-30;2026-09-30 22:26:31.322851
2026-11-28;;Taeglich;XGBoost;Prognose;24218,797246858663;18105,268244017807;6113,529002840856;2026-06-30;2026-09-30 22:26:31.322851
2026-11-29;;Taeglich;SARIMA;Prognose;34809,884625201594;17750,957780199093;17058,9268450025;2026-06-30;2026-09-30 22:26:31.322851
2026-11-29;;Taeglich;XGBoost;Prognose;29385,32353741964;15441,434875075895;13943,888662343747;2026-06-30;2026-09-30 22:26:31.322851
2026-11-30;;Taeglich;SARIMA;Prognose;28412,81016922303;20454,190224436425;7958,619944786606;2026-06-30;2026-09-30 22:26:31.322851
2026-11-30;;Taeglich;XGBoost;Prognose;23985,130327764495;17792,958001700943;6192,172326063552;2026-06-30;2026-09-30 22:26:31.322851
2026-12-01;;Taeglich;SARIMA;Prognose;34778,316095277616;20750,12356111307;14028,192534164547;2026-06-30;2026-09-30 22:26:31.322851
2026-12-01;;Taeglich;XGBoost;Prognose;29358,674455545202;18050,388355726893;11308,28609981831;2026-06-30;2026-09-30 22:26:31.322851
2026-12-02;;Taeglich;SARIMA;Prognose;34754,315384181675;50855,28516488415;-16100,969780702479;2026-06-30;2026-09-30 22:26:31.322851
2026-12-02;;Taeglich;XGBoost;Prognose;21737,65500196547;20727,300078258588;1010,3549237068837;2026-06-30;2026-09-30 22:26:31.322851
2026-12-03;;Taeglich;SARIMA;Prognose;37110,16533320982;49944,01970384894;-12833,854370639121;2026-06-30;2026-09-30 22:26:31.322851
2026-12-03;;Taeglich;XGBoost;Prognose;23211,159885093748;20355,891824414564;2855,2680606791837;2026-06-30;2026-09-30 22:26:31.322851
2026-12-04;;Taeglich;SARIMA;Prognose;39177,11019905746;43115,514336016626;-3938,404136959165;2026-06-30;2026-09-30 22:26:31.322851
2026-12-04;;Taeglich;XGBoost;Prognose;24503,964358587415;17572,769492366533;6931,1948662208815;2026-06-30;2026-09-30 22:26:31.322851
2026-12-05;;Taeglich;SARIMA;Prognose;33388,09134676945;48360,63358417466;-14972,542237405214;2026-06-30;2026-09-30 22:26:31.322851
2026-12-05;;Taeglich;XGBoost;Prognose;20883,127831674083;19710,544558425772;1172,5832732483104;2026-06-30;2026-09-30 22:26:31.322851
2026-12-06;;Taeglich;SARIMA;Prognose;40510,67674919319;41245,31953588584;-734,6427866926533;2026-06-30;2026-09-30 22:26:31.322851
2026-12-06;;Taeglich;XGBoost;Prognose;25338,065369312713;16810,52641966666;8527,538949646052;2026-06-30;2026-09-30 22:26:31.322851
2026-12-07;;Taeglich;SARIMA;Prognose;33065,95757770103;47526,42770610042;-14460,470128399385;2026-06-30;2026-09-30 22:26:31.322851
2026-12-07;;Taeglich;XGBoost;Prognose;20681,643996959298;19370,543799294617;1311,1001976646803;2026-06-30;2026-09-30 22:26:31.322851
2026-12-08;;Taeglich;SARIMA;Prognose;40473,938261692674;48214,04497068343;-7740,106708990759;2026-06-30;2026-09-30 22:26:31.322851
2026-12-08;;Taeglich;XGBoost;Prognose;25315,086681407276;19650,798827573268;5664,287853834008;2026-06-30;2026-09-30 22:26:31.322851
2026-12-09;;Taeglich;SARIMA;Prognose;45765,83012533079;28631,00727310521;17134,822852225578;2026-06-30;2026-09-30 22:26:31.322851
2026-12-09;;Taeglich;XGBoost;Prognose;20569,042215346424;19954,675833972324;614,3663813741005;2026-06-30;2026-09-30 22:26:31.322851
2026-12-10;;Taeglich;SARIMA;Prognose;48868,10468824922;28117,974105401252;20750,13058284797;2026-06-30;2026-09-30 22:26:31.322851
2026-12-10;;Taeglich;XGBoost;Prognose;21963,33171634569;19597,11207605225;2366,2196402934387;2026-06-30;2026-09-30 22:26:31.322851
2026-12-11;;Taeglich;SARIMA;Prognose;51589,93783510104;24273,59517375299;27316,342661348048;2026-06-30;2026-09-30 22:26:31.322851
2026-12-11;;Taeglich;XGBoost;Prognose;23186,63523225279;16917,73252673212;6268,902705520668;2026-06-30;2026-09-30 22:26:31.322851
2026-12-12;;Taeglich;SARIMA;Prognose;43966,733336394755;27226,543856577646;16740,18947981711;2026-06-30;2026-09-30 22:26:31.322851
2026-12-12;;Taeglich;XGBoost;Prognose;19760,454286322118;18975,820569463103;784,6337168590144;2026-06-30;2026-09-30 22:26:31.322851
2026-12-13;;Taeglich;SARIMA;Prognose;53346,02997847019;23220,69456074765;30125,335417722545;2026-06-30;2026-09-30 22:26:31.322851
2026-12-13;;Taeglich;XGBoost;Prognose;23975,895108716948;16183,902584337868;7791,99252437908;2026-06-30;2026-09-30 22:26:31.322851
2026-12-14;;Taeglich;SARIMA;Prognose;43542,53509828106;26756,894448753603;16785,64064952746;2026-06-30;2026-09-30 22:26:31.322851
2026-12-14;;Taeglich;XGBoost;Prognose;19569,802189691472;18648,49357047382;921,3086192176524;2026-06-30;2026-09-30 22:26:31.322851
2026-12-15;;Taeglich;SARIMA;Prognose;53297,65131356415;27144,015961091183;26153,635352472967;2026-06-30;2026-09-30 22:26:31.322851
2026-12-15;;Taeglich;XGBoost;Prognose;23954,15175132456;18918,30190146852;5035,84984985604;2026-06-30;2026-09-30 22:26:31.322851
2026-12-16;;Taeglich;SARIMA;Prognose;34227,45073962733;24355,927718879604;9871,523020747729;2026-06-30;2026-09-30 22:26:31.322851
2026-12-16;;Taeglich;XGBoost;Prognose;23502,67210338558;22528,143636360684;974,5284670248948;2026-06-30;2026-09-30 22:26:31.322851
2026-12-17;;Taeglich;SARIMA;Prognose;36547,58673393368;23919,498827964435;12628,087905969242;2026-06-30;2026-09-30 22:26:31.322851
2026-12-17;;Taeglich;XGBoost;Prognose;25095,820127299387;22124,466434856542;2971,3536924428445;2026-06-30;2026-09-30 22:26:31.322851
2026-12-18;;Taeglich;SARIMA;Prognose;38583,1973565364;20649,148801852567;17934,048554683835;2026-06-30;2026-09-30 22:26:31.322851
2026-12-18;;Taeglich;XGBoost;Prognose;26493,59553736843;19099,53895191305;7394,056585455379;2026-06-30;2026-09-30 22:26:31.322851
2026-12-19;;Taeglich;SARIMA;Prognose;32881,93823498149;23161,173754044816;9720,764480936676;2026-06-30;2026-09-30 22:26:31.322851
2026-12-19;;Taeglich;XGBoost;Prognose;22578,76049079551;21423,049663321595;1155,7108274739148;2026-06-30;2026-09-30 22:26:31.322851
2026-12-20;;Taeglich;SARIMA;Prognose;39896,54745128638;19753,463540733188;20143,083910553192;2026-06-30;2026-09-30 22:26:31.322851
2026-12-20;;Taeglich;XGBoost;Prognose;27395,422461864502;18271,070151694556;9124,352310169947;2026-06-30;2026-09-30 22:26:31.322851
2026-12-21;;Taeglich;SARIMA;Prognose;32564,68791396444;22761,650715226617;9803,037198737824;2026-06-30;2026-09-30 22:26:31.322851
2026-12-21;;Taeglich;XGBoost;Prognose;22360,91691470572;21053,508724112988;1307,4081905927305;2026-06-30;2026-09-30 22:26:31.322851
2026-12-22;;Taeglich;SARIMA;Prognose;39860,36590786444;23090,968628598614;16769,397279265828;2026-06-30;2026-09-30 22:26:31.322851
2026-12-22;;Taeglich;XGBoost;Prognose;27370,57798958087;21358,11306274059;6012,464926840279;2026-06-30;2026-09-30 22:26:31.322851
2026-12-23;;Taeglich;SARIMA;Prognose;69847,15728066179;11184,037787106245;58663,11949355555;2026-06-30;2026-09-30 22:26:31.322851
2026-12-23;;Taeglich;XGBoost;Prognose;23897,694398130596;22627,647368886166;1270,0470292444297;2026-06-30;2026-09-30 22:26:31.322851
2026-12-24;;Taeglich;SARIMA;Prognose;74581,80447772045;10983,633299799585;63598,17117792086;2026-06-30;2026-09-30 22:26:31.322851
2026-12-24;;Taeglich;XGBoost;Prognose;25517,619334282575;22222,18718033553;3295,432153947044;2026-06-30;2026-09-30 22:26:31.322851
2026-12-25;;Taeglich;SARIMA;Prognose;78735,82741097109;9481,915989284364;69253,91142168673;2026-06-30;2026-09-30 22:26:31.322851
2026-12-25;;Taeglich;XGBoost;Prognose;26938,88792196116;19183,899005981766;7754,988915979393;2026-06-30;2026-09-30 22:26:31.322851
2026-12-26;;Taeglich;SARIMA;Prognose;67101,40141791831;10635,41678431646;56465,98463360185;2026-06-30;2026-09-30 22:26:31.322851
2026-12-26;;Taeglich;XGBoost;Prognose;22958,25409655821;21517,672346752057;1440,5817498061515;2026-06-30;2026-09-30 22:26:31.322851
2026-12-27;;Taeglich;SARIMA;Prognose;81415,95019693035;9070,624827587073;72345,32536934328;2026-06-30;2026-09-30 22:26:31.322851
2026-12-27;;Taeglich;XGBoost;Prognose;27855,872345979424;18351,770972262577;9504,101373716847;2026-06-30;2026-09-30 22:26:31.322851
2026-12-28;;Taeglich;SARIMA;Prognose;66453,99611630864;10451,959154841781;56002,03696146686;2026-06-30;2026-09-30 22:26:31.322851
2026-12-28;;Taeglich;XGBoost;Prognose;22736,74910405823;21146,499195703636;1590,2499083545954;2026-06-30;2026-09-30 22:26:31.322851
2026-12-29;;Taeglich;SARIMA;Prognose;81342,11536846844;10603,179179372748;70738,9361890957;2026-06-30;2026-09-30 22:26:31.322851
2026-12-29;;Taeglich;XGBoost;Prognose;27830,61029902981;21452,44893007827;6378,16136895154;2026-06-30;2026-09-30 22:26:31.322851
2023-07-05;2023-07-11;Woechentlich;IST;Realisiert;1055,35;0,0;1055,35;2026-06-30;2026-09-30 22:26:31.322851
2023-07-12;2023-07-18;Woechentlich;IST;Realisiert;11444,91;0,0;11444,91;2026-06-30;2026-09-30 22:26:31.322851
2023-07-19;2023-07-25;Woechentlich;IST;Realisiert;20810,44;0,0;20810,44;2026-06-30;2026-09-30 22:26:31.322851
2023-07-26;2023-08-01;Woechentlich;IST;Realisiert;31132,51;0,0;31132,51;2026-06-30;2026-09-30 22:26:31.322851
2023-08-02;2023-08-08;Woechentlich;IST;Realisiert;32863,67;41353,61;-8489,940000000004;2026-06-30;2026-09-30 22:26:31.322851
2023-08-09;2023-08-15;Woechentlich;IST;Realisiert;77470,04000000001;0,0;77470,04000000001;2026-06-30;2026-09-30 22:26:31.322851
2023-08-16;2023-08-22;Woechentlich;IST;Realisiert;66225,74;29478,28;36747,46;2026-06-30;2026-09-30 22:26:31.322851
2023-08-23;2023-08-29;Woechentlich;IST;Realisiert;63061,17;31669,43;31391,74;2026-06-30;2026-09-30 22:26:31.322851
2023-08-30;2023-09-05;Woechentlich;IST;Realisiert;56550,88;54804,84;1746,0400000000063;2026-06-30;2026-09-30 22:26:31.322851
2023-09-06;2023-09-12;Woechentlich;IST;Realisiert;72371,28;99957,87;-27586,59;2026-06-30;2026-09-30 22:26:31.322851
2023-09-13;2023-09-19;Woechentlich;IST;Realisiert;180423,03;85491,25;94931,78;2026-06-30;2026-09-30 22:26:31.322851
2023-09-20;2023-09-26;Woechentlich;IST;Realisiert;83502,52;129514,49;-46011,97000000001;2026-06-30;2026-09-30 22:26:31.322851
2023-09-27;2023-10-03;Woechentlich;IST;Realisiert;200993,96;223945,62;-22951,660000000014;2026-06-30;2026-09-30 22:26:31.322851
2023-10-04;2023-10-10;Woechentlich;IST;Realisiert;188115,71;0,0;188115,71;2026-06-30;2026-09-30 22:26:31.322851
2023-10-11;2023-10-17;Woechentlich;IST;Realisiert;181567,18;277953,65;-96386,47;2026-06-30;2026-09-30 22:26:31.322851
2023-10-18;2023-10-24;Woechentlich;IST;Realisiert;163319,3;204882,52;-41563,21999999999;2026-06-30;2026-09-30 22:26:31.322851
2023-10-25;2023-10-31;Woechentlich;IST;Realisiert;120301,54;76313,41;43988,13;2026-06-30;2026-09-30 22:26:31.322851
2023-11-01;2023-11-07;Woechentlich;IST;Realisiert;232032,2;278676,87;-46644,669999999984;2026-06-30;2026-09-30 22:26:31.322851
2023-11-08;2023-11-14;Woechentlich;IST;Realisiert;257087,33;292732,11;-35644,779999999984;2026-06-30;2026-09-30 22:26:31.322851
2023-11-15;2023-11-21;Woechentlich;IST;Realisiert;428106,69;220939,01;207167,68;2026-06-30;2026-09-30 22:26:31.322851
2023-11-22;2023-11-28;Woechentlich;IST;Realisiert;139058,27000000002;94612,91;44445,36000000001;2026-06-30;2026-09-30 22:26:31.322851
2023-11-29;2023-12-05;Woechentlich;IST;Realisiert;233684,93;120604,3;113080,63;2026-06-30;2026-09-30 22:26:31.322851
2023-12-06;2023-12-12;Woechentlich;IST;Realisiert;383877,93;302332,45;81545,48;2026-06-30;2026-09-30 22:26:31.322851
2023-12-13;2023-12-19;Woechentlich;IST;Realisiert;137679,19;181512,39;-43833,2;2026-06-30;2026-09-30 22:26:31.322851
2023-12-20;2023-12-26;Woechentlich;IST;Realisiert;308159,91000000003;170841,21;137318,7;2026-06-30;2026-09-30 22:26:31.322851
2023-12-27;2024-01-02;Woechentlich;IST;Realisiert;217218,47;69129,18;148089,29;2026-06-30;2026-09-30 22:26:31.322851
2024-01-03;2024-01-09;Woechentlich;IST;Realisiert;233844,08;92149,96;141694,12;2026-06-30;2026-09-30 22:26:31.322851
2024-01-10;2024-01-16;Woechentlich;IST;Realisiert;195247,01;33696,23;161550,78;2026-06-30;2026-09-30 22:26:31.322851
2024-01-17;2024-01-23;Woechentlich;IST;Realisiert;187741,22;112778,4;74962,81999999999;2026-06-30;2026-09-30 22:26:31.322851
2024-01-24;2024-01-30;Woechentlich;IST;Realisiert;146130,83;73418,06;72712,76999999999;2026-06-30;2026-09-30 22:26:31.322851
2024-01-31;2024-02-06;Woechentlich;IST;Realisiert;69046,64;72265,25;-3218,610000000005;2026-06-30;2026-09-30 22:26:31.322851
2024-02-07;2024-02-13;Woechentlich;IST;Realisiert;104388,16;33087,72;71300,44;2026-06-30;2026-09-30 22:26:31.322851
2024-02-14;2024-02-20;Woechentlich;IST;Realisiert;177298,75;141693,86;35604,89;2026-06-30;2026-09-30 22:26:31.322851
2024-02-21;2024-02-27;Woechentlich;IST;Realisiert;133721,36000000002;150203,78999999998;-16482,429999999993;2026-06-30;2026-09-30 22:26:31.322851
2024-02-28;2024-03-05;Woechentlich;IST;Realisiert;57673,33;88728,6;-31055,27;2026-06-30;2026-09-30 22:26:31.322851
2024-03-06;2024-03-12;Woechentlich;IST;Realisiert;232312,71;54109,49;178203,22000000003;2026-06-30;2026-09-30 22:26:31.322851
2024-03-13;2024-03-19;Woechentlich;IST;Realisiert;221031,94;137143,34;83888,6;2026-06-30;2026-09-30 22:26:31.322851
2024-03-20;2024-03-26;Woechentlich;IST;Realisiert;77342,12;67823,87;9518,250000000004;2026-06-30;2026-09-30 22:26:31.322851
2024-03-27;2024-04-02;Woechentlich;IST;Realisiert;139720,94999999998;138758,83;962,1200000000026;2026-06-30;2026-09-30 22:26:31.322851
2024-04-03;2024-04-09;Woechentlich;IST;Realisiert;108356,32;16517,72;91838,6;2026-06-30;2026-09-30 22:26:31.322851
2024-04-10;2024-04-16;Woechentlich;IST;Realisiert;151098,6;153697,64;-2599,040000000001;2026-06-30;2026-09-30 22:26:31.322851
2024-04-17;2024-04-23;Woechentlich;IST;Realisiert;91491,44;35651,5;55839,94;2026-06-30;2026-09-30 22:26:31.322851
2024-04-24;2024-04-30;Woechentlich;IST;Realisiert;100360,21;0,0;100360,21;2026-06-30;2026-09-30 22:26:31.322851
2024-05-01;2024-05-07;Woechentlich;IST;Realisiert;112434,01;104518,59;7915,420000000013;2026-06-30;2026-09-30 22:26:31.322851
2024-05-08;2024-05-14;Woechentlich;IST;Realisiert;226500,37;50672,28;175828,09;2026-06-30;2026-09-30 22:26:31.322851
2024-05-15;2024-05-21;Woechentlich;IST;Realisiert;165149,26;138098,54;27050,720000000005;2026-06-30;2026-09-30 22:26:31.322851
2024-05-22;2024-05-28;Woechentlich;IST;Realisiert;113783,77000000002;158975,98;-45192,21;2026-06-30;2026-09-30 22:26:31.322851
2024-05-29;2024-06-04;Woechentlich;IST;Realisiert;209140,68;149931,78999999998;59208,89;2026-06-30;2026-09-30 22:26:31.322851
2024-06-05;2024-06-11;Woechentlich;IST;Realisiert;211699,18;119320,45;92378,72999999998;2026-06-30;2026-09-30 22:26:31.322851
2024-06-12;2024-06-18;Woechentlich;IST;Realisiert;259182,74;204453,11;54729,630000000005;2026-06-30;2026-09-30 22:26:31.322851
2024-06-19;2024-06-25;Woechentlich;IST;Realisiert;163682,21000000002;182050,09;-18367,880000000005;2026-06-30;2026-09-30 22:26:31.322851
2024-06-26;2024-07-02;Woechentlich;IST;Realisiert;249618,81;192054,92;57563,890000000014;2026-06-30;2026-09-30 22:26:31.322851
2024-07-03;2024-07-09;Woechentlich;IST;Realisiert;286914,13;116798,44;170115,69;2026-06-30;2026-09-30 22:26:31.322851
2024-07-10;2024-07-16;Woechentlich;IST;Realisiert;191436,89;372455,42999999993;-181018,54;2026-06-30;2026-09-30 22:26:31.322851
2024-07-17;2024-07-23;Woechentlich;IST;Realisiert;314430,32;319546,15;-5115,830000000016;2026-06-30;2026-09-30 22:26:31.322851
2024-07-24;2024-07-30;Woechentlich;IST;Realisiert;364710,78;199660,68;165050,09999999998;2026-06-30;2026-09-30 22:26:31.322851
2024-07-31;2024-08-06;Woechentlich;IST;Realisiert;285020,01;83327,42;201692,59;2026-06-30;2026-09-30 22:26:31.322851
2024-08-07;2024-08-13;Woechentlich;IST;Realisiert;260405,22;69208,26999999999;191196,95;2026-06-30;2026-09-30 22:26:31.322851
2024-08-14;2024-08-20;Woechentlich;IST;Realisiert;172337,97;65564,14;106773,83;2026-06-30;2026-09-30 22:26:31.322851
2024-08-21;2024-08-27;Woechentlich;IST;Realisiert;263103,89;150816,7;112287,19;2026-06-30;2026-09-30 22:26:31.322851
2024-08-28;2024-09-03;Woechentlich;IST;Realisiert;100399,96;234679,08;-134279,12;2026-06-30;2026-09-30 22:26:31.322851
2024-09-04;2024-09-10;Woechentlich;IST;Realisiert;186355,53;53701,06;132654,47;2026-06-30;2026-09-30 22:26:31.322851
2024-09-11;2024-09-17;Woechentlich;IST;Realisiert;155398,46;119472,16;35926,3;2026-06-30;2026-09-30 22:26:31.322851
2024-09-18;2024-09-24;Woechentlich;IST;Realisiert;237707,02;67964,95;169742,07;2026-06-30;2026-09-30 22:26:31.322851
2024-09-25;2024-10-01;Woechentlich;IST;Realisiert;125474,18;72848,09;52626,09;2026-06-30;2026-09-30 22:26:31.322851
2024-10-02;2024-10-08;Woechentlich;IST;Realisiert;214775,64;62169,76;152605,88;2026-06-30;2026-09-30 22:26:31.322851
2024-10-09;2024-10-15;Woechentlich;IST;Realisiert;149980,47;88255,8;61724,66999999999;2026-06-30;2026-09-30 22:26:31.322851
2024-10-16;2024-10-22;Woechentlich;IST;Realisiert;157798,65;167724,18;-9925,529999999992;2026-06-30;2026-09-30 22:26:31.322851
2024-10-23;2024-10-29;Woechentlich;IST;Realisiert;83979,51000000001;191781,92;-107802,41;2026-06-30;2026-09-30 22:26:31.322851
2024-10-30;2024-11-05;Woechentlich;IST;Realisiert;73320,61;69404,09;3916,52;2026-06-30;2026-09-30 22:26:31.322851
2024-11-06;2024-11-12;Woechentlich;IST;Realisiert;141104,96;63761,46;77343,5;2026-06-30;2026-09-30 22:26:31.322851
2024-11-13;2024-11-19;Woechentlich;IST;Realisiert;220148,18;93973,87;126174,31;2026-06-30;2026-09-30 22:26:31.322851
2024-11-20;2024-11-26;Woechentlich;IST;Realisiert;127730,4;155193,03;-27462,630000000005;2026-06-30;2026-09-30 22:26:31.322851
2024-11-27;2024-12-03;Woechentlich;IST;Realisiert;107981,82;112944,81;-4962,989999999999;2026-06-30;2026-09-30 22:26:31.322851
2024-12-04;2024-12-10;Woechentlich;IST;Realisiert;254643,66;347858,32;-93214,66;2026-06-30;2026-09-30 22:26:31.322851
2024-12-11;2024-12-17;Woechentlich;IST;Realisiert;123706,16;190726,3;-67020,14000000001;2026-06-30;2026-09-30 22:26:31.322851
2024-12-18;2024-12-24;Woechentlich;IST;Realisiert;333428,13;151972,15;181455,98;2026-06-30;2026-09-30 22:26:31.322851
2024-12-25;2024-12-31;Woechentlich;IST;Realisiert;134445,75;10322,81;124122,94;2026-06-30;2026-09-30 22:26:31.322851
2025-01-01;2025-01-07;Woechentlich;IST;Realisiert;514064,35;187531,57;326532,78;2026-06-30;2026-09-30 22:26:31.322851
2025-01-08;2025-01-14;Woechentlich;IST;Realisiert;160372,48;111200,08;49172,4;2026-06-30;2026-09-30 22:26:31.322851
2025-01-15;2025-01-21;Woechentlich;IST;Realisiert;53285,65;13852,62;39433,03;2026-06-30;2026-09-30 22:26:31.322851
2025-01-22;2025-01-28;Woechentlich;IST;Realisiert;240273,26;48454,3;191818,96;2026-06-30;2026-09-30 22:26:31.322851
2025-01-29;2025-02-04;Woechentlich;IST;Realisiert;79949,16;44624,47;35324,689999999995;2026-06-30;2026-09-30 22:26:31.322851
2025-02-05;2025-02-11;Woechentlich;IST;Realisiert;66081,01;60830,990000000005;5250,01999999999;2026-06-30;2026-09-30 22:26:31.322851
2025-02-12;2025-02-18;Woechentlich;IST;Realisiert;196498,09;151229,07;45269,02000000001;2026-06-30;2026-09-30 22:26:31.322851
2025-02-19;2025-02-25;Woechentlich;IST;Realisiert;47271,53;81067,35;-33795,81999999999;2026-06-30;2026-09-30 22:26:31.322851
2025-02-26;2025-03-04;Woechentlich;IST;Realisiert;46711,88;171042,55;-124330,67;2026-06-30;2026-09-30 22:26:31.322851
2025-03-05;2025-03-11;Woechentlich;IST;Realisiert;137195,59;33090,93;104104,66;2026-06-30;2026-09-30 22:26:31.322851
2025-03-12;2025-03-18;Woechentlich;IST;Realisiert;161640,55;119415,05;42225,49999999999;2026-06-30;2026-09-30 22:26:31.322851
2025-03-19;2025-03-25;Woechentlich;IST;Realisiert;254306,64;27159,61;227147,03;2026-06-30;2026-09-30 22:26:31.322851
2025-03-26;2025-04-01;Woechentlich;IST;Realisiert;190891,45;59785,54;131105,91;2026-06-30;2026-09-30 22:26:31.322851
2025-04-02;2025-04-08;Woechentlich;IST;Realisiert;83375,96;79217,12;4158,840000000004;2026-06-30;2026-09-30 22:26:31.322851
2025-04-09;2025-04-15;Woechentlich;IST;Realisiert;123949,65;73723,29;50226,36;2026-06-30;2026-09-30 22:26:31.322851
2025-04-16;2025-04-22;Woechentlich;IST;Realisiert;135066,74999999997;94445,24;40621,51;2026-06-30;2026-09-30 22:26:31.322851
2025-04-23;2025-04-29;Woechentlich;IST;Realisiert;135920,77;22684,46;113236,31;2026-06-30;2026-09-30 22:26:31.322851
2025-04-30;2025-05-06;Woechentlich;IST;Realisiert;56573,11;22985,97;33587,14;2026-06-30;2026-09-30 22:26:31.322851
2025-05-07;2025-05-13;Woechentlich;IST;Realisiert;146735,97;264272,45;-117536,48;2026-06-30;2026-09-30 22:26:31.322851
2025-05-14;2025-05-20;Woechentlich;IST;Realisiert;89975,06;335991,53;-246016,47;2026-06-30;2026-09-30 22:26:31.322851
2025-05-21;2025-05-27;Woechentlich;IST;Realisiert;203203,21;249170,54;-45967,33;2026-06-30;2026-09-30 22:26:31.322851
2025-05-28;2025-06-03;Woechentlich;IST;Realisiert;366066,18;216290,96;149775,22;2026-06-30;2026-09-30 22:26:31.322851
2025-06-04;2025-06-10;Woechentlich;IST;Realisiert;430075,71;320451,4;109624,31;2026-06-30;2026-09-30 22:26:31.322851
2025-06-11;2025-06-17;Woechentlich;IST;Realisiert;335388,54000000004;516917,93000000005;-181529,39;2026-06-30;2026-09-30 22:26:31.322851
2025-06-18;2025-06-24;Woechentlich;IST;Realisiert;694752,52;202513,36;492239,16;2026-06-30;2026-09-30 22:26:31.322851
2025-06-25;2025-07-01;Woechentlich;IST;Realisiert;285695,76;243033,82;42661,94000000001;2026-06-30;2026-09-30 22:26:31.322851
2025-07-02;2025-07-08;Woechentlich;IST;Realisiert;479755,43;310007,14;169748,29000000004;2026-06-30;2026-09-30 22:26:31.322851
2025-07-09;2025-07-15;Woechentlich;IST;Realisiert;405056,5;316311,63;88744,87;2026-06-30;2026-09-30 22:26:31.322851
2025-07-16;2025-07-22;Woechentlich;IST;Realisiert;339534,77;298452,29;41082,48000000001;2026-06-30;2026-09-30 22:26:31.322851
2025-07-23;2025-07-29;Woechentlich;IST;Realisiert;275244,85;246650,74;28594,11;2026-06-30;2026-09-30 22:26:31.322851
2025-07-30;2025-08-05;Woechentlich;IST;Realisiert;241267,9;156736,21000000002;84531,69;2026-06-30;2026-09-30 22:26:31.322851
2025-08-06;2025-08-12;Woechentlich;IST;Realisiert;447028,6;192288,62;254739,98000000004;2026-06-30;2026-09-30 22:26:31.322851
2025-08-13;2025-08-19;Woechentlich;IST;Realisiert;221700,56;83003,56;138697,0;2026-06-30;2026-09-30 22:26:31.322851
2025-08-20;2025-08-26;Woechentlich;IST;Realisiert;209450,66;127765,05;81685,61000000002;2026-06-30;2026-09-30 22:26:31.322851
2025-08-27;2025-09-02;Woechentlich;IST;Realisiert;137906,99000000002;75058,13;62848,85999999999;2026-06-30;2026-09-30 22:26:31.322851
2025-09-03;2025-09-09;Woechentlich;IST;Realisiert;114091,2;188021,47;-73930,26999999999;2026-06-30;2026-09-30 22:26:31.322851
2025-09-10;2025-09-16;Woechentlich;IST;Realisiert;186026,83;126384,19;59642,64000000001;2026-06-30;2026-09-30 22:26:31.322851
2025-09-17;2025-09-23;Woechentlich;IST;Realisiert;227471,69;137721,32;89750,37;2026-06-30;2026-09-30 22:26:31.322851
2025-09-24;2025-09-30;Woechentlich;IST;Realisiert;306025,48;233518,17;72507,31;2026-06-30;2026-09-30 22:26:31.322851
2025-10-01;2025-10-07;Woechentlich;IST;Realisiert;198879,79;23560,71;175319,08;2026-06-30;2026-09-30 22:26:31.322851
2025-10-08;2025-10-14;Woechentlich;IST;Realisiert;318997,02;50832,02;268165,0;2026-06-30;2026-09-30 22:26:31.322851
2025-10-15;2025-10-21;Woechentlich;IST;Realisiert;191944,26;79625,28;112318,98;2026-06-30;2026-09-30 22:26:31.322851
2025-10-22;2025-10-28;Woechentlich;IST;Realisiert;235164,23;90516,11;144648,12;2026-06-30;2026-09-30 22:26:31.322851
2025-10-29;2025-11-04;Woechentlich;IST;Realisiert;170859,53;138518,5;32341,029999999977;2026-06-30;2026-09-30 22:26:31.322851
2025-11-05;2025-11-11;Woechentlich;IST;Realisiert;183632,76;175750,31;7882,450000000008;2026-06-30;2026-09-30 22:26:31.322851
2025-11-12;2025-11-18;Woechentlich;IST;Realisiert;334385,17;337247,6;-2862,4300000000003;2026-06-30;2026-09-30 22:26:31.322851
2025-11-19;2025-11-25;Woechentlich;IST;Realisiert;218801,09;298238,48;-79437,39;2026-06-30;2026-09-30 22:26:31.322851
2025-11-26;2025-12-02;Woechentlich;IST;Realisiert;255074,96;262662,01;-7587,049999999988;2026-06-30;2026-09-30 22:26:31.322851
2025-12-03;2025-12-09;Woechentlich;IST;Realisiert;296848,42;407354,86;-110506,44;2026-06-30;2026-09-30 22:26:31.322851
2025-12-10;2025-12-16;Woechentlich;IST;Realisiert;390901,51;201235,83;189665,68;2026-06-30;2026-09-30 22:26:31.322851
2025-12-17;2025-12-23;Woechentlich;IST;Realisiert;292348,29;138500,49;153847,8;2026-06-30;2026-09-30 22:26:31.322851
2025-12-24;2025-12-30;Woechentlich;IST;Realisiert;596588,31;195390,05;401198,26;2026-06-30;2026-09-30 22:26:31.322851
2025-12-31;2026-01-06;Woechentlich;IST;Realisiert;222326,77;245037,27;-22710,499999999985;2026-06-30;2026-09-30 22:26:31.322851
2026-01-07;2026-01-13;Woechentlich;IST;Realisiert;226674,19;64237,60999999999;162436,58000000002;2026-06-30;2026-09-30 22:26:31.322851
2026-01-14;2026-01-20;Woechentlich;IST;Realisiert;269822,1;79286,51;190535,59;2026-06-30;2026-09-30 22:26:31.322851
2026-01-21;2026-01-27;Woechentlich;IST;Realisiert;115530,28;69740,35;45789,93;2026-06-30;2026-09-30 22:26:31.322851
2026-01-28;2026-02-03;Woechentlich;IST;Realisiert;29252,65;33628,84;-4376,190000000003;2026-06-30;2026-09-30 22:26:31.322851
2026-02-04;2026-02-10;Woechentlich;IST;Realisiert;57138,29;39336,86;17801,429999999997;2026-06-30;2026-09-30 22:26:31.322851
2026-02-11;2026-02-17;Woechentlich;IST;Realisiert;50377,48;47124,77;3252,71;2026-06-30;2026-09-30 22:26:31.322851
2026-02-18;2026-02-24;Woechentlich;IST;Realisiert;65508,03;103888,26;-38380,23;2026-06-30;2026-09-30 22:26:31.322851
2026-02-25;2026-03-03;Woechentlich;IST;Realisiert;230555,7;94085,12;136470,58;2026-06-30;2026-09-30 22:26:31.322851
2026-03-04;2026-03-10;Woechentlich;IST;Realisiert;119050,09;114932,17;4117,919999999998;2026-06-30;2026-09-30 22:26:31.322851
2026-03-11;2026-03-17;Woechentlich;IST;Realisiert;90859,6;16343,51;74516,09;2026-06-30;2026-09-30 22:26:31.322851
2026-03-18;2026-03-24;Woechentlich;IST;Realisiert;141308,76;95593,97;45714,79000000001;2026-06-30;2026-09-30 22:26:31.322851
2026-03-25;2026-03-31;Woechentlich;IST;Realisiert;214791,18;28283,94;186507,24;2026-06-30;2026-09-30 22:26:31.322851
2026-04-01;2026-04-07;Woechentlich;IST;Realisiert;50247,41;64343,32;-14095,910000000003;2026-06-30;2026-09-30 22:26:31.322851
2026-04-08;2026-04-14;Woechentlich;IST;Realisiert;110244,4;0,0;110244,4;2026-06-30;2026-09-30 22:26:31.322851
2026-04-15;2026-04-21;Woechentlich;IST;Realisiert;111278,76;121829,24;-10550,480000000003;2026-06-30;2026-09-30 22:26:31.322851
2026-04-22;2026-04-28;Woechentlich;IST;Realisiert;135636,55;131206,4;4430,149999999987;2026-06-30;2026-09-30 22:26:31.322851
2026-04-29;2026-05-05;Woechentlich;IST;Realisiert;181567,0;93459,2;88107,79999999999;2026-06-30;2026-09-30 22:26:31.322851
2026-05-06;2026-05-12;Woechentlich;IST;Realisiert;133745,62;126468,71;7276,909999999996;2026-06-30;2026-09-30 22:26:31.322851
2026-05-13;2026-05-19;Woechentlich;IST;Realisiert;136996,18000000002;145977,94;-8981,759999999995;2026-06-30;2026-09-30 22:26:31.322851
2026-05-20;2026-05-26;Woechentlich;IST;Realisiert;167533,84;325982,97;-158449,13;2026-06-30;2026-09-30 22:26:31.322851
2026-05-27;2026-06-02;Woechentlich;IST;Realisiert;205933,47;331829,05;-125895,58;2026-06-30;2026-09-30 22:26:31.322851
2026-06-03;2026-06-09;Woechentlich;IST;Realisiert;296395,31;81178,54000000001;215216,77;2026-06-30;2026-09-30 22:26:31.322851
2026-06-10;2026-06-16;Woechentlich;IST;Realisiert;382271,95;219781,17;162490,77999999997;2026-06-30;2026-09-30 22:26:31.322851
2026-06-17;2026-06-23;Woechentlich;IST;Realisiert;380382,81;294195,58;86187,22999999998;2026-06-30;2026-09-30 22:26:31.322851
2026-06-24;2026-06-30;Woechentlich;IST;Realisiert;245526,23;374750,41;-129224,18000000002;2026-06-30;2026-09-30 22:26:31.322851
2026-07-01;2026-07-07;Woechentlich;SARIMA;Prognose;426511,27981362026;306597,5639495903;119913,71586402995;2026-06-30;2026-09-30 22:26:31.322851
2026-07-01;2026-07-07;Woechentlich;XGBoost;Prognose;376050,0625;317596,96875;58453,09375;2026-06-30;2026-09-30 22:26:31.322851
2026-07-08;2026-07-14;Woechentlich;SARIMA;Prognose;352702,2557485072;337547,59358716966;15154,662161337561;2026-06-30;2026-09-30 22:26:31.322851
2026-07-08;2026-07-14;Woechentlich;XGBoost;Prognose;390982,0;290975,34375;100006,65625;2026-06-30;2026-09-30 22:26:31.322851
2026-07-15;2026-07-21;Woechentlich;SARIMA;Prognose;295649,3212281511;282999,41121105425;12649,910017096845;2026-06-30;2026-09-30 22:26:31.322851
2026-07-15;2026-07-21;Woechentlich;XGBoost;Prognose;335364,5625;300417,6875;34946,875;2026-06-30;2026-09-30 22:26:31.322851
2026-07-22;2026-07-28;Woechentlich;SARIMA;Prognose;239668,98316200209;210471,2030644495;29197,780097552575;2026-06-30;2026-09-30 22:26:31.322851
2026-07-22;2026-07-28;Woechentlich;XGBoost;Prognose;320626,40625;230430,09375;90196,3125;2026-06-30;2026-09-30 22:26:31.322851
2026-07-29;2026-08-04;Woechentlich;SARIMA;Prognose;210083,61196451672;160018,57728237024;50065,03468214648;2026-06-30;2026-09-30 22:26:31.322851
2026-07-29;2026-08-04;Woechentlich;XGBoost;Prognose;413632,96875;143055,140625;270577,828125;2026-06-30;2026-09-30 22:26:31.322851
2026-08-05;2026-08-11;Woechentlich;SARIMA;Prognose;389249,39015692164;122241,38160362051;267008,0085533011;2026-06-30;2026-09-30 22:26:31.322851
2026-08-05;2026-08-11;Woechentlich;XGBoost;Prognose;415230,25;150158,546875;265071,703125;2026-06-30;2026-09-30 22:26:31.322851
2026-08-12;2026-08-18;Woechentlich;SARIMA;Prognose;193045,3840703884;103897,23937508662;89148,14469530177;2026-06-30;2026-09-30 22:26:31.322851
2026-08-12;2026-08-18;Woechentlich;XGBoost;Prognose;274285,21875;145649,609375;128635,609375;2026-06-30;2026-09-30 22:26:31.322851
2026-08-19;2026-08-25;Woechentlich;SARIMA;Prognose;182378,8045618664;126219,1916727588;56159,61288910759;2026-06-30;2026-09-30 22:26:31.322851
2026-08-19;2026-08-25;Woechentlich;XGBoost;Prognose;262459,3125;180405,203125;82054,109375;2026-06-30;2026-09-30 22:26:31.322851
2026-08-26;2026-09-01;Woechentlich;SARIMA;Prognose;120082,2760688616;145069,73196348583;-24987,455894624232;2026-06-30;2026-09-30 22:26:31.322851
2026-08-26;2026-09-01;Woechentlich;XGBoost;Prognose;251865,4375;100465,6328125;151399,8046875;2026-06-30;2026-09-30 22:26:31.322851
2026-09-02;2026-09-08;Woechentlich;SARIMA;Prognose;99344,71759138313;127049,42484905051;-27704,70725766738;2026-06-30;2026-09-30 22:26:31.322851
2026-09-02;2026-09-08;Woechentlich;XGBoost;Prognose;187993,921875;117625,0;70368,921875;2026-06-30;2026-09-30 22:26:31.322851
2026-09-09;2026-09-15;Woechentlich;SARIMA;Prognose;161982,54458512348;122846,68239231956;39135,86219280392;2026-06-30;2026-09-30 22:26:31.322851
2026-09-09;2026-09-15;Woechentlich;XGBoost;Prognose;179201,484375;152961,578125;26239,90625;2026-06-30;2026-09-30 22:26:31.322851
2026-09-16;2026-09-22;Woechentlich;SARIMA;Prognose;198070,5856637905;127974,16952271212;70096,41614107837;2026-06-30;2026-09-30 22:26:31.322851
2026-09-16;2026-09-22;Woechentlich;XGBoost;Prognose;154051,734375;143428,796875;10622,9375;2026-06-30;2026-09-30 22:26:31.322851
2026-09-23;2026-09-29;Woechentlich;SARIMA;Prognose;266471,1641771449;190993,92685683147;75477,2373203134;2026-06-30;2026-09-30 22:26:31.322851
2026-09-23;2026-09-29;Woechentlich;XGBoost;Prognose;136190,765625;141556,796875;-5366,03125;2026-06-30;2026-09-30 22:26:31.322851
2026-09-30;2026-10-06;Woechentlich;SARIMA;Prognose;173174,2375589317;33285,0826758506;139889,1548830811;2026-06-30;2026-09-30 22:26:31.322851
2026-09-30;2026-10-06;Woechentlich;XGBoost;Prognose;126590,125;128972,796875;-2382,671875;2026-06-30;2026-09-30 22:26:31.322851
2026-10-07;2026-10-13;Woechentlich;SARIMA;Prognose;277766,1104834799;187943,2703623179;89822,84012116201;2026-06-30;2026-09-30 22:26:31.322851
2026-10-07;2026-10-13;Woechentlich;XGBoost;Prognose;172081,984375;149347,0625;22734,921875;2026-06-30;2026-09-30 22:26:31.322851
2026-10-14;2026-10-20;Woechentlich;SARIMA;Prognose;167135,13665372107;176293,74521676713;-9158,608563046058;2026-06-30;2026-09-30 22:26:31.322851
2026-10-14;2026-10-20;Woechentlich;XGBoost;Prognose;167091,359375;153768,921875;13322,4375;2026-06-30;2026-09-30 22:26:31.322851
2026-10-21;2026-10-27;Woechentlich;SARIMA;Prognose;204768,8517339205;116829,23769956981;87939,6140343507;2026-06-30;2026-09-30 22:26:31.322851
2026-10-21;2026-10-27;Woechentlich;XGBoost;Prognose;174939,609375;111669,0859375;63270,5234375;2026-06-30;2026-09-30 22:26:31.322851
2026-10-28;2026-11-03;Woechentlich;SARIMA;Prognose;148775,64400800812;193064,81847752363;-44289,17446951551;2026-06-30;2026-09-30 22:26:31.322851
2026-10-28;2026-11-03;Woechentlich;XGBoost;Prognose;172202,65625;131216,15625;40986,5;2026-06-30;2026-09-30 22:26:31.322851
2026-11-04;2026-11-10;Woechentlich;SARIMA;Prognose;159897,9122204538;204045,49718959484;-44147,584969141026;2026-06-30;2026-09-30 22:26:31.322851
2026-11-04;2026-11-10;Woechentlich;XGBoost;Prognose;177804,484375;117562,7578125;60241,7265625;2026-06-30;2026-09-30 22:26:31.322851
2026-11-11;2026-11-17;Woechentlich;SARIMA;Prognose;291165,315820998;201859,74015623436;89305,57566476363;2026-06-30;2026-09-30 22:26:31.322851
2026-11-11;2026-11-17;Woechentlich;XGBoost;Prognose;175004,671875;146074,9375;28929,734375;2026-06-30;2026-09-30 22:26:31.322851
2026-11-18;2026-11-24;Woechentlich;SARIMA;Prognose;190520,67551867984;147009,63767880204;43511,0378398778;2026-06-30;2026-09-30 22:26:31.322851
2026-11-18;2026-11-24;Woechentlich;XGBoost;Prognose;161344,328125;113202,21875;48142,109375;2026-06-30;2026-09-30 22:26:31.322851
2026-11-25;2026-12-01;Woechentlich;SARIMA;Prognose;222106,08588421677;141705,83533954324;80400,25054467353;2026-06-30;2026-09-30 22:26:31.322851
2026-11-25;2026-12-01;Woechentlich;XGBoost;Prognose;187494,421875;123268,921875;64225,5;2026-06-30;2026-09-30 22:26:31.322851
2026-12-02;2026-12-08;Woechentlich;SARIMA;Prognose;258480,2548518053;329261,24500159407;-70780,99014978876;2026-06-30;2026-09-30 22:26:31.322851
2026-12-02;2026-12-08;Woechentlich;XGBoost;Prognose;161670,703125;134198,375;27472,328125;2026-06-30;2026-09-30 22:26:31.322851
2026-12-09;2026-12-15;Woechentlich;SARIMA;Prognose;340376,8223753912;185370,72537942952;155006,09699596168;2026-06-30;2026-09-30 22:26:31.322851
2026-12-09;2026-12-15;Woechentlich;XGBoost;Prognose;152979,3125;129196,0390625;23783,2734375;2026-06-30;2026-09-30 22:26:31.322851
2026-12-16;2026-12-22;Woechentlich;SARIMA;Prognose;254561,77433819417;157691,83198729984;96869,94235089433;2026-06-30;2026-09-30 22:26:31.322851
2026-12-16;2026-12-22;Woechentlich;XGBoost;Prognose;174797,765625;145857,890625;28939,875;2026-06-30;2026-09-30 22:26:31.322851
2026-12-23;2026-12-29;Woechentlich;SARIMA;Prognose;519478,2522689791;72410,76702230825;447067,48524667084;2026-06-30;2026-09-30 22:26:31.322851
2026-12-23;2026-12-29;Woechentlich;XGBoost;Prognose;177735,6875;146502,125;31233,5625;2026-06-30;2026-09-30 22:26:31.322851
