periodenbeginn;periodenbeobachtung_von;periodenbeobachtung_bis;tage_enthalten;ziel_kundeneinzahlungen;ziel_beschaffungsauszahlungen;ziel_netto_cashflow;ziel_anzahl_kundenzahlungen;ziel_anzahl_beschaffungsauszahlungen;ziel_nm_verkaufsvolumen_woche;ziel_nm_bestellvolumen_woche;periodenende;as_of_date;periodenjahr;periodenmonat;periodenquartal;woche_vollstaendig;hist_verfuegbare_wochen;kundeneinzahlungen_lag_1w;kundeneinzahlungen_lag_7w;kundeneinzahlungen_lag_14w;kundeneinzahlungen_lag_30w;kundeneinzahlungen_summe_letzte_7w;kundeneinzahlungen_mittel_letzte_7w;kundeneinzahlungen_std_letzte_7w;kundeneinzahlungen_summe_letzte_14w;kundeneinzahlungen_mittel_letzte_14w;kundeneinzahlungen_std_letzte_14w;kundeneinzahlungen_summe_letzte_30w;kundeneinzahlungen_mittel_letzte_30w;kundeneinzahlungen_std_letzte_30w;beschaffungsauszahlungen_lag_1w;beschaffungsauszahlungen_lag_7w;beschaffungsauszahlungen_lag_14w;beschaffungsauszahlungen_lag_30w;beschaffungsauszahlungen_summe_letzte_7w;beschaffungsauszahlungen_mittel_letzte_7w;beschaffungsauszahlungen_std_letzte_7w;beschaffungsauszahlungen_summe_letzte_14w;beschaffungsauszahlungen_mittel_letzte_14w;beschaffungsauszahlungen_std_letzte_14w;beschaffungsauszahlungen_summe_letzte_30w;beschaffungsauszahlungen_mittel_letzte_30w;beschaffungsauszahlungen_std_letzte_30w;netto_cashflow_lag_1w;netto_cashflow_lag_7w;netto_cashflow_lag_14w;netto_cashflow_lag_30w;netto_cashflow_summe_letzte_7w;netto_cashflow_mittel_letzte_7w;netto_cashflow_std_letzte_7w;netto_cashflow_summe_letzte_14w;netto_cashflow_mittel_letzte_14w;netto_cashflow_std_letzte_14w;netto_cashflow_summe_letzte_30w;netto_cashflow_mittel_letzte_30w;netto_cashflow_std_letzte_30w;datensatz_rolle;split_grenze_training_ende;split_grenze_validierung_start;datenstichtag;beobachtungsende;ziel_beobachtbar;ziel_zensiert;ziel_zensierungsgrund;fuer_spaeteres_supervised_learning_verwendbar
2023-07-05;2023-07-05;2023-07-11;7;1055,35;0,0;1055,35;4;0;0,0;0,0;2023-07-11;2023-07-05;2023;7;3;1;1;982,59;;;;982,59;982,59;0,0;982,59;982,59;0,0;982,59;982,59;0,0;0,0;;;;0,0;0,0;0,0;0,0;0,0;0,0;0,0;0,0;0,0;982,59;;;;982,59;982,59;0,0;982,59;982,59;0,0;982,59;982,59;0,0;Training;2026-05-19;2026-05-20;2026-06-30;2026-05-19;1;0;;1
2023-07-12;2023-07-12;2023-07-18;7;11444,91;0,0;11444,91;20;0;0,0;62264,8;2023-07-18;2023-07-12;2023;7;3;1;2;1055,35;;;;2037,94;1018,97;36,37999999999991;2037,94;1018,97;36,37999999999991;2037,94;1018,97;36,37999999999991;0,0;;;;0,0;0,0;0,0;0,0;0,0;0,0;0,0;0,0;0,0;1055,35;;;;2037,94;1018,97;36,37999999999991;2037,94;1018,97;36,37999999999991;2037,94;1018,97;36,37999999999991;Training;2026-05-19;2026-05-20;2026-06-30;2026-05-19;1;0;;1
2023-07-19;2023-07-19;2023-07-25;7;20810,44;0,0;20810,44;42;0;0,0;28083,2;2023-07-25;2023-07-19;2023;7;3;1;3;11444,91;;;;13482,85;4494,283333333334;4914,9250112240325;13482,85;4494,283333333334;4914,9250112240325;13482,85;4494,283333333334;4914,9250112240325;0,0;;;;0,0;0,0;0,0;0,0;0,0;0,0;0,0;0,0;0,0;11444,91;;;;13482,85;4494,283333333334;4914,9250112240325;13482,85;4494,283333333334;4914,9250112240325;13482,85;4494,283333333334;4914,9250112240325;Training;2026-05-19;2026-05-20;2026-06-30;2026-05-19;1;0;;1
2023-07-26;2023-07-26;2023-08-01;7;31132,51;0,0;31132,51;75;0;0,0;37091,95;2023-08-01;2023-07-26;2023;7;3;1;4;20810,44;;;;34293,29;8573,3225;8248,214804978634;34293,29;8573,3225;8248,214804978634;34293,29;8573,3225;8248,214804978634;0,0;;;;0,0;0,0;0,0;0,0;0,0;0,0;0,0;0,0;0,0;20810,44;;;;34293,29;8573,3225;8248,214804978634;34293,29;8573,3225;8248,214804978634;34293,29;8573,3225;8248,214804978634;Training;2026-05-19;2026-05-20;2026-06-30;2026-05-19;1;0;;1
2023-08-02;2023-08-02;2023-08-08;7;32863,67;41353,61;-8489,940000000004;102;1;17004,69;45981,97;2023-08-08;2023-08-02;2023;8;3;1;5;31132,51;;;;65425,8;13085,16;11655,605882187334;65425,8;13085,16;11655,605882187334;65425,8;13085,16;11655,605882187334;0,0;;;;0,0;0,0;0,0;0,0;0,0;0,0;0,0;0,0;0,0;31132,51;;;;65425,8;13085,16;11655,605882187334;65425,8;13085,16;11655,605882187334;65425,8;13085,16;11655,605882187334;Training;2026-05-19;2026-05-20;2026-06-30;2026-05-19;1;0;;1
2023-08-09;2023-08-09;2023-08-15;7;77470,04000000001;0,0;77470,04000000001;110;0;80200,65;52186,92;2023-08-15;2023-08-09;2023;8;3;1;6;32863,67;;;;98289,47;16381,578333333331;12943,833520602797;98289,47;16381,578333333331;12943,833520602797;98289,47;16381,578333333331;12943,833520602797;41353,61;;;;41353,61;6892,268333333333;15411,580512502513;41353,61;6892,268333333333;15411,580512502513;41353,61;6892,268333333333;15411,580512502513;-8489,940000000004;;;;56935,85999999999;9489,31;13336,477915098125;56935,85999999999;9489,31;13336,477915098125;56935,85999999999;9489,31;13336,477915098125;Training;2026-05-19;2026-05-20;2026-06-30;2026-05-19;1;0;;1
2023-08-16;2023-08-16;2023-08-22;7;66225,74;29478,28;36747,46;123;4;41363,62;121829,11;2023-08-22;2023-08-16;2023;8;3;1;7;77470,04000000001;982,59;;;175759,51;25108,50142857143;24506,39216636837;175759,51;25108,50142857143;24506,39216636837;175759,51;25108,50142857143;24506,39216636837;0,0;0,0;;;41353,61;5907,658571428571;14470,74907457941;41353,61;5907,658571428571;14470,74907457941;41353,61;5907,658571428571;14470,74907457941;77470,04000000001;982,59;;;134405,9;19200,842857142856;26801,79209723736;134405,9;19200,842857142856;26801,79209723736;134405,9;19200,842857142856;26801,79209723736;Training;2026-05-19;2026-05-20;2026-06-30;2026-05-19;1;0;;1
2023-08-23;2023-08-23;2023-08-29;7;63061,17;31669,43;31391,74;133;2;2500,0;111907,31;2023-08-29;2023-08-23;2023;8;3;1;8;66225,74;1055,35;;;241002,66000000003;34428,95142857143;25924,10623103493;241985,25;30248,15625;26653,42776585028;241985,25;30248,15625;26653,42776585028;29478,28;0,0;;;70831,89;10118,841428571428;16311,054046673316;70831,89;8853,98625;15620,281174121785;70831,89;8853,98625;15620,281174121785;36747,46;1055,35;;;170170,77;24310,11;26244,99728709237;171153,36;21394,17;25733,613035478524;171153,36;21394,17;25733,613035478524;Training;2026-05-19;2026-05-20;2026-06-30;2026-05-19;1;0;;1
2023-08-30;2023-08-30;2023-09-05;7;56550,88;54804,84;1746,0400000000063;123;2;161286,42;99463,72;2023-09-05;2023-08-30;2023;8;3;1;9;63061,17;11444,91;;;303008,48;43286,92571428571;23486,092225066102;305046,42000000004;33894,04666666667;27162,684600466546;305046,42000000004;33894,04666666667;27162,684600466546;31669,43;0,0;;;102501,32;14643,045714285716;17242,43657699047;102501,32;11389,035555555556;16379,701768903627;102501,32;11389,035555555556;16379,701768903627;31391,74;11444,91;;;200507,16;28643,88;24493,42145529052;202545,1;22505,011111111107;24464,478587480644;202545,1;22505,011111111107;24464,478587480644;Training;2026-05-19;2026-05-20;2026-06-30;2026-05-19;1;0;;1
2023-09-06;2023-09-06;2023-09-12;7;72371,28;99957,87;-27586,59;148;6;11441,09;189633,72;2023-09-12;2023-09-06;2023;9;3;1;10;56550,88;20810,44;;;348114,45;49730,63571428572;19757,61851115439;361597,3;36159,73;26650,144088475023;361597,3;36159,73;26650,144088475023;54804,84;0,0;;;157306,16;22472,308571428573;20875,757532993983;157306,16;15730,616;20275,824368805424;157306,16;15730,616;20275,824368805424;1746,0400000000063;20810,44;;;190808,29;27258,32714285714;25673,06757972126;204291,14;20429,114;24030,05993843636;204291,14;20429,114;24030,05993843636;Training;2026-05-19;2026-05-20;2026-06-30;2026-05-19;1;0;;1
2023-09-13;2023-09-13;2023-09-19;7;180423,03;85491,25;94931,78;143;5;185750,81;58627,04;2023-09-19;2023-09-13;2023;9;3;1;11;72371,28;31132,51;;;399675,29;57096,47000000001;17025,094399040172;433968,58;39451,68909090909;27459,674916219323;433968,58;39451,68909090909;27459,674916219323;99957,87;0,0;;;257264,03;36752,00428571428;31897,6496616416;257264,03;23387,63909090909;30984,440121344614;257264,03;23387,63909090909;30984,440121344614;-27586,59;31132,51;;;142411,25999999998;20344,46571428571;32172,579543757827;176704,55;16064,05;26748,583677201917;176704,55;16064,05;26748,583677201917;Training;2026-05-19;2026-05-20;2026-06-30;2026-05-19;1;0;;1
2023-09-20;2023-09-20;2023-09-26;7;83502,52;129514,49;-46011,97000000001;174;4;106131,54;201797,2;2023-09-26;2023-09-20;2023;9;3;1;12;180423,03;32863,67;;;548965,81;78423,68714285715;43720,44098623426;614391,61;51199,300833333335;47002,84884047552;614391,61;51199,300833333335;47002,84884047552;85491,25;41353,61;;;342755,28;48965,04;31854,39404950774;342755,28;28562,94;34273,22137363853;342755,28;28562,94;34273,22137363853;94931,78;-8489,940000000004;;;206210,53;29458,64714285714;41594,86842070604;271636,33;22636,36083333333;33630,504029294214;271636,33;22636,36083333333;33630,504029294214;Training;2026-05-19;2026-05-20;2026-06-30;2026-05-19;1;0;;1
2023-09-27;2023-09-27;2023-10-03;7;200993,96;223945,62;-22951,660000000014;158;9;116221,27;181193,95;2023-10-03;2023-09-27;2023;9;3;1;13;83502,52;77470,04000000001;;;599604,66;85657,80857142857;39576,49105835737;697894,13;53684,163846153846;45971,93331343552;697894,13;53684,163846153846;45971,93331343552;129514,49;0,0;;;430916,16;61559,45142857143;42127,12491607462;472269,77;36328,443846153845;42519,78746375667;472269,77;36328,443846153845;42519,78746375667;-46011,97000000001;77470,04000000001;;;168688,49999999997;24098,357142857138;48055,80294399856;225624,36;17355,719999999998;37129,933769478936;225624,36;17355,719999999998;37129,933769478936;Training;2026-05-19;2026-05-20;2026-06-30;2026-05-19;1;0;;1
2023-10-04;2023-10-04;2023-10-10;7;188115,71;0,0;188115,71;172;0;131349,85;70701,17;2023-10-10;2023-10-04;2023;10;4;1;14;200993,96;66225,74;982,59;;723128,5800000001;103304,08285714289;56086,33881341738;898888,0900000001;64206,29214285715;58324,58802246897;898888,0900000001;64206,29214285715;58324,58802246897;223945,62;29478,28;0,0;;654861,78;93551,68285714286;63062,377460199496;696215,39;49729,67071428571;63352,20409034541;696215,39;49729,67071428571;63352,20409034541;-22951,660000000014;36747,46;982,59;;68266,79999999996;9752,399999999994;44864,94583568685;202672,69999999995;14476,621428571423;37254,77124258714;202672,69999999995;14476,621428571423;37254,77124258714;Training;2026-05-19;2026-05-20;2026-06-30;2026-05-19;1;0;;1
2023-10-11;2023-10-11;2023-10-17;7;181567,18;277953,65;-96386,47;175;8;55176,58;289867,93;2023-10-17;2023-10-11;2023;10;4;1;15;188115,71;63061,17;1055,35;;845018,55;120716,93571428572;60610,58168772391;1086021,21;77572,94357142856;63515,78548852275;1087003,8;72466,92;64267,45168779875;0,0;31669,43;0,0;;625383,5;89340,5;67992,03959797102;696215,39;49729,67071428571;63352,20409034541;696215,39;46414,35933333333;62448,48302909532;188115,71;31391,74;1055,35;;219635,05;31376,435714285708;77368,8643536527;389805,82;27843,27285714285;57877,92123739234;390788,4099999999;26052,56066666666;56315,39118570239;Training;2026-05-19;2026-05-20;2026-06-30;2026-05-19;1;0;;1
2023-10-18;2023-10-18;2023-10-24;7;163319,3;204882,52;-41563,21999999999;157;7;285124,45;189614,75;2023-10-24;2023-10-18;2023;10;4;1;16;181567,18;56550,88;11444,91;;963524,56;137646,3657142857;58661,04085132527;1266533,04;90466,64571428573;64979,09740955919;1268570,98;79285,68625;67598,77853832058;277953,65;54804,84;0,0;;871667,7200000001;124523,96;89398,19363453188;974169,04;69583,50285714286;84635,23588423748;974169,04;60885,565;82445,81020161054;-96386,47;1746,0400000000063;11444,91;;91856,83999999995;13122,40571428571;89356,81344496454;292364,0;20883,14285714286;65973,57761113811;294401,93999999994;18400,12125;62061,31455673553;Training;2026-05-19;2026-05-20;2026-06-30;2026-05-19;1;0;;1
2023-10-25;2023-10-25;2023-10-31;7;120301,54;76313,41;43988,13;170;4;113629,32;172323,07;2023-10-31;2023-10-25;2023;10;4;1;17;163319,3;72371,28;20810,44;;1070292,98;152898,99714285714;48612,08901594296;1418407,43;101314,81642857144;63542,71825966547;1431890,28;84228,84;68496,36097028479;204882,52;99957,87;0,0;;1021745,4;145963,62857142856;88093,60762308554;1179051,56;84217,96857142857;88941,930534191;1179051,56;69355,97411764706;86864,46367610202;-41563,21999999999;-27586,59;20810,44;;48547,57999999997;6935,368571428568;91406,1741630771;239355,86999999997;17096,847857142853;67899,58172415983;252838,72;14872,86588235294;61839,3575934686;Training;2026-05-19;2026-05-20;2026-06-30;2026-05-19;1;0;;1
2023-11-01;2023-11-01;2023-11-07;7;232032,2;278676,87;-46644,669999999984;154;11;432755,28;113995,21;2023-11-07;2023-11-01;2023;11;4;1;18;120301,54;180423,03;31132,51;;1118223,24;159746,17714285714;39264,01525157488;1517898,53;108421,32357142855;59581,86771673621;1552191,82;86232,8788888889;67077,36972108285;76313,41;85491,25;0,0;;998100,94;142585,84857142856;90220,47856665;1255364,97;89668,92642857143;85899,93045654516;1255364,97;69742,49833333334;84432,12676534127;43988,13;94931,78;31132,51;;120122,29999999996;17160,328571428567;90974,8109429822;262533,55999999994;18752,39714285714;68251,59509228719;296826,85;16490,380555555555;60465,97240802048;Training;2026-05-19;2026-05-20;2026-06-30;2026-05-19;1;0;;1
2023-11-08;2023-11-08;2023-11-14;7;257087,33;292732,11;-35644,779999999984;152;11;116961,67;120811,86;2023-11-14;2023-11-08;2023;11;4;1;19;232032,2;83502,52;32863,67;;1169832,41;167118,91571428571;46612,19367421906;1718798,22;122771,30142857145;63315,06670936501;1784224,02;93906,52736842106;72955,41277645617;278676,87;129514,49;41353,61;;1191286,56;170183,7942857143;97766,18605009034;1534041,84;109574,41714285714;94657,07250473254;1534041,84;80739,04421052632;94499,82673404492;-46644,669999999984;-46011,97000000001;-8489,940000000004;;-21454,150000000016;-3064,8785714285737;87091,23273931316;184756,37999999995;13196,884285714284;70156,63105306926;250182,18;13167,483157894734;60518,22346677473;Training;2026-05-19;2026-05-20;2026-06-30;2026-05-19;1;0;;1
2023-11-15;2023-11-15;2023-11-21;7;428106,69;220939,01;207167,68;147;7;217526,45;71916,9;2023-11-21;2023-11-15;2023;11;4;1;20;257087,33;200993,96;77470,04000000001;;1343417,22;191916,7457142857;41415,94503455322;1943021,88;138787,27714285714;66809,65502441325;2041311,35;102065,5675;79505,95211818766;292732,11;223945,62;0,0;;1354504,18;193500,59714285712;104516,5566162594;1785420,34;127530,02428571427;103447,18030669929;1826773,95;91338,6975;103045,65365608702;-35644,779999999984;-22951,660000000014;77470,04000000001;;-11086,959999999992;-1583,8514285714275;86433,97394668097;157601,54;11257,252857142856;71098,45275166375;214537,4;10726,87;59937,53300010812;Training;2026-05-19;2026-05-20;2026-06-30;2026-05-19;1;0;;1
2023-11-22;2023-11-22;2023-11-28;7;139058,27000000002;94612,91;44445,36000000001;144;7;368007,24;99782,15;2023-11-28;2023-11-22;2023;11;4;1;21;428106,69;188115,71;66225,74;;1570529,95;224361,42142857143;92845,23113286034;2293658,53;163832,75214285712;97707,09789111144;2469418,04;117591,33523809524;104120,96977038824;220939,01;0,0;29478,28;;1351497,57;193071,08142857143;104396,66794459874;2006359,35;143311,38214285712;99568,02467378;2047712,96;97510,14095238096;104280,8832291988;207167,68;188115,71;36747,46;;219032,3800000001;31290,340000000007;112027,70981296216;287299,18;20521,37;86008,75699746559;421705,08;20081,19428571429;71913,16789035322;Training;2026-05-19;2026-05-20;2026-06-30;2026-05-19;1;0;;1
2023-11-29;2023-11-29;2023-12-05;7;233684,93;120604,3;113080,63;121;8;175676,22999999998;100354,83;2023-12-05;2023-11-29;2023;11;4;1;22;139058,27000000002;181567,18;63061,17;;1521472,51;217353,2157142857;97071,9394677003;2366491,06;169035,07571428572;94249,37493337646;2608476,31;118567,105;101825,29284083922;94612,91;277953,65;31669,43;;1446110,48;206587,21142857143;82314,22250946608;2071493,98;147963,85571428572;95582,27959835784;2142325,87;97378,44863636364;101885,0883800058;44445,36000000001;-96386,47;31391,74;;75362,03000000006;10766,004285714294;92952,8096413408;294997,08;21071,22;86135,24520609775;466150,44;21188,656363636364;70442,82279006438;Training;2026-05-19;2026-05-20;2026-06-30;2026-05-19;1;0;;1
2023-12-06;2023-12-06;2023-12-12;7;383877,93;302332,45;81545,48;120;10;245863,14;110709,27;2023-12-12;2023-12-06;2023;12;4;1;23;233684,93;163319,3;56550,88;;1573590,2599999998;224798,6085714285;96034,79833590964;2537114,8200000003;181222,4871428572;90723,63783131412;2842161,24;123572,22782608696;102316,75466218326;120604,3;204882,52;54804,84;;1288761,13;184108,73285714284;81233,64635642593;2160428,85;154316,34642857144;90460,25343679066;2262930,17;98388,26826086956;99758,08856897114;113080,63;-41563,21999999999;1746,0400000000063;;284829,13;40689,875714285714;87178,09117148264;376685,97;26906,14071428572;89343,83691794859;579231,0700000001;25183,9595652174;71397,60279139517;Training;2026-05-19;2026-05-20;2026-06-30;2026-05-19;1;0;;1
2023-12-13;2023-12-13;2023-12-19;7;137679,19;181512,39;-43833,2;112;9;103047,32;94235,42;2023-12-19;2023-12-13;2023;12;4;1;24;383877,93;120301,54;72371,28;;1794148,89;256306,9842857143;106325,55020355272;2864441,87;204602,9907142857;97506,06065022536;3226039,17;134418,29875;112863,53947400536;302332,45;76313,41;99957,87;;1386211,06;198030,15142857144;91324,37704613878;2407956,46;171996,88999999998;93423,99838406664;2565262,62;106885,9425;105819,95941404364;81545,48;43988,13;-27586,59;;407937,83;58276,83285714286;81010,26238188939;456485,41;32606,100714285712;90099,17941861064;660776,55;27532,35625;70795,9122284532;Training;2026-05-19;2026-05-20;2026-06-30;2026-05-19;1;0;;1
2023-12-20;2023-12-20;2023-12-26;7;308159,91000000003;170841,21;137318,7;93;7;184249,14;90093,1;2023-12-26;2023-12-20;2023;12;4;1;25;137679,19;232032,2;180423,03;;1811526,54;258789,5057142857;103280,33327921042;2929749,7800000003;209267,84142857144;92502,10971430512;3363718,36;134548,7344;110585,07911968656;181512,39;278676,87;85491,25;;1491410,04;213058,5771428572;77697,11259806073;2489510,98;177822,21285714285;91268,22775484963;2746775,01;109871,0004;104708,17997638344;-43833,2;-46644,669999999984;94931,78;;320116,5;45730,92857142857;88688,16321294427;440238,8000000001;31445,628571428573;90967,4285455437;616943,35;24677,734;70761,2293370683;Training;2026-05-19;2026-05-20;2026-06-30;2026-05-19;1;0;;1
2023-12-27;2023-12-27;2024-01-02;7;217218,47;69129,18;148089,29;98;6;61705,71;45693,39;2024-01-02;2023-12-27;2023;12;4;1;26;308159,91000000003;257087,33;83502,52;;1887654,25;269664,89285714284;103896,48405129806;3057486,66;218391,90428571423;95459,45398816258;3671878,27;141226,0873076923;113460,95063648328;170841,21;292732,11;129514,49;;1383574,38;197653,48285714284;73749,78582424775;2574860,94;183918,63857142857;87677,10630206994;2917616,22;112216,00846153848;103342,12497904712;137318,7;-35644,779999999984;-46011,97000000001;;504079,87;72011,41;84582,63482164394;482625,72;34473,26571428571;93694,52888577592;754262,05;29010,078846153847;72689,74563836536;Training;2026-05-19;2026-05-20;2026-06-30;2026-05-19;1;0;;1
2024-01-03;2024-01-03;2024-01-09;7;233844,08;92149,96;141694,12;86;7;136816,13;92869,01;2024-01-09;2024-01-03;2024;1;1;1;27;217218,47;428106,69;200993,96;;1847785,39;263969,34142857144;105510,1300675558;3191202,61;227943,04357142857;87873,36435052677;3889096,74;144040,62;112261,1092390146;69129,18;220939,01;223945,62;;1159971,45;165710,20714285714;74074,43882038904;2514475,6300000004;179605,40214285717;91643,0193240363;2986745,4;110620,2;101736,2568999324;148089,29;207167,68;-22951,660000000014;;687813,9400000001;98259,13428571427;75076,09678788505;676726,9800000001;48337,64142857144;95109,31357993008;902351,34;33420,420000000006;74791,92264981996;Training;2026-05-19;2026-05-20;2026-06-30;2026-05-19;1;0;;1
2024-01-10;2024-01-10;2024-01-16;7;195247,01;33696,23;161550,78;93;3;118104,9;118018,28;2024-01-16;2024-01-10;2024;1;1;1;28;233844,08;139058,27000000002;188115,71;;1653522,78;236217,54;81505,51044515152;3224052,73;230289,4807142857;87560,46182732502;4122940,82;147247,88642857142;111490,81757353724;92149,96;94612,91;0,0;;1031182,4;147311,77142857143;74066,11876602947;2382679,97;170191,42642857143;93357,9440991404;3078895,36;109960,54857142856;99961,80466660036;141694,12;44445,36000000001;188115,71;;622340,38;88905,76857142858;64218,456031436166;841372,76;60098,05428571429;95744,41671902715;1044045,46;37287,337857142855;76143,18380910277;Training;2026-05-19;2026-05-20;2026-06-30;2026-05-19;1;0;;1
2024-01-17;2024-01-17;2024-01-23;7;187741,22;112778,4;74962,81999999999;94;4;169440,64;81549,32;2024-01-23;2024-01-17;2024;1;1;1;29;195247,01;233684,93;181567,18;;1709711,52;244244,50285714288;73959,13281096648;3231184,03;230798,85928571428;87334,08675961204;4318187,83;148903,02862068967;109901,23117177072;33696,23;120604,3;277953,65;;970265,72;138609,38857142857;82809,35991777282;2416376,2;172598,30000000002;89284,69498611643;3112591,59;107330,74448275862;99204,04487235758;161550,78;113080,63;-96386,47;;739445,8;105635,1142857143;65693,59977996637;814807,8300000001;58200,55928571429;93423,62626329002;1205596,24;41572,28413793104;78179,03970250592;Training;2026-05-19;2026-05-20;2026-06-30;2026-05-19;1;0;;1
2024-01-24;2024-01-24;2024-01-30;7;146130,83;73418,06;72712,76999999999;79;3;28057,65;68441,05;2024-01-30;2024-01-24;2024;1;1;1;30;187741,22;383877,93;163319,3;982,59;1663767,8099999998;237681,1157142857;76596,57146584032;3237358,0700000003;231239,8621428572;87099,64623028997;4505929,05;150197,63499999998;108278,69330549358;112778,4;302332,45;204882,52;0,0;962439,82;137491,40285714285;83097,22201102714;2251200,95;160800,06785714283;85412,64933976486;3225369,99;107512,333;97541,5331659651;74962,81999999999;81545,48;-41563,21999999999;982,59;701327,99;100189,71285714286;66426,46903566438;986157,12;70439,79428571429;83013,88642529235;1280559,06;42685,302;77098,35035798787;Training;2026-05-19;2026-05-20;2026-06-30;2026-05-19;1;0;;1
2024-01-31;2024-01-31;2024-02-06;7;69046,64;72265,25;-3218,610000000005;83;4;166004,18;49942,55;2024-02-06;2024-01-31;2024;1;1;1;31;146130,83;137679,19;120301,54;1055,35;1426020,71;203717,2442857143;53455,425613190106;3220169,6;230012,11428571423;88163,04648266571;4651077,29;155035,90966666667;104686,42142360313;73418,06;181512,39;76313,41;0,0;733525,4299999999;104789,34714285714;50402,507658425006;2119736,49;151409,74928571426;87256,74304329255;3298788,05;109959,60166666664;95717,35557663202;72712,76999999999;-43833,2;43988,13;1055,35;692495,28;98927,89714285715;66851,17825384143;1100433,11;78602,365;76999,99077561658;1352289,24;45076,308;76879,926767496;Training;2026-05-19;2026-05-20;2026-06-30;2026-05-19;1;0;;1
2024-02-07;2024-02-07;2024-02-13;7;104388,16;33087,72;71300,44;90;2;143772,92;21876,92;2024-02-13;2024-02-07;2024;2;1;1;32;69046,64;308159,91000000003;232032,2;11444,91;1357388,16;193912,5942857143;68769,3937382551;3168914,7;226351,05;93542,9408764962;4719068,579999999;157302,28599999996;102030,62494604662;72265,25;170841,21;278676,87;0,0;624278,29;89182,61285714286;40087,92114491763;2115688,33;151120,595;87511,4563690225;3371053,3;112368,44333333331;93810,09884533194;-3218,610000000005;137318,7;-46644,669999999984;11444,91;733109,8699999999;104729,9814285714;54903,92781568794;1053226,37;75230,45499999999;79437,00555375963;1348015,28;44933,84266666667;76965,28214364349;Training;2026-05-19;2026-05-20;2026-06-30;2026-05-19;1;0;;1
2024-02-14;2024-02-14;2024-02-20;7;177298,75;141693,86;35604,89;95;5;85419,98000000001;16207,36;2024-02-20;2024-02-14;2024;2;1;1;33;104388,16;217218,47;257087,33;20810,44;1153616,41;164802,3442857143;56232,85161681371;3041270,66;217233,61857142855;98627,30363755228;4812011,83;160400,39433333333;98918,32239206436;33087,72;69129,18;292732,11;0,0;486524,8000000001;69503,54285714286;26771,35968826319;1870099,18;133578,51285714286;84755,35431370279;3404141,02;113471,36733333331;92670,08006106668;71300,44;148089,29;-35644,779999999984;20810,44;667091,61;95298,80142857145;54161,09383230456;1171171,4800000002;83655,10571428573;71968,03977550389;1407870,8099999998;46929,027;76847,01375494596;Training;2026-05-19;2026-05-20;2026-06-30;2026-05-19;1;0;;1
2024-02-21;2024-02-21;2024-02-27;7;133721,36000000002;150203,78999999998;-16482,429999999993;106;6;43757,45;34958,23;2024-02-27;2024-02-21;2024;2;1;1;34;177298,75;233844,08;428106,69;31132,51;1113696,69;159099,52714285714;52530,250147668376;2961482,08;211534,4342857143;98464,85083929516;4968500,14;165616,67133333333;95486,29008869016;141693,86;92149,96;220939,01;0,0;559089,48;79869,92571428571;36792,87272549238;1719060,93;122790,06642857144;72543,14208737457;3545834,88;118194,496;90348,18421187784;35604,89;141694,12;207167,68;31132,51;554607,21;79229,60142857142;52783,87423302404;1242421,15;88744,36785714285;65588,18204650942;1422665,26;47422,17533333333;76725,1947592062;Training;2026-05-19;2026-05-20;2026-06-30;2026-05-19;1;0;;1
2024-02-28;2024-02-28;2024-03-05;7;57673,33;88728,6;-31055,27;98;2;75871,8;112459,91;2024-03-05;2024-02-28;2024;2;1;1;35;133721,36000000002;195247,01;139058,27000000002;32863,67;1013573,97;144796,2814285714;42997,03242917759;2667096,75;190506,9107142857;79595,27715270699;5071088,99;169036,2996666667;92395,788746822;150203,78999999998;33696,23;94612,91;41353,61;617143,3099999999;88163,32999999999;44385,64395409655;1648325,71;117737,55071428572;67842,25969113203;3696038,67;123201,289;87785,04968479187;-16482,429999999993;161550,78;44445,36000000001;-8489,940000000004;396430,66;56632,95142857143;55016,46298362476;1018771,04;72769,36;61933,78987862038;1375050,32;45835,01066666667;77533,97920931342;Training;2026-05-19;2026-05-20;2026-06-30;2026-05-19;1;0;;1
2024-03-06;2024-03-06;2024-03-12;7;232312,71;54109,49;178203,22000000003;118;4;49319,76;36416,24;2024-03-12;2024-03-06;2024;3;1;1;36;57673,33;187741,22;233684,93;77470,04000000001;876000,2899999999;125142,89857142857;46724,96737313155;2585711,81;184693,7007142857;85865,51104455692;5095898,65;169863,28833333336;91277,53684586014;88728,6;112778,4;120604,3;0,0;672175,6799999999;96025,09714285714;38529,39618755331;1642441,4;117317,24285714285;68002,26245797068;3743413,66;124780,45533333332;86718,11790408334;-31055,27;74962,81999999999;113080,63;77470,04000000001;203824,61;29117,801428571423;42375,1400555711;943270,41;67376,45785714286;67226,30114106608;1352484,99;45082,833;78164,24583736126;Training;2026-05-19;2026-05-20;2026-06-30;2026-05-19;1;0;;1
2024-03-13;2024-03-13;2024-03-19;7;221031,94;137143,34;83888,6;109;5;101202,86;41663,28;2024-03-19;2024-03-13;2024;3;1;1;37;232312,71;146130,83;383877,93;66225,74;920571,78;131510,2542857143;56777,22649160933;2584339,59;184595,685;85810,29692479677;5250741,32;175024,71066666668;90279,54207040224;54109,49;73418,06;302332,45;29478,28;613506,77;87643,82428571429;40313,28284578912;1575946,59;112567,61357142858;69902,4306604281;3797523,15;126584,105;84641,91001490616;178203,22000000003;72712,76999999999;81545,48;36747,46;307065,01;43866,43;66731,45483711196;1008393,0;72028,07142857143;72290,10633941015;1453218,1700000002;48440,60566666667;81572,73788038132;Training;2026-05-19;2026-05-20;2026-06-30;2026-05-19;1;0;;1
2024-03-20;2024-03-20;2024-03-26;7;77342,12;67823,87;9518,250000000004;123;6;31032,25;121205,74;2024-03-26;2024-03-20;2024;3;1;1;38;221031,94;69046,64;137679,19;63061,17;995472,89;142210,41285714286;64988,451019382446;2421493,6;172963,82857142857;66979,5731905532;5405547,52;180184,9173333333;88316,19116197745;137143,34;72265,25;181512,39;31669,43;677232,0499999999;96747,4357142857;43167,158342841016;1410757,48;100768,39142857144;47096,45691220312;3905188,21;130172,94033333332;82708,95798974967;83888,6;-3218,610000000005;-43833,2;31391,74;318240,84;45462,97714285715;67531,39954696244;1010736,12;72195,43714285715;72314,65547868412;1500359,31;50011,977;81786,12379650137;Training;2026-05-19;2026-05-20;2026-06-30;2026-05-19;1;0;;1
2024-03-27;2024-03-27;2024-04-02;7;139720,94999999998;138758,83;962,1200000000026;145;5;34042,54;63349,280000000006;2024-04-02;2024-03-27;2024;3;1;1;39;77342,12;104388,16;308159,91000000003;56550,88;1003768,37;143395,48142857142;63706,490371486645;2361156,5300000003;168654,0378571429;70935,66020095306;5419828,47;180660,949;87720,07737310024;67823,87;33087,72;170841,21;54804,84;672790,67;96112,95285714288;43553,2550408596;1297068,96;92647,78285714284;41999,6562642667;3941342,65;131378,08833333332;81519,7410702647;9518,250000000004;71300,44;137318,7;1746,0400000000063;330977,7;47282,52857142857;66356,59143082135;1064087,57;76006,255;67334,03090486286;1478485,82;49282,86066666667;82045,95902120709;Training;2026-05-19;2026-05-20;2026-06-30;2026-05-19;1;0;;1
2024-04-03;2024-04-03;2024-04-09;7;108356,32;16517,72;91838,6;149;1;101550,52;151984,53;2024-04-09;2024-04-03;2024;4;2;1;40;139720,94999999998;177298,75;217218,47;72371,28;1039101,16;148443,02285714285;61786,73660612411;2192717,5700000003;156622,68357142858;59638,69599595056;5502998,54;183433,28466666667;85026,77189563215;138758,83;141693,86;69129,18;99957,87;778461,7799999999;111208,8257142857;36896,56467154896;1264986,58;90356,18428571428;38390,93313021528;4025296,64;134176,55466666666;80274,55306582898;962,1200000000026;35604,89;148089,29;-27586,59;260639,38;37234,19714285714;67278,0138291458;927730,99;66266,4992857143;67622,12790697557;1477701,9;49256,73;82061,21819032748;Training;2026-05-19;2026-05-20;2026-06-30;2026-05-19;1;0;;1
2024-04-10;2024-04-10;2024-04-16;7;151098,6;153697,64;-2599,040000000001;139;4;0,0;67056,82;2024-04-16;2024-04-10;2024;4;2;1;41;108356,32;133721,36000000002;233844,08;180423,03;970158,73;138594,10428571427;61896,78980929155;2083855,42;148846,8157142857;58313,27444307755;5538983,58;184632,786;83694,91737042677;16517,72;150203,78999999998;92149,96;85491,25;653285,6399999999;93326,52;46794,57473790737;1212375,12;86598,22285714287;42626,21067595064;3941856,49;131395,21633333334;82817,21314731314;91838,6;-16482,429999999993;141694,12;94931,78;316873,09;45267,58428571429;69909,69381001809;871480,3;62248,59285714286;64226,98798738752;1597127,09;53237,56966666667;81128,3372640615;Training;2026-05-19;2026-05-20;2026-06-30;2026-05-19;1;0;;1
2024-04-17;2024-04-17;2024-04-23;7;91491,44;35651,5;55839,94;158;1;136269,19;123054,47;2024-04-23;2024-04-17;2024;4;2;1;42;151098,6;57673,33;195247,01;83502,52;987535,97;141076,56714285715;61999,96376059345;2001109,94;142936,42428571428;53383,791740631976;5509659,149999999;183655,305;83909,34221353011;153697,64;88728,6;33696,23;129514,49;656779,49;93825,64142857144;47413,12356948907;1273922,8;90994,48571428572;46011,52334574759;4010062,88;133668,76266666668;82461,27927559016;-2599,040000000001;-31055,27;161550,78;-46011,97000000001;330756,48000000004;47250,92571428572;68308,30421587656;727187,14;51941,938571428575;62196,65114509403;1499596,27;49986,54233333333;81346,26761751772;Training;2026-05-19;2026-05-20;2026-06-30;2026-05-19;1;0;;1
2024-04-24;2024-04-24;2024-04-30;7;100360,21;0,0;100360,21;184;0;79583,42;169527,35;2024-04-30;2024-04-24;2024;4;2;1;43;91491,44;232312,71;187741,22;200993,96;1021354,08;145907,7257142857;56375,23868821682;1897354,37;135525,31214285715;52806,15085532178;5517648,07;183921,6023333333;83603,19004312555;35651,5;54109,49;112778,4;223945,62;603702,3899999999;86243,19857142855;51674,56797547442;1275878,0699999998;91134,14785714285;45840,037717372405;3916199,89;130539,99633333334;84319,2994573258;55839,94;178203,22000000003;74962,81999999999;-22951,660000000014;417651,69000000006;59664,52714285715;60386,13765959553;621476,3;44391,16428571429;54353,88367957156;1601448,18;53381,606;79370,27399768625;Training;2026-05-19;2026-05-20;2026-06-30;2026-05-19;1;0;;1
2024-05-01;2024-05-01;2024-05-07;7;112434,01;104518,59;7915,420000000013;138;5;58489,29;137220,12;2024-05-07;2024-05-01;2024;5;2;1;44;100360,21;221031,94;146130,83;188115,71;889401,5800000001;127057,36857142858;45306,221407392455;1809973,36;129283,81142857144;51411,19159233435;5417014,32;180567,144;84860,33049128306;0,0;137143,34;73418,06;0,0;549592,8999999999;78513,27142857142;59376,37635818725;1163099,67;83078,54785714285;50952,9113053035;3692254,27;123075,14233333334;85622,56061384245;100360,21;83888,6;72712,76999999999;188115,71;339808,68;48544,09714285714;41857,69856710119;646873,6900000001;46205,26357142858;55749,86223732532;1724760,05;57492,00166666667;78498,95391946299;Training;2026-05-19;2026-05-20;2026-06-30;2026-05-19;1;0;;1
2024-05-08;2024-05-08;2024-05-14;7;226500,37;50672,28;175828,09;156;5;161539,03;94727,38;2024-05-14;2024-05-08;2024;5;2;1;45;112434,01;77342,12;69046,64;181567,18;780803,65;111543,37857142858;24102,196782492312;1776276,54;126876,89571428573;51354,88366056944;5341332,62;178044,42066666667;85719,015751505;104518,59;67823,87;72265,25;277953,65;516968,15;73852,59285714285;55761,75938258808;1194200,2;85300,01428571428;51160,84578837711;3796772,86;126559,09533333332;82617,47266792842;7915,420000000013;9518,250000000004;-3218,610000000005;-96386,47;263835,5;37690,78571428572;41129,3490045059;582076,3400000001;41576,88142857143;56046,03801388243;1544559,7600000002;51485,32533333334;75094,48547159246;Training;2026-05-19;2026-05-20;2026-06-30;2026-05-19;1;0;;1
2024-05-15;2024-05-15;2024-05-21;7;165149,26;138098,54;27050,720000000005;150;7;171627,44;75990,43;2024-05-21;2024-05-15;2024;5;2;1;46;226500,37;139720,94999999998;104388,16;163319,3;929961,9;132851,7;42984,18826217973;1933730,27;138123,5907142857;54597,35808359952;5386265,81;179542,19366666666;86158,91505736961;50672,28;138758,83;33087,72;204882,52;499816,56000000006;71402,36571428573;56346,59677845577;1172607,23;83757,65928571428;51851,38161920292;3569491,49;118983,04966666666;78715,94654653137;175828,09;962,1200000000026;71300,44;-41563,21999999999;430145,34;61449,33428571428;61153,56093118135;761123,04;54365,93142857143;64200,09514383069;1816774,32;60559,144;73098,21752529874;Training;2026-05-19;2026-05-20;2026-06-30;2026-05-19;1;0;;1
2024-05-22;2024-05-22;2024-05-28;7;113783,77000000002;158975,98;-45192,21;154;10;110848,99;252112,9;2024-05-28;2024-05-22;2024;5;2;1;47;165149,26;108356,32;177298,75;120301,54;955390,21;136484,31571428574;44460,347649509866;1994491,37;142463,6692857143;54156,387766422136;5388095,77;179603,1923333333;86148,05510503106;138098,54;16517,72;141693,86;76313,41;499156,27;71308,03857142858;56234,2001678258;1277618,0499999998;91258,43214285711;51573,627758703886;3502707,51;116756,917;77184,63149901023;27050,720000000005;91838,6;35604,89;43988,13;456233,94;65176,27714285714;58070,938088384064;716873,3200000001;51205,23714285715;64377,57727898305;1885388,26;62846,27533333333;70907,7782097316;Training;2026-05-19;2026-05-20;2026-06-30;2026-05-19;1;0;;1
2024-05-29;2024-05-29;2024-06-04;7;209140,68;149931,78999999998;59208,89;156;11;359346,60000000003;133666,24;2024-06-04;2024-05-29;2024;5;2;1;48;113783,77000000002;151098,6;133721,36000000002;232032,2;960817,66;137259,66571428571;44008,08375623886;1930976,39;137926,885;53706,677367633805;5381578,0;179385,93333333332;86305,41047041831;158975,98;153697,64;150203,78999999998;278676,87;641614,53;91659,21857142856;58456,93424958692;1294900,1700000002;92492,8692857143;52954,392328630296;3585370,08;119512,33599999998;77167,13942158542;-45192,21;-2599,040000000001;-16482,429999999993;-46644,669999999984;319203,13;45600,44714285714;68026,74747689505;636076,2200000001;45434,01571428572;68974,84708115185;1796207,92;59873,59733333333;73459,50597714176;Training;2026-05-19;2026-05-20;2026-06-30;2026-05-19;1;0;;1
2024-06-05;2024-06-05;2024-06-11;7;211699,18;119320,45;92378,72999999998;151;6;133254,76;229330,8;2024-06-11;2024-06-05;2024;6;2;1;49;209140,68;91491,44;57673,33;257087,33;1018859,74;145551,39142857143;50781,14829710087;2006395,71;143313,9792857143;56713,01682542142;5358686,48;178622,88266666667;85936,98553003522;149931,78999999998;35651,5;88728,6;292732,11;637848,68;91121,24;57898,17790615498;1294628,17;92473,44071428572;52933,26073940588;3456625,0;115220,83333333331;71573,3904556232;59208,89;55839,94;-31055,27;-35644,779999999984;381011,06;54430,15142857143;65147,877958803714;711767,54;50840,53857142857;66843,25346776686;1902061,48;63402,04933333334;70750,68242470085;Training;2026-05-19;2026-05-20;2026-06-30;2026-05-19;1;0;;1
2024-06-12;2024-06-12;2024-06-18;7;259182,74;204453,11;54729,630000000005;167;10;111015,13;264433,36;2024-06-18;2024-06-12;2024;6;2;1;50;211699,18;100360,21;232312,71;428106,69;1139067,48;162723,92571428572;49914,004911987984;2160421,56;154315,82571428572;53902,540360948624;5313298,33;177109,94433333335;84935,98902264144;119320,45;0,0;54109,49;220939,01;721517,63;103073,94714285714;53697,06824482473;1325220,02;94658,57285714286;53363,25122347131;3283213,34;109440,44466666666;63557,4997825446;92378,72999999998;100360,21;178203,22000000003;207167,68;417549,85;59649,97857142857;66501,453219044;835201,54;59657,25285714286;63517,43464403606;2030084,99;67669,49966666667;68472,08958348741;Training;2026-05-19;2026-05-20;2026-06-30;2026-05-19;1;0;;1
2024-06-19;2024-06-19;2024-06-25;7;163682,21000000002;182050,09;-18367,880000000005;166;9;155536,41;58014,86;2024-06-25;2024-06-19;2024;6;2;1;51;259182,74;112434,01;221031,94;139058,27000000002;1297890,01;185412,85857142857;52442,36469118104;2187291,59;156235,11357142855;57033,047083198;5144374,38;171479,146;72848,94593032742;204453,11;104518,59;137143,34;94612,91;925970,74;132281,5342857143;44506,083086117855;1475563,64;105397,40285714284;58957,01207844126;3266727,44;108890,91466666666;62655,962835144455;54729,630000000005;7915,420000000013;83888,6;44445,36000000001;371919,27;53131,32428571428;64394,47610840629;711727,9500000001;50837,71071428572;54356,40168848789;1877646,94;62588,23133333333;63399,771511757775;Training;2026-05-19;2026-05-20;2026-06-30;2026-05-19;1;0;;1
2024-06-26;2024-06-26;2024-07-02;7;249618,81;192054,92;57563,890000000014;136;10;356456,97;99037,46;2024-07-02;2024-06-26;2024;6;2;1;52;163682,21000000002;226500,37;77342,12;233684,93;1349138,21;192734,03;44757,31894137146;2129941,8600000003;152138,7042857143;54222,202225008965;5168998,32;172299,94400000002;72617,38437969924;182050,09;50672,28;67823,87;120604,3;1003502,24;143357,46285714285;45845,91386702317;1520470,39;108605,02785714286;61752,26758833482;3354164,62;111805,48733333332;63944,41645348032;-18367,880000000005;175828,09;9518,250000000004;113080,63;345635,97;49376,56714285714;67607,59749955763;609471,4700000001;43533,67642857144;56261,39588116712;1814833,7;60494,45666666667;64981,828804583696;Training;2026-05-19;2026-05-20;2026-06-30;2026-05-19;1;0;;1
2024-07-03;2024-07-03;2024-07-09;7;286914,13;116798,44;170115,69;135;9;460541,18;76364,77;2024-07-09;2024-07-03;2024;7;3;1;53;249618,81;165149,26;139720,94999999998;383877,93;1372256,65;196036,66428571427;47871,67954589512;2302218,55;164444,18214285714;55387,30901116651;5184932,2;172831,07333333333;73120,94159831222;192054,92;138098,54;138758,83;302332,45;1144884,88;163554,98285714284;28380,71588743505;1644701,44;117478,67428571428;64134,45418001231;3425615,24;114187,17466666667;65538,54620746728;57563,890000000014;27050,720000000005;962,1200000000026;81545,48;227371,77;32481,681428571424;44840,18471546711;657517,11;46965,50785714285;55542,60813063647;1759316,96;58643,89866666667;64244,24433141856;Training;2026-05-19;2026-05-20;2026-06-30;2026-05-19;1;0;;1
2024-07-10;2024-07-10;2024-07-16;7;191436,89;372455,42999999993;-181018,54;136;18;341987,72;116105,07;2024-07-16;2024-07-10;2024;7;3;1;54;286914,13;113783,77000000002;108356,32;137679,19;1494021,52;213431,64571428573;55069,39556680631;2449411,73;174957,98071428572;63126,09063720457;5087968,4;169598,94666666668;65462,694677340616;116798,44;158975,98;16517,72;181512,39;1123584,78;160512,11142857143;31873,826233358435;1622741,0499999998;115910,07499999998;63862,78014000274;3240081,23;108002,70766666668;55473,65028666382;170115,69;-45192,21;91838,6;-43833,2;370436,74;52919,53428571428;65535,35504350781;826670,6799999999;59047,90571428571;62218,28703796264;1847887,17;61596,239;67196,14977155322;Training;2026-05-19;2026-05-20;2026-06-30;2026-05-19;1;0;;1
2024-07-17;2024-07-17;2024-07-23;7;314430,32;319546,15;-5115,830000000016;143;15;91000,18;62137,55;2024-07-23;2024-07-17;2024;7;3;1;55;191436,89;209140,68;151098,6;308159,91000000003;1571674,64;224524,9485714286;39498,84060369553;2532492,3;180892,30714285717;60433,78459521163;5141726,1;171390,87;65299,981383089726;372455,42999999993;149931,78999999998;153697,64;170841,21;1337064,23;191009,17571428567;80639,1429839093;1978678,76;141334,19714285713;86183,21047391907;3431024,27;114367,47566666664;72026,85542808809;-181018,54;59208,89;-2599,040000000001;137318,7;234610,40999999997;33515,77285714285;101790,92427649006;553813,54;39558,11;86781,47934220551;1710701,83;57023,39433333334;78012,58732935999;Training;2026-05-19;2026-05-20;2026-06-30;2026-05-19;1;0;;1
2024-07-24;2024-07-24;2024-07-30;7;364710,78;199660,68;165050,09999999998;145;12;159684,22999999998;49089,53999999999;2024-07-30;2024-07-24;2024;7;3;1;56;314430,32;211699,18;91491,44;217218,47;1676964,28;239566,3257142857;49546,09364882782;2695824,02;192558,85857142857;68749,3430972405;5147996,51;171599,88366666666;65745,93280483877;319546,15;119320,45;35651,5;69129,18;1506678,59;215239,79857142852;89636,75921768615;2144527,27;153180,51928571428;97697,63533173868;3579729,2099999995;119324,307;80375,77112359583;-5115,830000000016;92378,72999999998;55839,94;148089,29;170285,68999999994;24326,527142857136;101960,0164410734;551296,75;39378,33928571428;86871,18352125424;1568267,3;52275,57666666667;77312,48440913841;Training;2026-05-19;2026-05-20;2026-06-30;2026-05-19;1;0;;1
2024-07-31;2024-07-31;2024-08-06;7;285020,01;83327,42;201692,59;126;4;49032,59;156760,1;2024-08-06;2024-07-31;2024;7;3;1;57;364710,78;259182,74;100360,21;233844,08;1829975,88;261425,1257142857;64057,57949703968;2969043,36;212074,5257142857;75715,73422378453;5295488,82;176516,29400000002;73973,29710960833;199660,68;204453,11;0,0;92149,96;1587018,8199999998;226716,97428571427;81383,87765031088;2308536,45;164895,46071428573;92602,6720997153;3710260,71;123675,357;81070,82715760621;165050,09999999998;54729,630000000005;100360,21;141694,12;242957,05999999997;34708,15142857142;111604,20463978268;660506,91;47179,065;92706,49692479832;1585228,11;52840,937;78069,38022181322;Training;2026-05-19;2026-05-20;2026-06-30;2026-05-19;1;0;;1
2024-08-07;2024-08-07;2024-08-13;7;260405,22;69208,26999999999;191196,95;128;6;84324,49;20826,29;2024-08-13;2024-08-07;2024;8;3;1;58;285020,01;163682,21000000002;112434,01;195247,01;1855813,15;265116,1642857144;64564,40676647855;3153703,16;225264,51142857145;71046,01574473624;5346664,75;178222,15833333333;75842,10411603533;83327,42;182050,09;104518,59;33696,23;1465893,13;209413,30428571423;95866,21216708075;2391863,87;170847,4192857143;84100,46681974664;3701438,17;123381,27233333333;81200,55034110855;201692,59;-18367,880000000005;7915,420000000013;161550,78;389920,0199999999;55702,85999999999;126257,10054023212;761839,2899999999;54417,09214285714;100226,76884961252;1645226,58;54840,886000000006;81032,25210537347;Training;2026-05-19;2026-05-20;2026-06-30;2026-05-19;1;0;;1
2024-08-14;2024-08-14;2024-08-20;7;172337,97;65564,14;106773,83;122;3;162751,02000000002;42250,56;2024-08-20;2024-08-14;2024;8;3;1;59;260405,22;249618,81;226500,37;187741,22;1952536,16;278933,7371428572;50109,60418941759;3301674,37;235833,88357142857;64145,86809217317;5411822,96;180394,09866666663;77219,04622753695;69208,26999999999;192054,92;50672,28;112778,4;1353051,31;193293,0442857143;107850,41301502836;2356553,5500000003;168325,2535714286;86545,76983342237;3736950,21;124565,007;80136,37372246776;191196,95;57563,890000000014;175828,09;74962,81999999999;599484,85;85640,69285714286;129936,38284356636;945120,82;67508,63;105147,02618962363;1674872,75;55829,09166666667;82495,14220788114;Training;2026-05-19;2026-05-20;2026-06-30;2026-05-19;1;0;;1
2024-08-21;2024-08-21;2024-08-27;7;263103,89;150816,7;112287,19;119;9;87101,73999999999;89105,26;2024-08-27;2024-08-21;2024;8;3;1;60;172337,97;286914,13;165149,26;146130,83;1875255,32;267893,6171428572;62366,32550185475;3247511,97;231965,1407142857;66192,775648499;5396419,71;179880,657;77219,69639834338;65564,14;116798,44;138098,54;73418,06;1226560,53;175222,93285714285;116771,70563697646;2371445,41;169388,95785714284;85173,84222944634;3689735,95;122991,19833333332;80813,16390131244;106773,83;170115,69;27050,720000000005;72712,76999999999;648694,7899999999;92670,68428571428;129557,82066911194;876066,5599999999;62576,182857142856;101506,72168461446;1706683,76;56889,458666666666;82937,52469894299;Training;2026-05-19;2026-05-20;2026-06-30;2026-05-19;1;0;;1
2024-08-28;2024-08-28;2024-09-03;7;100399,96;234679,08;-134279,12;128;7;70188,07;56709,58;2024-09-03;2024-08-28;2024;8;3;1;61;263103,89;191436,89;113783,77000000002;69046,64;1851445,08;264492,1542857143;61883,62560483729;3345466,6;238961,9;63897,61033825746;5513392,7700000005;183779,759;78361,85533617319;150816,7;372455,42999999993;158975,98;72265,25;1260578,7899999998;180082,68428571426;114932,49025319851;2384163,57;170297,39785714285;84902,65536346393;3767134,59;125571,153;80423,89804623494;112287,19;-181018,54;-45192,21;-3218,610000000005;590866,2899999999;84409,46999999999;126155,20318341428;961303,03;68664,50214285715;101749,26554175242;1746258,18;58208,606;83491,57982702022;Training;2026-05-19;2026-05-20;2026-06-30;2026-05-19;1;0;;1
2024-09-04;2024-09-04;2024-09-10;7;186355,53;53701,06;132654,47;136;2;90238,93;115349,93;2024-09-10;2024-09-04;2024;9;3;1;62;100399,96;314430,32;209140,68;104388,16;1760408,15;251486,8785714286;82125,59896438298;3332082,79;238005,91357142857;65834,05368408246;5544746,090000001;184824,8696666667;77022,32268385247;234679,08;319546,15;149931,78999999998;33087,72;1122802,44;160400,34857142856;89225,2958749125;2459866,67;175704,76214285713;86406,81383628171;3929548,42;130984,94733333332;82102,34399325815;-134279,12;-5115,830000000016;59208,89;71300,44;637605,7099999998;91086,52999999998;112419,2002053428;872216,1199999999;62301,15142857142;111033,0240938974;1615197,6700000002;53839,922333333336;89783,2532539911;Training;2026-05-19;2026-05-20;2026-06-30;2026-05-19;1;0;;1
2024-09-11;2024-09-11;2024-09-17;7;155398,46;119472,16;35926,3;164;6;45643,57;66601,17;2024-09-17;2024-09-11;2024;9;3;1;63;186355,53;364710,78;211699,18;177298,75;1632333,36;233190,48;80311,18618036395;3309297,64;236378,40285714288;66802,0498407112;5626713,460000001;187557,11533333332;75560,4546960094;53701,06;199660,68;119320,45;141693,86;856957,3500000001;122422,47857142858;67283,1923067483;2363635,94;168831,13857142857;91840,36154117512;3950161,76;131672,05866666665;81363,09874832365;132654,47;165050,09999999998;92378,72999999998;35604,89;775376,0099999999;110768,0014285714;105713,90864483584;945661,7;67547,2642857143;112488,5320198832;1676551,7;55885,05666666666;90850,12620787072;Training;2026-05-19;2026-05-20;2026-06-30;2026-05-19;1;0;;1
2024-09-18;2024-09-18;2024-09-24;7;237707,02;67964,95;169742,07;158;4;59613,54;28003,92;2024-09-24;2024-09-18;2024;9;3;1;64;155398,46;285020,01;259182,74;133721,36000000002;1423021,04;203288,72;62842,67054181165;3252996,92;232356,92285714284;69794,32486432654;5604813,170000001;186827,1056666667;75761,56172408361;119472,16;83327,42;204453,11;150203,78999999998;776768,8300000001;110966,97571428573;59538,17571067972;2363787,65;168841,975;91834,52780136508;3927940,06;130931,33533333334;81369,64135591353;35926,3;201692,59;54729,630000000005;-16482,429999999993;646252,21;92321,74428571427;105898,12934819088;889209,27;63514,947857142855;112537,93878883464;1676873,11;55895,77033333333;90847,75292098185;Training;2026-05-19;2026-05-20;2026-06-30;2026-05-19;1;0;;1
2024-09-25;2024-09-25;2024-10-01;7;125474,18;72848,09;52626,09;145;5;87519,65000000001;20844,34;2024-10-01;2024-09-25;2024;9;3;1;65;237707,02;260405,22;163682,21000000002;57673,33;1375708,0499999998;196529,7214285714;55843,19355352176;3231521,2;230822,94285714283;69422,8887300921;5708798,83;190293,29433333327;75631,24102946937;67964,95;69208,26999999999;182050,09;88728,6;761406,36;108772,33714285714;60786,599410120194;2227299,49;159092,82071428568;94735,5356686048;3845701,22;128190,04066666664;82056,57668366829;169742,07;191196,95;-18367,880000000005;-31055,27;614301,69;87757,38428571427;101690,69901428968;1004221,71;71730,12214285714;115748,86601265878;1863097,61;62103,25366666666;92044,521276037;Training;2026-05-19;2026-05-20;2026-06-30;2026-05-19;1;0;;1
2024-10-02;2024-10-02;2024-10-08;7;214775,64;62169,76;152605,88;156;6;142655,91999999998;124560,63;2024-10-08;2024-10-02;2024;10;4;1;66;125474,18;172337,97;249618,81;232312,71;1240777,01;177253,85857142857;53715,0341970608;3193313,17;228093,79785714284;72683,13485246002;5776599,68;192553,32266666665;72586,2175601975;72848,09;65564,14;192054,92;54109,49;765046,18;109292,31142857144;60460,63440196548;2118097,49;151292,67785714284;96992,94165058834;3829820,71;127660,69033333332;82360,09817909861;52626,09;106773,83;57563,890000000014;178203,22000000003;475730,83;67961,54714285713;92719,4892194637;1075215,6800000002;76801,12000000001;113218,02719572;1946778,97;64892,632333333335;90432,97776200064;Training;2026-05-19;2026-05-20;2026-06-30;2026-05-19;1;0;;1
2024-10-09;2024-10-09;2024-10-15;7;149980,47;88255,8;61724,66999999999;162;3;95751,51;161512,47;2024-10-15;2024-10-09;2024;10;4;1;67;214775,64;263103,89;286914,13;221031,94;1283214,68;183316,3828571429;55192,61468149848;3158470,0000000005;225605,00000000003;72499,784660694;5759062,61;191968,7536666667;72333,84184228898;62169,76;150816,7;116798,44;137143,34;761651,8;108807,4;60821,93458779469;1988212,33;142015,16642857142;98844,44968413695;3837880,98;127929,366;82132,55352358945;152605,88;112287,19;170115,69;83888,6;521562,88;74508,98285714285;96759,28390381;1170257,6700000002;83589,83357142858;114700,7227908747;1921181,63;64039,38766666667;89475,5437260387;Training;2026-05-19;2026-05-20;2026-06-30;2026-05-19;1;0;;1
2024-10-16;2024-10-16;2024-10-22;7;157798,65;167724,18;-9925,529999999992;164;8;29045,11;120256,04;2024-10-22;2024-10-16;2024;10;4;1;68;149980,47;100399,96;191436,89;77342,12;1170091,26;167155,89428571428;45104,13357924267;3021536,34;215824,0242857143;72805,0126685233;5688011,14;189600,3713333333;72506,46187043822;88255,8;234679,08;372455,42999999993;67823,87;699090,9;99870,12857142858;58546,21778801052;1959669,69;139976,4064285714;99634,74288668444;3788993,44;126299,78133333332;82418,06407697024;61724,66999999999;-134279,12;-181018,54;9518,250000000004;471000,36;67285,7657142857;95549,19062982115;1061866,65;75847,61785714285;112230,55231195904;1899017,7;63300,59;89400,07080160551;Training;2026-05-19;2026-05-20;2026-06-30;2026-05-19;1;0;;1
2024-10-23;2024-10-23;2024-10-29;7;83979,51000000001;191781,92;-107802,41;164;7;16789,940000000002;120141,23;2024-10-29;2024-10-23;2024;10;4;1;69;157798,65;186355,53;314430,32;139720,94999999998;1227489,95;175355,70714285714;36647,4025654478;2987898,1;213421,2928571429;74113,50670288093;5768467,670000001;192282,2556666667;69739,81879555446;167724,18;53701,06;319546,15;138758,83;632136,0;90305,14285714286;37385,85211579176;1754938,44;125352,74571428572;76861,9681456751;3888893,75;129629,79166666669;82005,28400046244;-9925,529999999992;132654,47;-5115,830000000016;962,1200000000026;595353,95;85050,56428571428;62142,232436080696;1232959,66;88068,54714285715;90878,90312938656;1879573,92;62652,464;89856,94228698283;Training;2026-05-19;2026-05-20;2026-06-30;2026-05-19;1;0;;1
2024-10-30;2024-10-30;2024-11-05;7;73320,61;69404,09;3916,52;175;3;107867,04;169211,1;2024-11-05;2024-10-30;2024;10;4;1;70;83979,51000000001;155398,46;364710,78;108356,32;1125113,93;160730,5614285714;48006,80590858383;2757447,29;196960,52071428573;75431,29303853467;5712726,23;190424,20766666668;71826,7576333379;191781,92;119472,16;199660,68;16517,72;770216,8599999999;110030,97999999998;47835,77625518048;1627174,21;116226,72928571427;58702,91336614149;3941916,84;131397,228;82750,99816106855;-107802,41;35926,3;165050,09999999998;91838,6;354897,07;50699,58142857143;87584,90334185032;1130273,08;80733,79142857144;101613,61452831548;1770809,39;59026,97966666667;94354,46354800693;Training;2026-05-19;2026-05-20;2026-06-30;2026-05-19;1;0;;1
2024-11-06;2024-11-06;2024-11-12;7;141104,96;63761,46;77343,5;147;2;286229,22;177065,72;2024-11-12;2024-11-06;2024;11;4;1;71;73320,61;237707,02;285020,01;151098,6;1043036,08;149005,1542857143;57049,159239142624;2466057,12;176146,93714285715;65867,90023998162;5677690,52;189256,3506666667;73418,81935507235;69404,09;67964,95;83327,42;153697,64;720148,79;102878,39857142858;49600,00402244095;1496917,62;106922,68714285712;54943,91370333894;3994803,21;133160,107;80825,83053069541;3916,52;169742,07;201692,59;-2599,040000000001;322887,2899999999;46126,7557142857;89060,04146575816;969139,5;69224,25;100531,32166117671;1682887,31;56096,24366666667;94654,78112130886;Training;2026-05-19;2026-05-20;2026-06-30;2026-05-19;1;0;;1
2024-11-13;2024-11-13;2024-11-19;7;220148,18;93973,87;126174,31;166;6;151612,56;106975,86;2024-11-19;2024-11-13;2024;11;4;1;72;141104,96;125474,18;260405,22;91491,44;946434,02;135204,86000000002;44148,29105445484;2322142,07;165867,29071428571;58940,23746093034;5667696,880000001;188923,22933333332;73613,60935255002;63761,46;72848,09;69208,26999999999;35651,5;715945,2999999999;102277,9;50042,53133299174;1477351,66;105525,11857142858;55768,96299448804;3904867,03;130162,23433333333;81671,94768446893;77343,5;52626,09;191196,95;55839,94;230488,71999999997;32926,95999999999;75589,05235428282;844790,41;60342,17214285715;93696,02663803069;1762829,85;58760,995;94088,45311028972;Training;2026-05-19;2026-05-20;2026-06-30;2026-05-19;1;0;;1
2024-11-20;2024-11-20;2024-11-26;7;127730,4;155193,03;-27462,630000000005;139;10;239012,93;112934,11;2024-11-26;2024-11-20;2024;11;4;1;73;220148,18;214775,64;172337,97;100360,21;1041108,02;148729,71714285715;52757,84352711269;2281885,03;162991,78785714283;55115,82474453822;5796353,62;193211,7873333333;71530,69190614496;93973,87;62169,76;65564,14;0,0;737071,08;105295,86857142855;48798,23013917631;1502117,26;107294,09;54976,09187073667;3963189,4;132106,31333333332;80077,70115568751;126174,31;152605,88;106773,83;100360,21;304036,93999999994;43433,84857142856;82401,61532555765;779767,77;55697,697857142855;88565,60813313733;1833164,22;61105,474;94859,58663276095;Training;2026-05-19;2026-05-20;2026-06-30;2026-05-19;1;0;;1
2024-11-27;2024-11-27;2024-12-03;7;107981,82;112944,81;-4962,989999999999;146;6;296320,17;29673,25;2024-12-03;2024-11-27;2024;11;4;1;74;127730,4;149980,47;263103,89;112434,01;954062,78;136294,68285714285;45481,90727566535;2237277,46;159805,53285714285;55768,93732292913;5823723,81;194124,127;70507,829896389;155193,03;88255,8;150816,7;104518,59;830094,35;118584,90714285712;47902,49994677577;1591746,15;113696,15357142856;54962,519279583365;4118382,43;137279,41433333332;76300,11706339293;-27462,630000000005;61724,66999999999;112287,19;7915,420000000013;123968,42999999992;17709,775714285704;71719,55921195429;645531,31;46109,37928571429;89775,07772529007;1705341,38;56844,71266666667;95866,05019812538;Training;2026-05-19;2026-05-20;2026-06-30;2026-05-19;1;0;;1
2024-12-04;2024-12-04;2024-12-10;7;254643,66;347858,32;-93214,66;111;11;89701,58;121010,44;2024-12-10;2024-12-04;2024;12;4;1;75;107981,82;157798,65;100399,96;226500,37;912064,13;130294,87571428572;46047,43029779647;2082155,39;148725,385;49163,58432837359;5819271,62;193975,72066666663;70684,0819910582;112944,81;167724,18;234679,08;50672,28;854783,3599999999;122111,90857142856;46425,70761090687;1553874,26;110991,01857142858;53992,38063485802;4126808,65;137560,28833333333;76194,43780389923;-4962,989999999999;-9925,529999999992;-134279,12;175828,09;57280,769999999946;8182,967142857135;69639,16081195662;528281,13;37734,36642857143;88673,08201504819;1692462,97;56415,43233333333;96112,7073453554;Training;2026-05-19;2026-05-20;2026-06-30;2026-05-19;1;0;;1
2024-12-11;2024-12-11;2024-12-17;7;123706,16;190726,3;-67020,14000000001;112;10;188959,42;43999,59;2024-12-17;2024-12-11;2024;12;4;1;76;254643,66;83979,51000000001;186355,53;165149,26;1008909,14;144129,87714285712;63481,01241528676;2236399,09;159742,79214285713;54131,3092473212;5847414,91;194913,83033333332;71293,64814246663;347858,32;191781,92;53701,06;138098,54;1034917,5;147845,35714285713;92065,90390318198;1667053,5;119075,25;75925,19585077393;4423994,69;147466,4896666667;83246,52584394797;-93214,66;-107802,41;132654,47;27050,720000000005;-26008,360000000077;-3715,4800000000105;78294,16949711822;569345,59;40667,54214285714;83460,58752024839;1423420,22;47447,34066666666;97099,01425418476;Training;2026-05-19;2026-05-20;2026-06-30;2026-05-19;1;0;;1
2024-12-18;2024-12-18;2024-12-24;7;333428,13;151972,15;181455,98;98;12;165472,69999999998;20309,98;2024-12-24;2024-12-18;2024;12;4;1;77;123706,16;73320,61;155398,46;113783,77000000002;1048635,79;149805,11285714287;59500,8715572548;2173749,72;155267,83714285717;54335,48491943755;5805971,8100000005;193532,39366666667;72252,0771588627;190726,3;69404,09;119472,16;158975,98;1033861,88;147694,55428571432;91994,64980147751;1804078,74;128862,76714285716;75698,57824298927;4476622,45;149220,74833333335;83584,45867457347;-67020,14000000001;3916,52;35926,3;-45192,21;14773,909999999916;2110,5585714285594;71559,79591876255;369670,98;26405,07;83583,39026517834;1329349,36;44311,64533333333;99203,2192879647;Training;2026-05-19;2026-05-20;2026-06-30;2026-05-19;1;0;;1
2024-12-25;2024-12-25;2024-12-31;7;134445,75;10322,81;124122,94;98;3;69061,70000000001;82572,99;2024-12-31;2024-12-25;2024;12;4;1;78;333428,13;141104,96;237707,02;209140,68;1308743,31;186963,33;78362,59817686549;2351779,39;167984,2421428571;71118,61540658762;6025616,17;200853,87233333333;74880,73454603921;151972,15;63761,46;67964,95;149931,78999999998;1116429,94;159489,99142857143;86318,41701345409;1836578,73;131184,195;75873,13667447187;4469618,619999999;148987,2873333333;83566,66450659813;181455,98;77343,5;169742,07;59208,89;192313,36999999997;27473,33857142856;95247,23855686336;515200,66;36800,04714285714;92676,05522502388;1555997,55;51866,585;100718,03488344802;Training;2026-05-19;2026-05-20;2026-06-30;2026-05-19;1;0;;1
2025-01-01;2025-01-01;2025-01-07;7;514064,35;187531,57;326532,78;97;8;60428,670000000006;66761,01000000001;2025-01-07;2025-01-01;2025;1;1;1;79;134445,75;220148,18;125474,18;211699,18;1302084,1;186012,0142857143;78951,7471534571;2248518,12;160608,43714285715;68822,7195224022;5950921,24;198364,04133333333;75799,98284144694;10322,81;93973,87;72848,09;119320,45;1062991,29;151855,89857142858;96240,04548120654;1778936,59;127066,89928571427;80608,28204227048;4330009,64;144333,65466666667;87193,05759476133;124122,94;126174,31;52626,09;92378,72999999998;239092,80999999997;34156,115714285705;100032,67398488108;469581,53;33541,53785714285;88659,4498975406;1620911,6;54030,386666666665;101546,42399564457;Training;2026-05-19;2026-05-20;2026-06-30;2026-05-19;1;0;;1
2025-01-08;2025-01-08;2025-01-14;7;160372,48;111200,08;49172,4;93;5;60510,05;96111,19999999998;2025-01-14;2025-01-08;2025;1;1;1;80;514064,35;127730,4;214775,64;259182,74;1596000,27;228000,03857142857;140278,165760588;2637108,29;188364,87785714288;113144,25697418506;6253286,41;208442,88033333333;94659,12371314967;187531,57;155193,03;62169,76;204453,11;1156548,99;165221,2842857143;93737,48604698975;1893620,07;135258,57642857142;80509,35125620688;4398220,760000001;146607,3586666667;87400,26437159897;326532,78;-27462,630000000005;152605,88;54729,630000000005;439451,28;62778,75428571428;142090,37803940236;743488,22;53106,30142857142;116547,8752019718;1855065,65;61835,52166666666;112592,13142341598;Training;2026-05-19;2026-05-20;2026-06-30;2026-05-19;1;0;;1
2025-01-15;2025-01-15;2025-01-21;7;53285,65;13852,62;39433,03;82;2;102269,3;73230,12;2025-01-21;2025-01-15;2025;1;1;1;81;160372,48;107981,82;149980,47;163682,21000000002;1628642,35;232663,19285714283;137380,08679152338;2582705,13;184478,93785714285;113104,67938173204;6154476,15;205149,205;94555,32281463816;111200,08;112944,81;88255,8;182050,09;1112556,04;158936,57714285716;95654,3299402495;1942650,39;138760,74214285714;78289,61927792028;4304967,73;143498,92433333333;86944,78322128429;49172,4;-4962,989999999999;61724,66999999999;-18367,880000000005;516086,31;73726,61571428571;137596,90843173247;640054,74;45718,19571428571;113237,68711281684;1849508,42;61650,28066666667;112608,24026703632;Training;2026-05-19;2026-05-20;2026-06-30;2026-05-19;1;0;;1
2025-01-22;2025-01-22;2025-01-28;7;240273,26;48454,3;191818,96;80;6;49767,43;130213,37;2025-01-28;2025-01-22;2025;1;1;1;82;53285,65;254643,66;157798,65;249618,81;1573946,1800000002;224849,4542857143;145561,2263416578;2486010,31;177572,165;117853,13024168686;6044079,59;201469,31966666665;98176,38092710596;13852,62;347858,32;167724,18;192054,92;1013463,85;144780,55;107954,76307777468;1868247,21;133446,22928571427;83864,50634940997;4136770,26;137892,342;89658,76398343197;39433,03;-93214,66;-9925,529999999992;57563,890000000014;560482,33;80068,90428571428;134818,81390179318;617763,1000000001;44125,93571428572;113158,11787037934;1907309,33;63576,977666666666;111713,59341816496;Training;2026-05-19;2026-05-20;2026-06-30;2026-05-19;1;0;;1
2025-01-29;2025-01-29;2025-02-04;7;79949,16;44624,47;35324,689999999995;88;2;111881,68;35024,19;2025-02-04;2025-01-29;2025;1;1;1;83;240273,26;123706,16;83979,51000000001;286914,13;1559575,7799999998;222796,54;145227,50240704938;2568484,92;183463,20857142855;118775,18325643416;6034734,04;201157,8013333333;98037,83524983258;48454,3;190726,3;191781,92;116798,44;714059,8300000001;102008,54714285716;72517,65525941031;1748977,3299999998;124926,95214285712;85980,9501032661;3993169,64;133105,65466666667;90468,9681609994;191818,96;-67020,14000000001;-107802,41;170115,69;845515,95;120787,99285714285;118374,32163340044;819507,59;58536,25642857143;118095,33093259;2041564,4;68052,14666666667;114047,77409987904;Training;2026-05-19;2026-05-20;2026-06-30;2026-05-19;1;0;;1
2025-02-05;2025-02-05;2025-02-11;7;66081,01;60830,990000000005;5250,01999999999;84;4;144579,43;60064,88;2025-02-11;2025-02-05;2025;2;1;1;84;79949,16;333428,13;73320,61;191436,89;1515818,78;216545,54;150214,19837069177;2564454,5700000003;183175,32642857145;119020,58942852703;5827769,069999999;194258,969;99037,38089138926;44624,47;151972,15;69404,09;372455,42999999993;567958,0;81136,85714285714;64569,31248509217;1601819,88;114415,70571428572;86160,24382328;3920995,67;130699,85566666668;91820,1838247738;35324,689999999995;181455,98;3916,52;-181018,54;947860,78;135408,68285714285;99011,60789855974;962634,69;68759,62071428572;109106,1360777614;1906773,4;63559,11333333333;112584,09337027308;Training;2026-05-19;2026-05-20;2026-06-30;2026-05-19;1;0;;1
2025-02-12;2025-02-12;2025-02-18;7;196498,09;151229,07;45269,02000000001;98;6;84976,09;62272,55;2025-02-18;2025-02-12;2025;2;1;1;85;66081,01;134445,75;141104,96;314430,32;1248471,66;178353,0942857143;149626,93241171952;2557214,97;182658,2121428571;119511,47178304258;5702413,19;190080,43966666667;101677,57967166294;60830,990000000005;10322,81;63761,46;319546,15;476816,84;68116,69142857143;57808,0435867045;1593246,78;113803,34142857142;86507,7424149882;3609371,23;120312,37433333333;80855,28066516004;5250,01999999999;124122,94;77343,5;-5115,830000000016;771654,82;110236,40285714284;106239,96266566614;963968,19;68854,87071428572;109050,05393141913;2093041,96;69768,06533333333;103711,22274652137;Training;2026-05-19;2026-05-20;2026-06-30;2026-05-19;1;0;;1
2025-02-19;2025-02-19;2025-02-25;7;47271,53;81067,35;-33795,81999999999;79;4;165154,9;107051,97;2025-02-25;2025-02-19;2025;2;1;1;86;196498,09;514064,35;220148,18;364710,78;1310524,0;187217,7142857143;148597,65807307875;2612608,1;186614,86428571423;118986,06897370816;5584480,96;186149,3653333333;99039,48696876444;151229,07;187531,57;93973,87;199660,68;617723,1000000001;88246,15714285716;58704,53418224275;1680714,39;120051,02785714284;85823,85533778962;3441054,1500000004;114701,805;72213,7296272852;45269,02000000001;326532,78;126174,31;165050,09999999998;692800,8999999999;98971,55714285711;108330,28553531156;931893,71;66563,83642857142;109184,49375373308;2143426,81;71447,56033333334;102889,66842296938;Training;2026-05-19;2026-05-20;2026-06-30;2026-05-19;1;0;;1
2025-02-26;2025-02-26;2025-03-04;7;46711,88;171042,55;-124330,67;108;7;54638,62;11380,97;2025-03-04;2025-02-26;2025;2;1;1;87;47271,53;160372,48;127730,4;285020,01;843731,18;120533,02571428572;71909,78999803518;2439731,45;174266,53214285715;123740,77968263975;5267041,71;175568,057;96316,93363212251;81067,35;111200,08;155193,03;83327,42;511258,88;73036,98285714285;42591,52417942725;1667807,87;119129,13357142858;86167,64745910499;3322460,82;110748,694;70684,54237549896;-33795,81999999999;49172,4;-27462,630000000005;201692,59;332472,3;47496,04285714285;64854,91680605134;771923,5800000001;55137,39857142857;110708,2119799716;1944580,89;64819,363;103051,00027347395;Training;2026-05-19;2026-05-20;2026-06-30;2026-05-19;1;0;;1
2025-03-05;2025-03-05;2025-03-11;7;137195,59;33090,93;104104,66;104;1;94654,36;52321,32;2025-03-11;2025-03-05;2025;3;1;1;88;46711,88;53285,65;107981,82;260405,22;730070,5800000001;104295,79714285716;73885,98511795166;2358712,93;168479,49499999997;127615,6753399258;5028733,58;167624,45266666668;96788,37911826768;171042,55;13852,62;112944,81;69208,26999999999;571101,35;81585,90714285713;53898,51042978162;1683657,39;120261,24214285715;86736,27654445356;3410175,95;113672,53166666668;71301,26084148076;-124330,67;39433,03;-4962,989999999999;191196,95;158969,2299999999;22709,889999999985;88369,56255348164;675055,54;48218,25285714286;118413,34795361466;1618557,63;53951,921;105211,79838255032;Training;2026-05-19;2026-05-20;2026-06-30;2026-05-19;1;0;;1
2025-03-12;2025-03-12;2025-03-18;7;161640,55;119415,05;42225,49999999999;120;7;123058,31;0,0;2025-03-18;2025-03-12;2025;3;1;1;89;137195,59;240273,26;254643,66;172337,97;813980,52;116282,93142857144;71402,77417356911;2387926,7;170566,19285714286;126845,9138411922;4905523,95;163517,465;95367,94262847544;33090,93;48454,3;347858,32;65564,14;590339,66;84334,23714285715;50774,62440211666;1603803,51;114557,39357142858;89607,95646416197;3374058,61;112468,62033333333;72339,23228193537;104104,66;191818,96;-93214,66;106773,83;223640,85999999996;31948,694285714275;92899,49541669912;784123,19;56008,79928571428;118245,94313503048;1531465,34;51048,84466666667;102552,74078001508;Training;2026-05-19;2026-05-20;2026-06-30;2026-05-19;1;0;;1
2025-03-19;2025-03-19;2025-03-25;7;254306,64;27159,61;227147,03;109;2;38247,82;124441,33;2025-03-25;2025-03-19;2025;3;1;1;90;161640,55;79949,16;123706,16;263103,89;735347,81;105049,68714285716;55406,16863634616;2294923,59;163923,11357142855;124685,6680962764;4894826,53;163160,88433333335;95354,29398545764;119415,05;44624,47;190726,3;150816,7;661300,41;94471,48714285716;49670,89412269689;1375360,24;98240,01714285716;62267,213218485456;3427909,52;114263,65066666668;71819,33221796676;42225,49999999999;35324,689999999995;-67020,14000000001;112287,19;74047,39999999994;10578,199999999992;67360,90264364223;919563,35;65683,09642857143;110957,35768289812;1466917,01;48897,23366666667;102036,86160217394;Training;2026-05-19;2026-05-20;2026-06-30;2026-05-19;1;0;;1
2025-03-26;2025-03-26;2025-04-01;7;190891,45;59785,54;131105,91;147;5;17784,0;97575,64;2025-04-01;2025-03-26;2025;3;1;1;91;254306,64;66081,01;333428,13;100399,96;909705,29;129957,89857142858;74444,2007700799;2425524,0700000003;173251,7192857143;126204,10897535576;4886029,279999999;162867,64266666665;95059,56134937378;27159,61;60830,990000000005;151972,15;234679,08;643835,5499999999;91976,50714285714;52471,724726873;1211793,55;86556,68214285714;59081,4142377765;3304252,43;110141,74766666668;73139,54251103236;227147,03;5250,01999999999;181455,98;-134279,12;265869,73999999993;37981,39142857142;101977,28282859024;1213730,52;86695,03714285714;111688,63699883338;1581776,85;52725,895;106404,97758867736;Training;2026-05-19;2026-05-20;2026-06-30;2026-05-19;1;0;;1
2025-04-02;2025-04-02;2025-04-08;7;83375,96;79217,12;4158,840000000004;111;3;67310,2;242322,51;2025-04-08;2025-04-02;2025;4;2;1;92;190891,45;196498,09;134445,75;186355,53;1034515,73;147787,96142857143;71913,47579236724;2282987,39;163070,52785714288;118378,37762186148;4976520,77;165884,02566666665;94463,3564802939;59785,54;151229,07;10322,81;53701,06;642790,1;91827,15714285712;52561,57241101437;1119606,94;79971,92428571428;56504,78692037875;3129358,89;104311,963;69878,08173043666;131105,91;45269,02000000001;124122,94;132654,47;391725,63;55960,80428571428;105650,08401623872;1163380,4500000002;83098,60357142858;109365,87726522356;1847161,88;61572,062666666665;101404,38654451045;Training;2026-05-19;2026-05-20;2026-06-30;2026-05-19;1;0;;1
2025-04-09;2025-04-09;2025-04-15;7;123949,65;73723,29;50226,36;159;3;33338,95;185649,25;2025-04-15;2025-04-09;2025;4;2;1;93;83375,96;47271,53;514064,35;155398,46;921393,6;131627,65714285715;71861,94826999573;2231917,6;159422,68571428573;119980,2709209648;4873541,2;162451,37333333335;95522,20978649096;79217,12;81067,35;187531,57;119472,16;570778,1499999999;81539,7357142857;46642,47109409065;1188501,25;84892,94642857143;53123,58462823272;3154874,95;105162,49833333334;69410,60786409365;4158,840000000004;-33795,81999999999;326532,78;35926,3;350615,44999999995;50087,92142857142;107212,25659526208;1043416,35;74529,73928571428;110509,55535322268;1718666,25;57288,875;101024,53281605884;Training;2026-05-19;2026-05-20;2026-06-30;2026-05-19;1;0;;1
2025-04-16;2025-04-16;2025-04-22;7;135066,74999999997;94445,24;40621,51;140;4;2500,0;292555,04;2025-04-22;2025-04-16;2025;4;2;1;94;123949,65;46711,88;160372,48;237707,02;998071,72;142581,67428571428;63529,56502999059;1841802,9;131557,35;68738,9808710257;4842092,39;161403,07966666666;95766,11237795852;73723,29;171042,55;111200,08;67964,95;563434,09;80490,58428571429;46723,82294266472;1074692,97;76763,78357142858;44860,515207876495;3109126,08;103637,536;69581,81434396947;50226,36;-124330,67;49172,4;169742,07;434637,63;62091,08999999999;101711,27234104666;767109,9299999999;54793,56642857142;85609,14336595581;1732966,3099999998;57765,54366666666;100956,32554691652;Training;2026-05-19;2026-05-20;2026-06-30;2026-05-19;1;0;;1
2025-04-23;2025-04-23;2025-04-29;7;135920,77;22684,46;113236,31;161;1;126182,38;276777,43;2025-04-29;2025-04-23;2025;4;2;1;95;135066,74999999997;137195,59;53285,65;125474,18;1086426,59;155203,79857142855;50712,45255717394;1816497,17;129749,79785714284;68288,73972310325;4739452,12;157981,73733333332;94807,62835846354;94445,24;33090,93;13852,62;72848,09;486836,7799999999;69548,11142857141;30328,485781099043;1057938,13;75567,00928571427;44143,63339799445;3135606,37;104520,21233333334;69291,04271368714;40621,51;104104,66;39433,03;52626,09;599589,8099999999;85655,68714285713;69935,80632366137;758559,0399999999;54182,788571428566;85677,54455226082;1603845,7499999998;53461,525;98820,51544395076;Training;2026-05-19;2026-05-20;2026-06-30;2026-05-19;1;0;;1
2025-04-30;2025-04-30;2025-05-06;7;56573,11;22985,97;33587,14;140;2;258048,97;402630,77;2025-05-06;2025-04-30;2025;4;2;1;96;135920,77;161640,55;240273,26;214775,64;1085151,77;155021,68142857144;50779,0414568054;1899132,29;135652,30642857144;64912,29693492172;4749898,71;158329,957;94706,72259428244;22684,46;119415,05;48454,3;62169,76;476430,31;68061,47285714284;32271,89054674748;1066769,97;76197,855;43312,4625909593;3085442,74;102848,09133333332;70627,55491029599;113236,31;42225,49999999999;191818,96;152605,88;608721,46;86960,20857142856;70351,70093139779;832362,3200000001;59454,45142857143;86870,05072124064;1664455,97;55481,865666666665;99400,65423260866;Training;2026-05-19;2026-05-20;2026-06-30;2026-05-19;1;0;;1
2025-05-07;2025-05-07;2025-05-13;7;146735,97;264272,45;-117536,48;164;7;407461,43;221986,21;2025-05-13;2025-05-07;2025;5;2;1;97;56573,11;254306,64;79949,16;149980,47;980084,33;140012,04714285713;61086,43209692803;1715432,14;122530,86714285714;60879,30279527105;4591696,18;153056,53933333332;95814,9208808215;22985,97;27159,61;44624,47;88255,8;380001,23;54285,89000000001;27662,68432204449;1041301,64;74378,68857142856;44943,64769193347;3046258,95;101541,965;71721,59093374954;33587,14;227147,03;35324,689999999995;61724,66999999999;600083,1;85726,15714285713;71196,27085423496;674130,5;48152,17857142857;78835,29640931217;1545437,23;51514,57433333333;97807,43405491722;Training;2026-05-19;2026-05-20;2026-06-30;2026-05-19;1;0;;1
2025-05-14;2025-05-14;2025-05-20;7;89975,06;335991,53;-246016,47;150;12;315735,23;268990,8;2025-05-20;2025-05-14;2025;5;2;1;98;146735,97;190891,45;66081,01;157798,65;872513,6599999999;124644,80857142856;40443,53795700608;1782218,9500000002;127301,35357142858;59965,54533000502;4588451,68;152948,38933333333;95820,16287529148;264272,45;59785,54;60830,990000000005;167724,18;617114,0700000001;88159,15285714286;76235,82161872945;1260949,62;90067,83;65469,33820715931;3222275,6;107409,18666666666;77371,73429778195;-117536,48;131105,91;5250,01999999999;-9925,529999999992;255399,5899999999;36485,6557142857;75428,12131604849;521269,33;37233,52357142857;89693,60710506172;1366176,0799999998;45539,20266666666;102370,51750272218;Training;2026-05-19;2026-05-20;2026-06-30;2026-05-19;1;0;;1
2025-05-21;2025-05-21;2025-05-27;7;203203,21;249170,54;-45967,33;137;13;409272,37;41698,37;2025-05-27;2025-05-21;2025;5;2;1;99;89975,06;83375,96;196498,09;83979,51000000001;771597,27;110228,18142857144;31186,669165722884;1806113,0;129008,07142857143;58521,46986797159;4520628,09;150687,603;96476,9210635134;335991,53;79217,12;151229,07;191781,92;893320,0599999999;127617,15142857142;113641,41170494616;1536110,16;109722,15428571428;90325,94088659449;3390542,95;113018,09833333334;87036,34310022849;-246016,47;4158,840000000004;45269,02000000001;-107802,41;-121722,79000000004;-17388,970000000005;113617,74373366153;270002,84;19285,917142857143;115674,16876219372;1130085,14;37669,50466666667;114667,94014446612;Training;2026-05-19;2026-05-20;2026-06-30;2026-05-19;1;0;;1
2025-05-28;2025-05-28;2025-06-03;7;366066,18;216290,96;149775,22;136;9;335436,68;178960,59;2025-06-03;2025-05-28;2025;5;2;1;100;203203,21;123949,65;47271,53;73320,61;891424,52;127346,36;42561,465157634;1812818,12;129487,00857142857;59096,45792319844;4639851,79;154661,72633333332;96102,0288644118;249170,54;73723,29;81067,35;69404,09;1063273,48;151896,21142857143;118747,59975293114;1634051,63;116717,97357142856;96828,53245379913;3447931,5700000003;114931,05233333334;89346,46357222613;-45967,33;50226,36;-33795,81999999999;3916,52;-171848,96000000002;-24549,85142857143;113613,63651966063;178766,49;12769,035;116593,14931848946;1191920,22;39730,674;112571,11596599712;Training;2026-05-19;2026-05-20;2026-06-30;2026-05-19;1;0;;1
2025-06-04;2025-06-04;2025-06-10;7;430075,71;320451,4;109624,31;138;13;253024,11;304714,95;2025-06-10;2025-06-04;2025;6;2;1;101;366066,18;135066,74999999997;46711,88;141104,96;1133541,0499999998;161934,43571428568;93565,5752974806;2131612,77;152258,055;80553,66906945925;4932597,36;164419,912;102027,25105811717;216290,96;94445,24;171042,55;63761,46;1205841,15;172263,02142857146;115782,4169240634;1769275,24;126376,80285714286;99498,17538207666;3594818,44;119827,28133333332;90731,40790563745;149775,22;40621,51;-124330,67;77343,5;-72300,10000000006;-10328,585714285724;127469,0140308072;362337,53;25881,252142857145;120863,2226413434;1337778,92;44592,63066666666;114059,293687341;Training;2026-05-19;2026-05-20;2026-06-30;2026-05-19;1;0;;1
2025-06-11;2025-06-11;2025-06-17;7;335388,54000000004;516917,93000000005;-181529,39;170;15;382124,13;181238,7;2025-06-17;2025-06-11;2025;6;2;1;102;430075,71;135920,77;137195,59;220148,18;1428550,0099999998;204078,57285714283;130945,2396650452;2514976,6;179641,18571428573;102256,49225364505;5221568,11;174052,27033333335;112477,07099177808;320451,4;22684,46;33090,93;93973,87;1431847,31;204549,61571428573;120975,9100722214;1918684,09;137048,86357142858;111057,84742034084;3851508,38;128383,61266666668;96932,27668645723;109624,31;113236,31;104104,66;126174,31;-3297,3000000000466;-471,0428571428638;133550,9713526142;596292,51;42592,32214285714;114969,09533786446;1370059,73;45668,657666666666;114514,54625873748;Training;2026-05-19;2026-05-20;2026-06-30;2026-05-19;1;0;;1
2025-06-18;2025-06-18;2025-06-24;7;694752,52;202513,36;492239,16;179;8;321023,17000000004;288170,59;2025-06-24;2025-06-18;2025;6;2;1;103;335388,54000000004;56573,11;161640,55;127730,4;1628017,7799999998;232573,96857142853;134663,336233577;2713169,55;193797,825;108903,40627678616;5336808,47;177893,61566666665;115901,48488688498;516917,93000000005;22985,97;119415,05;155193,03;1926080,7800000005;275154,3971428572;137347,30664960187;2402511,0900000003;171607,93500000003;143787,1642532207;4274452,44;142481,748;119120,12853524247;-181529,39;33587,14;42225,49999999999;-27462,630000000005;-298063,00000000006;-42580,42857142858;137472,79942086755;310658,46;22189,890000000003;126961,64920998712;1062356,03;35411,867666666665;120469,79977268745;Training;2026-05-19;2026-05-20;2026-06-30;2026-05-19;1;0;;1
2025-06-25;2025-06-25;2025-07-01;7;285695,76;243033,82;42661,94000000001;127;9;438205,22;118512,62;2025-07-01;2025-06-25;2025;6;2;1;104;694752,52;146735,97;254306,64;107981,82;2266197,19;323742,4557142857;189507,01409039996;3246281,52;231877,25142857144;168111,40962573563;5903830,59;196794,353;147975,70392915502;202513,36;264272,45;27159,61;112944,81;2105608,17;300801,1671428572;99379,13366551325;2485609,4;177543,52857142856;143224,17261834483;4321772,7700000005;144059,09233333336;119590,3741893467;492239,16;-117536,48;227147,03;-4962,989999999999;160589,01999999996;22941,28857142857;233749,01679257225;760672,1200000001;54333,722857142864;175611,04990263225;1582057,82;52735,26066666667;145042,99982314874;Training;2026-05-19;2026-05-20;2026-06-30;2026-05-19;1;0;;1
2025-07-02;2025-07-02;2025-07-08;7;479755,43;310007,14;169748,29000000004;157;14;169800,74;125493,23;2025-07-08;2025-07-02;2025;7;3;1;105;285695,76;89975,06;190891,45;254643,66;2405156,98;343593,8542857143;176775,9144952304;3277670,64;234119,3314285714;168604,19036563573;6081544,53;202718,151;147858,86528107672;243033,82;335991,53;59785,54;347858,32;2084369,54;297767,07714285713;100762,63817342462;2701483,61;192963,115;137718,46410564217;4451861,78;148395,39266666668;120736,56186046616;42661,94000000001;-246016,47;131105,91;-93214,66;320787,44;45826,77714285714;226608,1897020708;576187,03;41156,21642857143;168944,22363621954;1629682,75;54322,75833333333;144662,93387560704;Training;2026-05-19;2026-05-20;2026-06-30;2026-05-19;1;0;;1
2025-07-09;2025-07-09;2025-07-15;7;405056,5;316311,63;88744,87;127;15;380128,88;88656,88;2025-07-15;2025-07-09;2025;7;3;1;106;479755,43;203203,21;83375,96;123706,16;2794937,35;399276,7642857143;146999,24404225254;3566534,62;254752,4728571429;179382,1726210653;6306656,3;210221,87666666665;155802,38977313804;310007,14;249170,54;79217,12;190726,3;2058385,15;294055,02142857143;99759,72534102452;2951705,21;210836,08642857143;135493,82926812238;4414010,600000001;147133,68666666668;118828,26004103888;169748,29000000004;-45967,33;4158,840000000004;-67020,14000000001;736552,2;105221,74285714285;194550,2609539888;614829,4100000001;43916,38642857144;170697,81659713975;1892645,7;63088,19000000001;143419,16572386984;Training;2026-05-19;2026-05-20;2026-06-30;2026-05-19;1;0;;1
2025-07-16;2025-07-16;2025-07-22;7;339534,77;298452,29;41082,48000000001;146;13;247807,95;45122,23;2025-07-22;2025-07-16;2025;7;3;1;107;405056,5;366066,18;123949,65;333428,13;2996790,64;428112,9485714285;123652,35381534816;3888215,16;277729,6542857143;176538,45660491107;6588006,64;219600,2213333333;158752,27038052253;316311,63;216290,96;73723,29;151972,15;2125526,24;303646,60571428575;98198,6107910442;3188799,72;227771,40857142856;132774,3399368044;4539595,930000001;151319,86433333336;122447,2402848104;88744,87;149775,22;50226,36;181455,98;871264,4;124466,34285714288;185075,08030313536;699415,4400000002;49958,24571428573;170680,63280895763;2048410,71;68280,357;141420,53630413584;Training;2026-05-19;2026-05-20;2026-06-30;2026-05-19;1;0;;1
2025-07-23;2025-07-23;2025-07-29;7;275244,85;246650,74;28594,11;124;10;264616,67;91895,02;2025-07-29;2025-07-23;2025;7;3;1;108;339534,77;430075,71;135066,74999999997;134445,75;2970259,23;424322,7471428571;125882,63528797869;4103800,28;293128,59142857144;171791,68742253422;6594113,28;219803,776;158901,93628634574;298452,29;320451,4;94445,24;10322,81;2207687,57;315383,93857142853;91754,63190209388;3413528,72;243823,48;126622,0340347064;4686076,07;156202,53566666666;125264,00260070308;41082,48000000001;109624,31;40621,51;124122,94;762571,6599999999;108938,80857142856;186851,391110794;690271,5600000002;49305,11142857144;170695,85168930888;1908037,21;63601,24033333334;139912,73727398124;Training;2026-05-19;2026-05-20;2026-06-30;2026-05-19;1;0;;1
2025-07-30;2025-07-30;2025-08-05;7;241267,9;156736,21000000002;84531,69;140;9;142785,52;114525,24;2025-08-05;2025-07-30;2025;7;3;1;109;275244,85;335388,54000000004;135920,77;514064,35;2815428,37;402204,0528571429;136115,25129509615;4243978,38;303141,3128571428;166284,1999990959;6734912,38;224497,07933333333;158389,9899893501;246650,74;516917,93000000005;22684,46;187531,57;2133886,91;304840,9871428572;94757,49798841706;3565734,22;254695,30142857143;119673,16707252908;4922404,0;164080,13333333333;123257,23743227342;28594,11;-181529,39;113236,31;326532,78;681541,46;97363,06571428572;188948,56157080524;678244,1600000001;48446,01142857144;170767,64516278575;1812508,38;60416,946;139585,77442759424;Training;2026-05-19;2026-05-20;2026-06-30;2026-05-19;1;0;;1
2025-08-06;2025-08-06;2025-08-12;7;447028,6;192288,62;254739,98000000004;142;8;100046,74;222658,59;2025-08-12;2025-08-06;2025;8;3;1;110;241267,9;694752,52;56573,11;160372,48;2721307,73;388758,2471428571;146317,72480502864;4349325,51;310666,10785714287;160841,3117860527;6462115,930000001;215403,86433333336;149060,74011156178;156736,21000000002;202513,36;22985,97;111200,08;1773705,19;253386,4557142857;55133,989599805966;3699785,97;264270,42642857146;105216,35112973212;4891608,640000001;163053,62133333334;123185,86890070976;84531,69;492239,16;33587,14;49172,4;947602,54;135371,79142857142;152213,1551350391;649539,54;46395,68142857143;170148,62837859988;1570507,29;52350,243;130682,48869307883;Training;2026-05-19;2026-05-20;2026-06-30;2026-05-19;1;0;;1
2025-08-13;2025-08-13;2025-08-19;7;221700,56;83003,56;138697,0;150;5;97695,95;185263,71;2025-08-19;2025-08-13;2025;8;3;1;111;447028,6;285695,76;146735,97;53285,65;2473583,81;353369,1157142857;85237,76894469466;4739781,0;338555,78571428574;147677,44434324792;6748772,05;224959,06833333333;154321,70234985946;192288,62;243033,82;264272,45;13852,62;1763480,45;251925,77857142856;56578,941415318;3869088,62;276363,47285714286;84474,22868481847;4972697,18;165756,57266666665;122907,75211862577;254739,98000000004;42661,94000000001;-117536,48;39433,03;710103,3600000001;101443,33714285716;76549,12315756836;870692,3800000001;62192,31285714287;178297,0231420624;1776074,87;59202,49566666667;135631,89048414116;Training;2026-05-19;2026-05-20;2026-06-30;2026-05-19;1;0;;1
2025-08-20;2025-08-20;2025-08-26;7;209450,66;127765,05;81685,61000000002;147;8;31326,08;88705,44;2025-08-26;2025-08-20;2025;8;3;1;112;221700,56;479755,43;89975,06;240273,26;2409588,61;344226,94428571424;94891,0737815674;4814745,59;343910,39928571426;141870,08181875086;6917186,96;230572,89866666668;151002,10120709377;83003,56;310007,14;335991,53;48454,3;1603450,19;229064,31285714285;82119,56351161322;3687819,73;263415,695;98124,32642636482;5041848,12;168061,604;120665,2837552196;138697,0;169748,29000000004;-246016,47;191818,96;806138,4199999999;115162,63142857142;73322,60155316479;1126925,8600000003;80494,70428571431;171946,51186246666;1875338,8400000003;62511,29466666668;136318,30292992532;Training;2026-05-19;2026-05-20;2026-06-30;2026-05-19;1;0;;1
2025-08-27;2025-08-27;2025-09-02;7;137906,99000000002;75058,13;62848,85999999999;107;3;371598,54;57275,52;2025-09-02;2025-08-27;2025;8;3;1;113;209450,66;405056,5;203203,21;79949,16;2139283,84;305611,9771428571;86511,00486369255;4934221,19;352444,3707142857;129382,143062283;6886364,359999999;229545,47866666663;151037,4590699632;127765,05;316311,63;249170,54;44624,47;1421208,1;203029,7285714286;81214,49669713042;3479593,25;248542,375;101711,84602530127;5121158,87;170705,29566666667;118871,29637232368;81685,61000000002;88744,87;-45967,33;35324,689999999995;718075,74;102582,24857142856;70373,1705186161;1454627,9400000002;103901,99571428572;146297,07897143663;1765205,49;58840,183;134253,89648464796;Training;2026-05-19;2026-05-20;2026-06-30;2026-05-19;1;0;;1
2025-09-03;2025-09-03;2025-09-09;7;114091,2;188021,47;-73930,26999999999;159;7;178003,31;142009,36;2025-09-09;2025-09-03;2025;9;3;1;114;137906,99000000002;339534,77;366066,18;66081,01;1872134,33;267447,7614285714;92912,61316525652;4868924,97;347780,355;135700,60697929378;6944322,19;231477,40633333332;149474,19007758933;75058,13;298452,29;216290,96;60830,990000000005;1179954,6;168564,94285714283;76904,16298012025;3305480,84;236105,7742857143;111087,22983558754;5151592,53;171719,75100000002;117917,01674591372;62848,85999999999;41082,48000000001;149775,22;5250,01999999999;692179,7300000001;98882,81857142858;71672,02138637236;1563444,13;111674,58071428572;140920,0524344557;1792729,66;59757,655333333336;134184,08997283067;Training;2026-05-19;2026-05-20;2026-06-30;2026-05-19;1;0;;1
2025-09-10;2025-09-10;2025-09-16;7;186026,83;126384,19;59642,64000000001;160;7;158450,53;135425,69;2025-09-16;2025-09-10;2025;9;3;1;115;114091,2;275244,85;430075,71;196498,09;1646690,76;235241,53714285715;101058,88505901756;4616949,99;329782,14214285713;148214,68905602815;6992332,38;233077,746;147943,99006452374;188021,47;246650,74;320451,4;151229,07;1069523,78;152789,11142857143;57526,94708385803;3277211,35;234086,525;111684,3789951969;5278783,01;175959,43366666665;116126,7793692884;-73930,26999999999;28594,11;109624,31;45269,02000000001;577166,98;82452,42571428571;93037,5733037884;1339738,64;95695,61714285715;148189,40016871027;1713549,37;57118,312333333335;135996,75182165825;Training;2026-05-19;2026-05-20;2026-06-30;2026-05-19;1;0;;1
2025-09-17;2025-09-17;2025-09-23;7;227471,69;137721,32;89750,37;148;8;133258,06;127176,97999999998;2025-09-23;2025-09-17;2025;9;3;1;116;186026,83;241267,9;335388,54000000004;47271,53;1557472,7400000002;222496,10571428572;100835,78442845284;4372901,11;312350,0792857143;149737,58744813997;6981861,12;232728,704;148042,19988910647;126384,19;156736,21000000002;516917,93000000005;81067,35;949257,23;135608,17571428572;43071,98323564584;3083144,14;220224,58142857143;112147,33923924775;5253938,13;175131,271;116388,48810427252;59642,64000000001;84531,69;-181529,39;-33795,81999999999;608215,51;86887,93000000001;91083,77822381548;1289756,97;92125,49785714284;148412,7316124158;1727922,99;57597,433;135979,48068050836;Training;2026-05-19;2026-05-20;2026-06-30;2026-05-19;1;0;;1
2025-09-24;2025-09-24;2025-09-30;7;306025,48;233518,17;72507,31;155;9;31406,98;329291,67;2025-09-30;2025-09-24;2025;9;3;1;117;227471,69;447028,6;694752,52;46711,88;1543676,53;220525,2185714286;100584,13205903076;4264984,26;304641,73285714287;151124,4853843121;7162061,279999999;238735,376;143996,02517579516;137721,32;192288,62;202513,36;171042,55;930242,34;132891,76285714286;42245,52289597944;2703947,53;193139,10928571428;77730,06663227185;5310592,100000001;177019,7366666667;115301,47426329154;89750,37;254739,98000000004;492239,16;-124330,67;613434,19;87633,45571428571;91082,7987715085;1561036,7300000002;111502,6235714286;127680,05947797706;1851469,18;61715,63933333334;135016,64970734896;Training;2026-05-19;2026-05-20;2026-06-30;2026-05-19;1;0;;1
2025-10-01;2025-10-01;2025-10-07;7;198879,79;23560,71;175319,08;181;3;57896,100000000006;163366,8;2025-10-07;2025-10-01;2025;10;4;1;118;306025,48;221700,56;285695,76;137195,59;1402673,41;200381,91571428571;58537,43333518044;3876257,22;276875,5157142857;105817,41359072234;7421374,88;247379,16266666667;139935,59728615047;233518,17;83003,56;243033,82;33090,93;971471,89;138781,69857142857;51889,494133873726;2734952,34;195353,73857142852;78404,36095227902;5373067,720000001;179102,25733333334;115738,086277813;72507,31;138697,0;42661,94000000001;104104,66;431201,52;61600,21714285714;60512,85208952028;1141304,8800000004;81521,77714285717;71816,8177722598;2048307,16;68276,90533333334;130524,14789857212;Training;2026-05-19;2026-05-20;2026-06-30;2026-05-19;1;0;;1
2025-10-08;2025-10-08;2025-10-14;7;318997,02;50832,02;268165,0;159;5;115486,52;194680,02;2025-10-14;2025-10-08;2025;10;4;1;119;198879,79;209450,66;479755,43;161640,55;1379852,64;197121,80571428573;57891,26664617637;3789441,25;270674,375;107646,81958696524;7483059,08;249435,30266666663;138749,66423351952;23560,71;127765,05;310007,14;119415,05;912029,04;130289,86285714286;63816,17994407292;2515479,2300000004;179677,08785714288;88584,20717146322;5363537,5;178784,58333333334;116150,76067933031;175319,08;81685,61000000002;169748,29000000004;42225,49999999999;467823,6;66831,94285714286;68064,15675250889;1273962,02;90997,28714285714;74755,80600143538;2119521,58;70650,71933333334;131795,54176895443;Training;2026-05-19;2026-05-20;2026-06-30;2026-05-19;1;0;;1
2025-10-15;2025-10-15;2025-10-21;7;191944,26;79625,28;112318,98;156;7;318440,31;248071,14;2025-10-21;2025-10-15;2025;10;4;1;120;318997,02;137906,99000000002;405056,5;254306,64;1489399,0;212771,2857142857;72157,58045178272;3628682,84;259191,63142857145;92196,98306248704;7640415,55;254680,5183333333;138305,17284231732;50832,02;75058,13;316311,63;27159,61;835096,01;119299,43;69661,6112456857;2256304,11;161164,57928571428;86469,40500704148;5294954,47;176498,48233333332;117957,66266384152;268165,0;62848,85999999999;88744,87;227147,03;654302,99;93471,85571428572;98398,37383430958;1372378,73;98027,05214285714;85662,48517024388;2345461,08;78182,03600000001;136333,4418446529;Training;2026-05-19;2026-05-20;2026-06-30;2026-05-19;1;0;;1
2025-10-22;2025-10-22;2025-10-28;7;235164,23;90516,11;144648,12;178;3;109827,85;108342,8;2025-10-28;2025-10-22;2025;10;4;1;121;191944,26;114091,2;339534,77;190891,45;1543436,27;220490,89571428573;66395,96641581613;3415570,6;243969,32857142857;84094,14860839487;7578053,170000001;252601,77233333336;138763,0699940227;79625,28;188021,47;298452,29;59785,54;839663,16;119951,88;69264,44798733362;2019617,76;144258,41142857142;77114,9433600233;5347420,14;178247,338;116104,96243912764;112318,98;-73930,26999999999;41082,48000000001;131105,91;703773,11;100539,0157142857;97719,35967476352;1395952,84;99710,91714285714;85695,16730639606;2230633,0300000003;74354,43433333334;133683,63979048442;Training;2026-05-19;2026-05-20;2026-06-30;2026-05-19;1;0;;1
2025-10-29;2025-10-29;2025-11-04;7;170859,53;138518,5;32341,029999999977;158;7;262564,34;144519,3;2025-11-04;2025-10-29;2025;10;4;1;122;235164,23;186026,83;275244,85;83375,96;1664509,3;237787,0428571429;50227,03461439221;3311200,06;236514,29;79808,8123429922;7622325,95;254077,53166666668;138333,68544414942;90516,11;126384,19;246650,74;79217,12;742157,8;106022,54285714286;63760,44085366887;1811681,58;129405,82714285716;65070,34434600863;5378150,71;179271,69033333333;115187,23322481652;144648,12;59642,64000000001;28594,11;4158,840000000004;922351,5;131764,49999999997;67107,99199564605;1499518,48;107108,46285714286;84780,04768554155;2244175,24;74805,84133333334;133897,20256411014;Training;2026-05-19;2026-05-20;2026-06-30;2026-05-19;1;0;;1
2025-11-05;2025-11-05;2025-11-11;7;183632,76;175750,31;7882,450000000008;143;8;357517,94;242427,49;2025-11-11;2025-11-05;2025;11;4;1;123;170859,53;227471,69;241267,9;123949,65;1649342,0;235620,2857142857;52680,4294506046;3206814,74;229058,19571428568;80713,08790629254;7709809,52;256993,65066666668;135599,57627614288;138518,5;137721,32;156736,21000000002;73723,29;754292,1100000001;107756,01571428574;64451,657170554114;1703549,34;121682,09571428572;56555,65073542693;5437452,090000001;181248,403;113955,4949133518;32341,029999999977;89750,37;84531,69;50226,36;895049,89;127864,27;71814,60184433729;1503265,4;107376,1;84537,33469149504;2272357,43;75745,24766666668;133496,51837048543;Training;2026-05-19;2026-05-20;2026-06-30;2026-05-19;1;0;;1
2025-11-12;2025-11-12;2025-11-18;7;334385,17;337247,6;-2862,4300000000003;155;15;362312,4;143710,64;2025-11-18;2025-11-12;2025;11;4;1;124;183632,76;306025,48;447028,6;135066,74999999997;1605503,07;229357,58142857143;55790,86777893648;3149179,6;224941,4;81451,8074275074;7769492,63;258983,08766666663;134062,1411842024;175750,31;233518,17;192288,62;94445,24;792321,1;113188,72857142855;68239,93049294547;1722563,44;123040,24571428572;57599,813795136375;5539479,11;184649,30366666667;112204,75925275276;7882,450000000008;72507,31;254739,98000000004;40621,51;813181,97;116168,85285714285;82882,74639402097;1426616,16;101901,15428571428;88240,46783340682;2230013,52;74333,784;133981,83848320312;Training;2026-05-19;2026-05-20;2026-06-30;2026-05-19;1;0;;1
2025-11-19;2025-11-19;2025-11-25;7;218801,09;298238,48;-79437,39;142;15;192313,45;63739,93;2025-11-25;2025-11-19;2025;11;4;1;125;334385,17;198879,79;221700,56;135920,77;1633862,76;233408,9657142857;61905,77884407896;3036536,17;216895,4407142857;62467,389779044;7968811,05;265627,035;132688,31713973297;337247,6;23560,71;83003,56;22684,46;896050,5299999999;128007,21857142856;97675,0492090604;1867522,42;133394,45857142858;78393,17428544685;5782281,470000001;192742,71566666669;114146,3398999795;-2862,4300000000003;175319,08;138697,0;113236,31;737812,2299999999;105401,74714285712;92224,45412023085;1169013,75;83500,98214285714;81013,7093983271;2186529,58;72884,31933333333;134572,61991247936;Training;2026-05-19;2026-05-20;2026-06-30;2026-05-19;1;0;;1
2025-11-26;2025-11-26;2025-12-02;7;255074,96;262662,01;-7587,049999999988;127;8;340950,22;109539,09;2025-12-02;2025-11-26;2025;11;4;1;126;218801,09;318997,02;209450,66;56573,11;1653784,06;236254,86571428573;60699,1529827348;3033636,7;216688,3357142857;62455,92093309488;8051691,37;268389,71233333333;130808,46908421488;298238,48;50832,02;127765,05;22985,97;1170728,2999999998;167246,89999999997;102869,02052779638;2082757,34;148768,38142857142;87571,26099409485;6057835,49;201927,84966666668;111139,57482235203;-79437,39;268165,0;81685,61000000002;33587,14;483055,76;69007,9657142857;106598,69435248856;950879,36;67919,95428571428;89438,18706185519;1993855,88;66461,86266666667;137068,09529058522;Training;2026-05-19;2026-05-20;2026-06-30;2026-05-19;1;0;;1
2025-12-03;2025-12-03;2025-12-09;7;296848,42;407354,86;-110506,44;95;20;313087,93;186814,44;2025-12-09;2025-12-03;2025;12;4;1;127;255074,96;191944,26;137906,99000000002;146735,97;1589862,0;227123,14285714287;51706,48415604408;3079261,0;219947,2142857143;63179,36697276766;8250193,22;275006,44066666666;124809,62093193864;262662,01;79625,28;75058,13;264272,45;1382558,29;197508,3271428572;95030,51300373996;2217654,3;158403,87857142856;92037,63979820986;6297511,53;209917,051;106507,24146667444;-7587,049999999988;112318,98;62848,85999999999;-117536,48;207303,71;29614,81571428571;70592,89899731909;861606,7;61543,33571428571;91390,53052932525;1952681,69;65089,38966666667;137595,52633356242;Training;2026-05-19;2026-05-20;2026-06-30;2026-05-19;1;0;;1
2025-12-10;2025-12-10;2025-12-16;7;390901,51;201235,83;189665,68;108;13;254390,87;13628,85;2025-12-16;2025-12-10;2025;12;4;1;128;296848,42;235164,23;114091,2;89975,06;1694766,16;242109,45142857145;54467,36622948751;3238202,43;231300,17357142852;61679,81564439543;8400305,67;280010,189;122555,54901212158;407354,86;90516,11;188021,47;335991,53;1710287,87;244326,83857142853;105567,12980986208;2549951,0300000003;182139,3592857143;108803,83221905516;6440593,94;214686,46466666667;111901,52432172564;-110506,44;144648,12;-73930,26999999999;-246016,47;-15521,71000000002;-2217,387142857146;76143,15958724591;688251,4;49160,81428571429;101553,66357558045;1959711,73;65323,72433333334;137289,94934724108;Training;2026-05-19;2026-05-20;2026-06-30;2026-05-19;1;0;;1
2025-12-17;2025-12-17;2025-12-23;7;292348,29;138500,49;153847,8;119;9;222090,78000000003;50607,39;2025-12-23;2025-12-17;2025;12;4;1;129;390901,51;170859,53;186026,83;203203,21;1850503,44;264357,6342857143;75016,97617202325;3515012,74;251072,33857142855;65204,67730378469;8701232,12;290041,07066666667;118850,16547718592;201235,83;138518,5;126384,19;249170,54;1821007,59;260143,94142857144;88203,30563170611;2563165,39;183083,2421428571;108908,03388873787;6305838,24;210194,608;109623,4816350597;189665,68;32341,029999999977;59642,64000000001;-45967,33;29495,849999999977;4213,692857142853;89078,28659712631;951847,35;67989,09642857141;101422,45297310811;2395393,8800000004;79846,46266666667;126181,98672599564;Training;2026-05-19;2026-05-20;2026-06-30;2026-05-19;1;0;;1
2025-12-24;2025-12-24;2025-12-30;7;596588,31;195390,05;401198,26;131;8;87231,76000000001;49657,26;2025-12-30;2025-12-24;2025;12;4;1;130;292348,29;183632,76;227471,69;366066,18;1971992,2;281713,1714285714;64725,69109450727;3621334,2;258666,7285714286;63351,87365617891;8790377,200000001;293012,57333333336;117751,21646810885;138500,49;175750,31;137721,32;216290,96;1820989,58;260141,36857142855;88206,8535537301;2575281,69;183948,69214285715;108501,4124529672;6195168,19;206505,60633333336;110110,8370469497;153847,8;7882,450000000008;89750,37;149775,22;151002,62;21571,80285714285;103533,76195221524;1046052,51;74718,03642857143;103743,96654190635;2595209,01;86506,967;124629,18748381812;Training;2026-05-19;2026-05-20;2026-06-30;2026-05-19;1;0;;1
2025-12-31;2025-12-31;2026-01-06;7;222326,77;245037,27;-22710,499999999985;108;11;95086,91;0,0;2026-01-06;2025-12-31;2025;12;4;1;131;596588,31;334385,17;306025,48;430075,71;2384947,75;340706,8214285714;116183,80524948516;3990450,82;285032,2014285714;106795,65570299666;9020899,329999998;300696,6443333333;129229,83652176886;195390,05;337247,6;233518,17;320451,4;1840629,32;262947,0457142857;85756,23493972985;2632950,42;188067,88714285716;107760,3747243171;6174267,28;205808,90933333331;110112,84119791552;401198,26;-2862,4300000000003;72507,31;109624,31;544318,4299999999;77759,7757142857;167700,37463646327;1357500,4;96964,31428571428;133661,12730803358;2846632,0500000003;94887,73500000002;136490,9827388542;Training;2026-05-19;2026-05-20;2026-06-30;2026-05-19;1;0;;1
2026-01-07;2026-01-07;2026-01-13;7;226674,19;64237,60999999999;162436,58000000002;92;3;27220,42;24569,72;2026-01-13;2026-01-07;2026;1;1;1;132;222326,77;218801,09;198879,79;335388,54000000004;2272889,35;324698,47857142857;123445,0370627558;3906752,11;279053,72214285715;107791,2107005124;8813150,39;293771,67966666666;127668,15838003597;245037,27;298238,48;23560,71;516917,93000000005;1748418,9899999998;249774,1414285714;80235,75322136146;2644469,52;188890,68;108147,54524269215;6098853,149999999;203295,105;108313,05263723136;-22710,499999999985;-79437,39;175319,08;-181529,39;524470,3600000001;74924,33714285716;169200,62809622212;1262282,59;90163,04214285711;137110,60999442148;2714297,24;90476,57466666668;138072,69573650192;Training;2026-05-19;2026-05-20;2026-06-30;2026-05-19;1;0;;1
2026-01-14;2026-01-14;2026-01-20;7;269822,1;79286,51;190535,59;89;5;121518,94;126745,51;2026-01-20;2026-01-14;2026;1;1;1;133;226674,19;255074,96;318997,02;694752,52;2280762,45;325823,2071428572;122507,36967403047;3934546,51;281039,03642857145;106545,02965977274;8704436,040000001;290147,868;127977,98113350054;64237,60999999999;262662,01;50832,02;202513,36;1514418,12;216345,44571428568;99511,0196096504;2685146,4199999995;191796,1728571428;104138,87843579202;5646172,83;188205,761;94180,4265991708;162436,58000000002;-7587,049999999988;268165,0;492239,16;766344,33;109477,76142857142;158508,78469183348;1249400,09;89242,86357142856;136578,21686622527;3058263,21;101942,107;128992,16046476974;Training;2026-05-19;2026-05-20;2026-06-30;2026-05-19;1;0;;1
2026-01-21;2026-01-21;2026-01-27;7;115530,28;69740,35;45789,93;80;4;0,0;76580,45;2026-01-27;2026-01-21;2026;1;1;1;134;269822,1;296848,42;191944,26;285695,76;2295509,59;327929,9414285714;121394,35771374674;3885371,59;277526,5421428572;106045,1694034734;8279505,619999999;275983,5206666666;103608,27830721634;79286,51;407354,86;79625,28;243033,82;1331042,62;190148,94571428568;107672,27565455643;2713600,91;193828,63642857145;101614,953608931;5522945,98;184098,1993333333;96133,78119335332;190535,59;-110506,44;112318,98;42661,94000000001;964466,97;137780,9957142857;152659,2535083366;1171770,68;83697,9057142857;130648,70133006392;2756559,64;91885,32133333334;108266,98040065824;Training;2026-05-19;2026-05-20;2026-06-30;2026-05-19;1;0;;1
2026-01-28;2026-01-28;2026-02-03;7;29252,65;33628,84;-4376,190000000003;76;3;15111,01;18681,47;2026-02-03;2026-01-28;2026;1;1;1;135;115530,28;390901,51;235164,23;479755,43;2114191,45;302027,35000000003;142732,05471130673;3808957,61;272068,40071428573;112103,10145285162;8109340,14;270311,338;107505,9634276186;69740,35;201235,83;90516,11;310007,14;993428,11;141918,30142857143;67812,43880429417;2703715,98;193122,57;102437,05382513792;5349652,51;178321,75033333333;97613,93446041028;45789,93;189665,68;144648,12;169748,29000000004;1120763,34;160109,04857142855;123322,947464309;1105241,63;78945,83071428571;130731,1477595634;2759687,63;91989,58766666666;108221,02214766068;Training;2026-05-19;2026-05-20;2026-06-30;2026-05-19;1;0;;1
2026-02-04;2026-02-04;2026-02-10;7;57138,29;39336,86;17801,429999999997;110;1;150983,63;139189,35;2026-02-10;2026-02-04;2026;2;1;1;136;29252,65;292348,29;170859,53;405056,5;1752542,59;250363,22714285715;164937,31519449572;3603046,03;257360,43071428573;128315,59993469703;7658837,36;255294,57866666667;108658,99820621288;33628,84;138500,49;138518,5;316311,63;825821,12;117974,44571428571;72095,73860153402;2646828,71;189059,19357142856;107433,00564697996;5073274,21;169109,14033333334;97792,84857696964;-4376,190000000003;153847,8;32341,029999999977;88744,87;926721,47;132388,7814285714;134834,68840037778;956217,32;68301,23714285714;131014,81023963196;2585563,15;86185,43833333332;108563,80487571387;Training;2026-05-19;2026-05-20;2026-06-30;2026-05-19;1;0;;1
2026-02-11;2026-02-11;2026-02-17;7;50377,48;47124,77;3252,71;89;2;76903,45999999999;11397,38;2026-02-17;2026-02-11;2026;2;1;1;137;57138,29;596588,31;183632,76;339534,77;1517332,59;216761,79857142855;176513,8458435793;3489324,79;249237,485;136850,0881990332;7310919,15;243697,305;110605,26143257412;39336,86;195390,05;175750,31;298452,29;726657,4899999999;103808,21285714283;76291,12005143569;2547647,07;181974,7907142857;113623,96710277576;4796299,44;159876,648;96526,04852616032;17801,429999999997;401198,26;7882,450000000008;41082,48000000001;790675,1;112953,58571428571;140045,1132285525;941677,72;67262,69428571429;131352,9381518569;2514619,71;83820,65699999999;109252,77236076664;Training;2026-05-19;2026-05-20;2026-06-30;2026-05-19;1;0;;1
2026-02-18;2026-02-18;2026-02-24;7;65508,03;103888,26;-38380,23;92;6;72002,25;101765,06;2026-02-24;2026-02-18;2026;2;1;1;138;50377,48;222326,77;334385,17;275244,85;971121,76;138731,68;91725,23509607962;3356069,51;239719,2507142857;145446,16569924963;7021761,859999999;234058,72866666663;114368,75828148198;47124,77;245037,27;337247,6;246650,74;578392,21;82627,45857142856;68062,73820717967;2419021,53;172787,25214285712;118836,53671531846;4544971,92;151499,06399999998;95030,27611393869;3252,71;-22710,499999999985;-2862,4300000000003;28594,11;392729,55;56104,22142857143;78934,66965513883;937047,98;66931,99857142857;131507,75498518482;2476789,94;82559,66466666666;109954,8372917982;Training;2026-05-19;2026-05-20;2026-06-30;2026-05-19;1;0;;1
2026-02-25;2026-02-25;2026-03-03;7;230555,7;94085,12;136470,58;108;3;96011,33;74665,08;2026-03-03;2026-02-25;2026;2;1;1;139;65508,03;226674,19;218801,09;241267,9;814303,02;116329,00285714286;87631,56274104364;3087192,37;220513,74071428573;149376,85089829986;6812025,04;227067,50133333332;117990,55184875164;103888,26;64237,60999999999;298238,48;156736,21000000002;437243,2;62463,31428571428;22855,69685629761;2185662,19;156118,72785714286;110686,11465820104;4402209,44;146740,31466666664;93711,64596856596;-38380,23;162436,58000000002;-79437,39;84531,69;377059,82;53865,688571428575;81324,08583420892;901530,18;64395,01285714286;133161,9180260508;2409815,6;80327,18666666668;111694,02335649887;Training;2026-05-19;2026-05-20;2026-06-30;2026-05-19;1;0;;1
2026-03-04;2026-03-04;2026-03-10;7;119050,09;114932,17;4117,919999999998;102;5;152777,88;42073,66;2026-03-10;2026-03-04;2026;3;1;1;140;230555,7;269822,1;255074,96;447028,6;818184,53;116883,50428571428;88337,47079952304;3098946,9800000004;221353,35571428572;149397,8983900406;6801312,84;226710,428;117963,24299456914;94085,12;79286,51;262662,01;192288,62;467090,71;66727,24428571429;25428,33888610111;1981508,83;141536,345;104263,71982050833;4339558,35;144651,94499999998;94162,623630622;136470,58;190535,59;-7587,049999999988;254739,98000000004;351093,81999999995;50156,26;76750,85774991532;1117438,15;79817,0107142857;128014,15791954374;2461754,49;82058,48300000001;112147,39211765774;Training;2026-05-19;2026-05-20;2026-06-30;2026-05-19;1;0;;1
2026-03-11;2026-03-11;2026-03-17;7;90859,6;16343,51;74516,09;96;2;36369,69;151697,09;2026-03-17;2026-03-11;2026;3;1;1;141;119050,09;115530,28;296848,42;221700,56;667412,52;95344,64571428573;63236,0478857654;2962922,1100000003;211637,2935714286;151299,9466757917;6473334,33;215777,811;112089,9622274693;114932,17;69740,35;407354,86;83003,56;502736,37000000005;71819,48142857144;30497,462385181523;1833778,99;130984,21357142855;98803,7074598884;4262201,9;142073,39666666667;93881,58064743764;4117,919999999998;45789,93;-110506,44;138697,0;164676,14999999997;23525,16428571428;51663,09100251177;1129143,12;80653,07999999999;127477,68463808377;2211132,43;73704,41433333333;108239,43286678918;Training;2026-05-19;2026-05-20;2026-06-30;2026-05-19;1;0;;1
2026-03-18;2026-03-18;2026-03-24;7;141308,76;95593,97;45714,79000000001;106;3;58819,45;23747,23;2026-03-24;2026-03-18;2026;3;1;1;142;90859,6;29252,65;390901,51;209450,66;642741,8400000001;91820,26285714286;62698,01904748583;2756933,2900000005;196923,80642857144;152310,52290819032;6342493,37;211416,44566666667;114298,38497273476;16343,51;33628,84;201235,83;127765,05;449339,53;64191,36142857144;36206,96381095478;1442767,64;103054,83142857142;66821,43999449472;4195541,85;139851,395;96017,91075992477;74516,09;-4376,190000000003;189665,68;81685,61000000002;193402,31;27628,90142857143;54340,19152742525;1314165,65;93868,975;116053,65241994437;2146951,52;71565,05066666666;107565,88076438336;Training;2026-05-19;2026-05-20;2026-06-30;2026-05-19;1;0;;1
2026-03-25;2026-03-25;2026-03-31;7;214791,18;28283,94;186507,24;117;1;43503,84;120074,33;2026-03-31;2026-03-25;2026;3;1;1;143;141308,76;57138,29;292348,29;137906,99000000002;754797,9500000001;107828,2785714286;58867,76992112774;2507340,54;179095,75285714286;142877,2866154469;6274351,470000001;209145,04900000003;114989,86480164136;95593,97;39336,86;138500,49;75058,13;511304,66;73043,52285714286;35213,91846206471;1337125,78;95508,9842857143;61021,34664341205;4163370,77;138779,02566666665;96326,0636680758;45714,79000000001;17801,429999999997;153847,8;62848,85999999999;243493,29;34784,75571428571;52934,35913714147;1170214,76;83586,76857142858;113458,61027507856;2110980,7;70366,02333333335;107646,83636742557;Training;2026-05-19;2026-05-20;2026-06-30;2026-05-19;1;0;;1
2026-04-01;2026-04-01;2026-04-07;7;50247,41;64343,32;-14095,910000000003;118;3;103491,68;163741,12;2026-04-07;2026-04-01;2026;4;2;1;144;214791,18;50377,48;596588,31;114091,2;912450,84;130350,12;65004,23535620973;2429783,43;173555,95928571429;139850,23683480537;6351235,66;211707,8553333333;114227,84959152318;28283,94;47124,77;195390,05;188021,47;500251,74;71464,53428571428;36897,481672466514;1226909,23;87636,37357142857;62067,76910860621;4116596,58;137219,886;97713,39044547618;186507,24;3252,71;401198,26;-73930,26999999999;412199,1;58885,58571428571;73949,4552085681;1202874,2;85919,58571428571;115201,62754241392;2234639,08;74487,96933333334;109629,34562985176;Training;2026-05-19;2026-05-20;2026-06-30;2026-05-19;1;0;;1
2026-04-08;2026-04-08;2026-04-14;7;110244,4;0,0;110244,4;156;0;45816,94;261132,61;2026-04-14;2026-04-08;2026;4;2;1;145;50247,41;65508,03;222326,77;186026,83;912320,77;130331,53857142858;65027,10740651234;1883442,53;134531,60928571428;79615,71653605557;6287391,87;209579,729;116596,8331512713;64343,32;103888,26;245037,27;126384,19;517470,29;73924,32714285715;35748,93120781693;1095862,5;78275,89285714286;54536,20202714787;3992918,43;133097,281;98091,37185059734;-14095,910000000003;-38380,23;-22710,499999999985;59642,64000000001;394850,48;56407,21142857143;76033,76971757885;787580,0299999999;56255,716428571424;77497,94227107508;2294473,44;76482,448;107433,32727064835;Training;2026-05-19;2026-05-20;2026-06-30;2026-05-19;1;0;;1
2026-04-15;2026-04-15;2026-04-21;7;111278,76;121829,24;-10550,480000000003;164;4;230626,05;159178,97;2026-04-21;2026-04-15;2026;4;2;1;146;110244,4;230555,7;226674,19;227471,69;957057,14;136722,44857142857;60374,03964534952;1771360,16;126525,72571428573;75935,04383875203;6211609,44;207053,648;117893,45203853057;0,0;94085,12;64237,60999999999;137721,32;413582,03;59083,147142857146;41353,95486738943;850825,23;60773,23071428571;33453,29002443443;3866534,24;128884,47466666668;100961,1980661743;110244,4;136470,58;162436,58000000002;89750,37;543475,1099999999;77639,30142857142;66789,7674611321;920534,93;65752,495;75356,06249142317;2345075,2;78169,17333333332;107552,86037605532;Training;2026-05-19;2026-05-20;2026-06-30;2026-05-19;1;0;;1
2026-04-22;2026-04-22;2026-04-28;7;135636,55;131206,4;4430,149999999987;157;6;38994,61;270714,27;2026-04-28;2026-04-22;2026;4;2;1;147;111278,76;119050,09;269822,1;306025,48;837780,2000000001;119682,88571428572;46790,48734154094;1655964,73;118283,195;70699,28118837814;6095416,510000001;203180,55033333332;119061,8728747189;121829,24;114932,17;79286,51;233518,17;441326,15;63046,59285714285;45627,4022203653;908416,86;64886,91857142857;36981,3050699586;3850642,16;128354,73866666666;100955,13415086656;-10550,480000000003;4117,919999999998;190535,59;72507,31;396454,05;56636,29285714286;68090,84781094648;747547,87;53396,27642857143;72622,49353291326;2244774,35;74825,81166666668;108693,7968187802;Training;2026-05-19;2026-05-20;2026-06-30;2026-05-19;1;0;;1
2026-04-29;2026-04-29;2026-05-05;7;181567,0;93459,2;88107,79999999999;170;4;152606,16;218523,25;2026-05-05;2026-04-29;2026;4;2;1;148;135636,55;90859,6;115530,28;198879,79;854366,66;122052,38;47117,278285370536;1521779,18;108698,51285714284;57338,84896198181;5925027,58;197500,91933333327;118080,37564120955;131206,4;16343,51;69740,35;23560,71;457600,38;65371,48285714286;48533,978132221055;960336,75;68595,48214285714;40659,75029475105;3748330,39;124944,34633333332;99055,20931095709;4430,149999999987;74516,09;45789,93;175319,08;396766,28;56680,89714285714;68056,52359510411;561442,4299999999;40103,03071428571;62651,48316852487;2176697,19;72556,573;109426,67779753845;Training;2026-05-19;2026-05-20;2026-06-30;2026-05-19;1;0;;1
2026-05-06;2026-05-06;2026-05-12;7;133745,62;126468,71;7276,909999999996;145;6;262553,07;216147,17;2026-05-12;2026-05-06;2026;5;2;1;149;181567,0;141308,76;29252,65;318997,02;945074,06;135010,58;49184,58125133375;1587815,9;113415,42142857144;60344,28876371874;5907714,79;196923,82633333333;118114,52786147306;93459,2;95593,97;33628,84;50832,02;534716,0700000001;76388,01000000001;44760,40960039136;984055,6;70289,68571428572;41163,19724092161;3818228,88;127274,296;97452,18443064122;88107,79999999999;45714,79000000001;-4376,190000000003;268165,0;410357,98999999993;58622,56999999999;68728,24153505747;603760,2999999999;43125,73571428571;63862,0832164762;2089485,91;69649,53033333334;107804,4704265543;Training;2026-05-19;2026-05-20;2026-06-30;2026-05-19;1;0;;1
2026-05-13;2026-05-13;2026-05-19;7;136996,18000000002;145977,94;-8981,759999999995;160;4;451656,67;275535,36;2026-05-19;2026-05-13;2026;5;2;1;150;133745,62;214791,18;57138,29;191944,26;937510,92;133930,13142857142;49117,38519500874;1692308,87;120879,205;55761,03130847554;5722463,390000001;190748,7796666667;116401,16492280956;126468,71;28283,94;39336,86;79625,28;565590,81;80798,68714285715;47850,19626190888;1076895,47;76921,105;42188,46182491918;3893865,57;129795,519;96414,79450018425;7276,909999999996;186507,24;17801,429999999997;112318,98;371920,1099999999;53131,44428571428;71036,90899459536;615413,4;43958,1;63311,09423922008;1828597,82;60953,26066666667;101795,10698871236;Training;2026-05-19;2026-05-20;2026-06-30;2026-05-19;1;0;;1
2026-05-20;2026-05-20;2026-05-26;7;167533,84;325982,97;-158449,13;143;12;173095,71;100579,31;2026-05-26;2026-05-20;2026;5;2;1;151;136996,18000000002;50247,41;50377,48;235164,23;859715,92;122816,56;36827,65631433946;1772166,76;126583,34;52963,21434254786;5667515,31;188917,177;116799,57271746254;145977,94;64343,32;47124,77;90516,11;683284,8099999999;97612,11571428573;47115,6413964223;1183536,55;84538,325;44289,70436370134;3960218,23;132007,2743333333;95998,68748648788;-8981,759999999995;-14095,910000000003;3252,71;144648,12;176431,10999999996;25204,44428571428;47709,27288987648;588630,21;42045,015;64466,682438646014;1707297,0799999998;56909,90266666666;102083,18860629197;Validierung;2026-05-19;2026-05-20;2026-06-30;2026-06-30;1;0;;1
2026-05-27;2026-05-27;2026-06-02;7;205933,47;331829,05;-125895,58;157;18;124233,68;277714,21;2026-06-02;2026-05-27;2026;5;2;1;152;167533,84;110244,4;65508,03;170859,53;977002,35;139571,76428571428;24675,405313022387;1889323,12;134951,65142857144;49396,817765142674;5599884,92;186662,83066666668;116537,57626874503;325982,97;0,0;103888,26;138518,5;944924,46;134989,20857142858;90084,31802255484;1462394,75;104456,76785714286;75025,43004885995;4195685,09;139856,16966666665;101739,75608169335;-158449,13;110244,4;-38380,23;32341,029999999977;32077,88999999996;4582,555714285708;80303,4463954725;426928,37;30494,88357142857;82379,23012024477;1404199,8299999998;46806,66099999999;107741,75533590686;Validierung;2026-05-19;2026-05-20;2026-06-30;2026-06-30;1;0;;1
2026-06-03;2026-06-03;2026-06-09;7;296395,31;81178,54000000001;215216,77;135;6;377842,03;121395,16;2026-06-09;2026-06-03;2026;6;2;1;153;205933,47;111278,76;230555,7;183632,76;1072691,42;153241,63142857142;30467,439779383345;2029748,56;144982,04;48526,957719098726;5634958,859999999;187831,962;116549,103766599;331829,05;121829,24;94085,12;175750,31;1276753,51;182393,35857142857;93808,35567219602;1690335,54;120738,25285714286;95165,28069200134;4388995,64;146299,85466666665;107414,3851568675;-125895,58;-10550,480000000003;136470,58;7882,450000000008;-204062,09000000003;-29151,727142857148;78407,91705957707;339413,02;24243,78714285714;90307,35403832149;1245963,22;41532,10733333333;112105,71757060236;Validierung;2026-05-19;2026-05-20;2026-06-30;2026-06-30;1;0;;1
2026-06-10;2026-06-10;2026-06-16;7;382271,95;219781,17;162490,77999999997;165;10;418100,24;116297,24;2026-06-16;2026-06-10;2026;6;2;1;154;296395,31;135636,55;119050,09;334385,17;1257807,97;179686,85285714286;53897,388171718514;2095588,17;149684,8692857143;58713,35535392394;5747721,41;191590,71366666668;118160,24831737422;81178,54000000001;131206,4;114932,17;337247,6;1236102,81;176586,11571428573;98517,88214064702;1677428,96;119816,35428571427;95481,00481292405;4294423,869999999;143147,4623333333;107890,50516468272;215216,77;4430,149999999987;4117,919999999998;-2862,4300000000003;21705,160000000003;3100,737142857143;116571,87607188392;418159,21;29868,515;99142,30607906712;1453297,54;48443,25133333333;116136,68708694236;Validierung;2026-05-19;2026-05-20;2026-06-30;2026-06-30;1;0;;1
2026-06-17;2026-06-17;2026-06-23;7;380382,81;294195,58;86187,22999999998;144;14;357464,25;110992,41;2026-06-23;2026-06-17;2026;6;2;1;155;382271,95;181567,0;90859,6;218801,09;1504443,37;214920,48142857145;85142,67982001865;2358810,03;168486,4307142857;83010,710066319;5795608,19;193186,93966666667;120381,05713102456;219781,17;93459,2;16343,51;298238,48;1324677,58;189239,6542857143;97560,32680064088;1782277,96;127305,56857142856;98856,52822478578;4176957,44;139231,91466666668;102785,9830656781;162490,77999999997;88107,79999999999;74516,09;-79437,39;179765,78999999998;25680,82714285714;129260,20888614624;576532,07;41180,86214285714;104451,88886550492;1618650,75;53955,025;117486,88990907748;Validierung;2026-05-19;2026-05-20;2026-06-30;2026-06-30;1;0;;1
2026-06-24;2026-06-24;2026-06-30;7;245526,23;374750,41;-129224,18000000002;108;20;132557,25;219057,39;2026-06-30;2026-06-24;2026;6;2;1;156;380382,81;133745,62;141308,76;255074,96;1703259,1800000002;243322,74;100969,18971201403;2648333,24;189166,66;96124,0404526946;5957189,91;198572,997;124935,16828661005;294195,58;126468,71;95593,97;262662,01;1525413,96;217916,28;94650,8851675455;2060130,03;147152,145;102414,37871507875;4172914,54;139097,15133333334;102579,8639050071;86187,22999999998;7276,909999999996;45714,79000000001;-7587,049999999988;177845,21999999997;25406,459999999995;129129,38257772537;588203,21;42014,515;104760,73599200188;1784275,37;59475,84566666667;114953,0445950078;Validierung;2026-05-19;2026-05-20;2026-06-30;2026-06-30;1;0;;1
