angebots_id,kunden_id,angebotsdatum,maschinenkategorie,angebotswert,entscheidungsdatum,status,bestellungs_id,rechnungs_id
A000001,K00847,2023-07-05,Anbaugeraet,12651.1,2023-07-17,gewonnen,B000001,R000001
A000002,K00764,2023-07-07,Kommunaltechnik,17608.72,2023-08-02,verloren,,
A000003,K00451,2023-07-02,Anbaugeraet,12860.77,2023-07-17,verloren,,
A000004,K00757,2023-07-04,Traktor,34223.32,2023-07-28,verloren,,
A000005,K00514,2023-07-07,Traktor,28079.88,2023-07-26,verloren,,
A000006,K00112,2023-07-02,Anbaugeraet,16238.92,2023-07-09,verfallen,,
A000007,K00178,2023-07-01,Anbaugeraet,13787.12,2023-08-09,verloren,,
A000008,K00294,2023-07-05,Anbaugeraet,8762.91,2023-08-12,gewonnen,B000002,R000002
A000009,K00829,2023-07-02,Erntemaschine,38521.42,2023-07-16,verloren,,
A000010,K00328,2023-07-04,Anbaugeraet,13433.15,2023-07-19,verloren,,
A000011,K00181,2023-07-01,Traktor,15055.17,2023-07-14,gewonnen,B000003,R000003
A000012,K00092,2023-07-01,Erntemaschine,23084.17,2023-07-14,gewonnen,B000004,R000004
A000013,K00510,2023-07-05,Anbaugeraet,6115.09,2023-07-19,verloren,,
A000014,K00492,2023-07-02,Anbaugeraet,7926.87,2023-08-11,verfallen,,
A000015,K00064,2023-07-06,Anbaugeraet,11337.81,2023-07-16,gewonnen,B000005,R000005
A000016,K00419,2023-07-06,Erntemaschine,26360.8,2023-07-18,verloren,,
A000017,K00673,2023-07-02,Traktor,70558.95,2023-07-18,verloren,,
A000018,K00578,2023-07-05,Kommunaltechnik,18279.45,2023-07-25,gewonnen,B000006,R000006
A000019,K00703,2023-07-14,Anbaugeraet,28281.75,2023-07-31,verloren,,
A000020,K00537,2023-07-14,Kommunaltechnik,17213.36,2023-07-31,verfallen,,
A000021,K00699,2023-07-14,Traktor,36856.14,2023-08-02,verfallen,,
A000022,K00335,2023-07-08,Anbaugeraet,11665.71,2023-07-14,gewonnen,B000007,R000007
A000023,K00672,2023-07-10,Traktor,33379.06,2023-07-23,gewonnen,B000008,R000008
A000024,K00147,2023-07-09,Anbaugeraet,5338.98,2023-07-21,gewonnen,B000009,R000009
A000025,K00419,2023-07-10,Gartengeraet,2500.0,2023-07-26,verfallen,,
A000026,K00829,2023-07-13,Gartengeraet,2500.0,2023-07-27,gewonnen,B000010,R000010
A000027,K00703,2023-07-10,Gartengeraet,2500.0,2023-07-31,verfallen,,
A000028,K00593,2023-07-11,Anbaugeraet,7777.51,2023-07-16,gewonnen,B000011,R000011
A000029,K00156,2023-07-11,Kommunaltechnik,23465.73,2023-07-20,verloren,,
A000030,K00339,2023-07-09,Anbaugeraet,10307.19,2023-07-30,verloren,,
A000031,K00453,2023-07-10,Anbaugeraet,12411.67,2023-07-31,verloren,,
A000032,K00757,2023-07-09,Kommunaltechnik,22030.32,2023-08-05,verloren,,
A000033,K00564,2023-07-14,Traktor,37318.01,2023-07-24,verloren,,
A000034,K00636,2023-07-09,Erntemaschine,58588.19,2023-07-18,verloren,,
A000035,K00421,2023-07-08,Gartengeraet,2500.0,2023-07-22,verloren,,
A000036,K00816,2023-07-19,Traktor,52719.49,2023-08-04,verloren,,
A000037,K00419,2023-07-17,Gartengeraet,5413.59,2023-07-27,verfallen,,
A000038,K00499,2023-07-16,Traktor,83252.87,2023-08-17,verloren,,
A000039,K00514,2023-07-20,Traktor,26858.03,2023-07-28,gewonnen,B000012,R000012
A000040,K00008,2023-07-16,Traktor,27187.0,2023-07-24,verloren,,
A000041,K00703,2023-07-18,Kommunaltechnik,28253.53,2023-08-16,verloren,,
A000042,K00194,2023-07-16,Anbaugeraet,8444.38,2023-07-30,verloren,,
A000043,K00064,2023-07-17,Traktor,32134.28,2023-08-15,verfallen,,
A000044,K00565,2023-07-20,Anbaugeraet,10272.89,2023-07-31,verloren,,
A000045,K00499,2023-07-21,Traktor,36114.55,2023-08-09,verloren,,
A000046,K00600,2023-07-27,Traktor,26652.59,2023-08-13,verfallen,,
A000047,K00039,2023-07-28,Anbaugeraet,7776.15,2023-08-02,verfallen,,
A000048,K00752,2023-07-23,Traktor,17785.75,2023-08-16,verfallen,,
A000049,K00514,2023-07-27,Erntemaschine,40345.84,2023-08-11,verfallen,,
A000050,K00451,2023-07-22,Traktor,23531.11,2023-07-31,verloren,,
A000051,K00748,2023-07-25,Anbaugeraet,5347.19,2023-08-04,verfallen,,
A000052,K00396,2023-07-23,Anbaugeraet,8181.49,2023-08-13,verfallen,,
A000053,K00752,2023-07-28,Anbaugeraet,6760.25,2023-08-05,gewonnen,B000013,R000013
A000054,K00224,2023-07-22,Anbaugeraet,4575.91,2023-08-09,gewonnen,B000014,R000014
A000055,K00635,2023-07-26,Anbaugeraet,5533.85,2023-08-13,verloren,,
A000056,K00602,2023-07-26,Traktor,44866.9,2023-09-04,verfallen,,
A000057,K00776,2023-07-26,Traktor,31992.88,2023-08-11,verloren,,
A000058,K00600,2023-07-25,Gartengeraet,2500.0,2023-08-07,gewonnen,B000015,R000015
A000059,K00693,2023-07-26,Traktor,21119.71,2023-08-11,verfallen,,
A000060,K00648,2023-07-23,Kommunaltechnik,19222.37,2023-08-01,gewonnen,B000016,R000016
A000061,K00264,2023-07-28,Anbaugeraet,8071.54,2023-08-02,verloren,,
A000062,K00111,2023-07-23,Traktor,26935.29,2023-08-16,verfallen,,
A000063,K00154,2023-07-23,Anbaugeraet,9035.66,2023-08-07,gewonnen,B000017,R000017
A000064,K00184,2023-07-26,Kommunaltechnik,23982.42,2023-08-05,verloren,,
A000065,K00514,2023-07-23,Anbaugeraet,6162.53,2023-08-11,verfallen,,
A000066,K00514,2023-07-24,Kommunaltechnik,23290.55,2023-08-05,gewonnen,B000018,R000018
A000067,K00379,2023-07-31,Anbaugeraet,7930.21,2023-08-09,verfallen,,
A000068,K00325,2023-08-01,Anbaugeraet,8860.92,2023-08-14,verloren,,
A000069,K00354,2023-07-30,Traktor,24996.83,2023-08-09,verloren,,
A000070,K00624,2023-08-04,Gartengeraet,2500.0,2023-09-04,verloren,,
A000071,K00829,2023-08-02,Traktor,69540.99,2023-08-14,gewonnen,B000019,R000019
A000072,K00577,2023-07-31,Anbaugeraet,8941.09,2023-08-06,gewonnen,B000020,R000020
A000073,K00472,2023-07-31,Anbaugeraet,8988.92,2023-09-08,verloren,,
A000074,K00593,2023-08-01,Anbaugeraet,5081.34,2023-08-16,verloren,,
A000075,K00698,2023-08-05,Anbaugeraet,7861.72,2023-08-14,verloren,,
A000076,K00200,2023-08-06,Traktor,42017.07,2023-08-27,verloren,,
A000077,K00294,2023-08-10,Gartengeraet,2943.59,2023-08-26,verloren,,
A000078,K00829,2023-08-08,Anbaugeraet,9430.35,2023-08-21,gewonnen,B000021,R000021
A000079,K00348,2023-08-05,Anbaugeraet,11873.0,2023-08-12,gewonnen,B000022,R000022
A000080,K00612,2023-08-10,Traktor,39027.95,2023-08-23,verloren,,
A000081,K00339,2023-08-09,Erntemaschine,45290.66,2023-08-26,gewonnen,B000023,R000023
A000082,K00341,2023-08-08,Traktor,27696.27,2023-08-25,verfallen,,
A000083,K00281,2023-08-07,Kommunaltechnik,13979.33,2023-08-20,verfallen,,
A000084,K00829,2023-08-09,Erntemaschine,68837.26,2023-08-21,gewonnen,B000024,R000024
A000085,K00067,2023-08-09,Anbaugeraet,12140.22,2023-08-22,gewonnen,B000025,R000025
A000086,K00819,2023-08-08,Traktor,25636.54,2023-08-20,gewonnen,B000026,R000026
A000087,K00609,2023-08-07,Traktor,23793.66,2023-08-13,verfallen,,
A000088,K00146,2023-08-05,Traktor,21934.65,2023-08-12,verfallen,,
A000089,K00323,2023-08-10,Kommunaltechnik,12142.88,2023-08-29,verloren,,
A000090,K00636,2023-08-09,Anbaugeraet,9262.54,2023-08-19,verloren,,
A000091,K00616,2023-08-06,Erntemaschine,34209.22,2023-08-13,gewonnen,B000027,R000027
A000092,K00348,2023-08-09,Traktor,34492.37,2023-08-15,verloren,,
A000093,K00265,2023-08-09,Kommunaltechnik,15380.01,2023-08-26,gewonnen,B000028,R000028
A000094,K00320,2023-08-06,Traktor,29700.16,2023-08-29,gewonnen,B000029,R000029
A000095,K00763,2023-08-11,Anbaugeraet,6393.62,2023-08-27,verfallen,,
A000096,K00249,2023-08-05,Anbaugeraet,10422.01,2023-09-06,gewonnen,B000030,R000030
A000097,K00348,2023-08-06,Anbaugeraet,9082.85,2023-08-22,gewonnen,B000031,R000031
A000098,K00559,2023-08-11,Anbaugeraet,7878.62,2023-09-15,verloren,,
A000099,K00551,2023-08-13,Traktor,22949.62,2023-08-30,gewonnen,B000032,R000032
A000100,K00322,2023-08-12,Erntemaschine,41597.64,2023-08-20,verloren,,
A000101,K00429,2023-08-17,Traktor,44306.68,2023-09-04,verfallen,,
A000102,K00518,2023-08-17,Traktor,45576.73,2023-08-30,verfallen,,
A000103,K00013,2023-08-18,Kommunaltechnik,21844.91,2023-09-10,verloren,,
A000104,K00472,2023-08-14,Anbaugeraet,6408.23,2023-09-01,verloren,,
A000105,K00607,2023-08-12,Traktor,15926.78,2023-08-27,gewonnen,B000033,R000033
A000106,K00593,2023-08-13,Anbaugeraet,12437.93,2023-09-01,verloren,,
A000107,K00110,2023-08-13,Traktor,34023.63,2023-09-16,verloren,,
A000108,K00829,2023-08-16,Erntemaschine,77344.87,2023-08-31,gewonnen,B000034,R000034
A000109,K00214,2023-08-18,Erntemaschine,107887.57,2023-08-28,verloren,,
A000110,K00196,2023-08-13,Traktor,28918.26,2023-08-30,verloren,,
A000111,K00160,2023-08-15,Anbaugeraet,8838.48,2023-09-07,verfallen,,
A000112,K00157,2023-08-18,Traktor,31570.17,2023-09-06,verloren,,
A000113,K00544,2023-08-13,Erntemaschine,38921.84,2023-08-22,gewonnen,B000035,R000035
A000114,K00703,2023-08-25,Traktor,75075.07,2023-09-18,verfallen,,
A000115,K00829,2023-08-20,Anbaugeraet,10167.42,2023-08-31,verloren,,
A000116,K00542,2023-08-20,Anbaugeraet,5145.38,2023-09-01,verloren,,
A000117,K00626,2023-08-19,Traktor,38123.63,2023-09-06,gewonnen,B000036,R000036
A000118,K00027,2023-08-20,Anbaugeraet,16496.12,2023-09-02,verfallen,,
A000119,K00337,2023-08-22,Traktor,57139.61,2023-09-11,verloren,,
A000120,K00752,2023-08-23,Erntemaschine,96572.68,2023-09-07,verloren,,
A000121,K00295,2023-08-22,Traktor,29690.76,2023-09-02,verloren,,
A000122,K00246,2023-08-24,Anbaugeraet,10734.64,2023-09-14,gewonnen,B000037,R000037
A000123,K00703,2023-08-19,Anbaugeraet,5511.89,2023-09-03,verfallen,,
A000124,K00309,2023-08-25,Gartengeraet,2500.0,2023-09-15,verloren,,
A000125,K00596,2023-08-25,Kommunaltechnik,30722.57,2023-09-05,gewonnen,B000038,R000038
A000126,K00829,2023-08-20,Traktor,33232.59,2023-09-09,gewonnen,B000039,R000039
A000127,K00520,2023-08-23,Kommunaltechnik,52583.0,2023-09-03,verfallen,,
A000128,K00339,2023-08-23,Erntemaschine,50076.54,2023-08-29,verloren,,
A000129,K00735,2023-08-20,Kommunaltechnik,18375.53,2023-09-02,verfallen,,
A000130,K00752,2023-08-23,Erntemaschine,53841.76,2023-09-02,verloren,,
A000131,K00829,2023-08-28,Anbaugeraet,7648.73,2023-09-25,verloren,,
A000132,K00456,2023-08-28,Anbaugeraet,14975.02,2023-10-07,gewonnen,B000040,R000040
A000133,K00064,2023-08-30,Erntemaschine,39177.04,2023-10-09,gewonnen,B000041,R000041
A000134,K00071,2023-08-28,Anbaugeraet,6668.83,2023-09-20,gewonnen,B000042,R000042
A000135,K00577,2023-08-27,Erntemaschine,97006.02,2023-09-10,gewonnen,B000043,R000043
A000136,K00592,2023-08-31,Traktor,16447.15,2023-09-21,verfallen,,
A000137,K00379,2023-08-27,Anbaugeraet,5579.19,2023-09-04,verloren,,
A000138,K00648,2023-08-31,Anbaugeraet,3849.84,2023-09-12,verloren,,
A000139,K00699,2023-08-27,Erntemaschine,38840.51,2023-09-29,verfallen,,
A000140,K00236,2023-08-28,Traktor,18921.19,2023-09-08,verfallen,,
A000141,K00419,2023-08-27,Anbaugeraet,13720.29,2023-09-19,gewonnen,B000044,R000044
A000142,K00374,2023-09-01,Kommunaltechnik,49450.7,2023-09-23,gewonnen,B000045,R000045
A000143,K00134,2023-08-28,Traktor,31764.7,2023-09-09,verloren,,
A000144,K00103,2023-08-28,Gartengeraet,3469.04,2023-09-04,gewonnen,B000046,R000046
A000145,K00829,2023-09-02,Traktor,27839.11,2023-09-12,gewonnen,B000047,R000047
A000146,K00379,2023-09-06,Erntemaschine,25620.65,2023-09-18,verloren,,
A000147,K00329,2023-09-02,Gartengeraet,3975.76,2023-09-10,gewonnen,B000048,R000048
A000148,K00001,2023-09-05,Anbaugeraet,6249.34,2023-09-17,verloren,,
A000149,K00520,2023-09-08,Traktor,35966.06,2023-09-14,verloren,,
A000150,K00673,2023-09-03,Gartengeraet,2500.0,2023-09-22,gewonnen,B000049,R000049
A000151,K00453,2023-09-07,Anbaugeraet,12379.63,2023-09-22,verloren,,
A000152,K00354,2023-09-06,Anbaugeraet,15786.41,2023-09-20,verloren,,
A000153,K00182,2023-09-02,Anbaugeraet,8159.37,2023-09-19,gewonnen,B000050,R000050
A000154,K00411,2023-09-02,Anbaugeraet,4440.78,2023-10-12,verloren,,
A000155,K00137,2023-09-04,Erntemaschine,31698.16,2023-09-16,gewonnen,B000051,R000051
A000156,K00114,2023-09-07,Anbaugeraet,7447.24,2023-09-27,verloren,,
A000157,K00514,2023-09-07,Erntemaschine,41795.15,2023-09-19,gewonnen,B000052,R000052
A000158,K00591,2023-09-03,Anbaugeraet,11975.89,2023-09-11,verloren,,
A000159,K00488,2023-09-02,Traktor,40348.38,2023-09-09,gewonnen,B000053,R000053
A000160,K00322,2023-09-04,Anbaugeraet,6361.29,2023-09-18,gewonnen,B000054,R000054
A000161,K00396,2023-09-06,Traktor,19530.59,2023-09-25,verfallen,,
A000162,K00693,2023-09-07,Anbaugeraet,9097.56,2023-09-27,verloren,,
A000163,K00419,2023-09-05,Anbaugeraet,10519.94,2023-09-22,gewonnen,B000055,R000055
A000164,K00735,2023-09-04,Traktor,24444.46,2023-09-19,gewonnen,B000056,R000056
A000165,K00440,2023-09-05,Traktor,73670.8,2023-09-17,verloren,,
A000166,K00137,2023-09-04,Traktor,32062.81,2023-10-11,gewonnen,B000057,R000057
A000167,K00434,2023-09-08,Gartengeraet,2500.0,2023-10-03,verfallen,,
A000168,K00189,2023-09-08,Traktor,21215.56,2023-09-23,gewonnen,B000058,R000058
A000169,K00189,2023-09-03,Erntemaschine,99719.22,2023-10-13,gewonnen,B000059,R000059
A000170,K00405,2023-09-08,Anbaugeraet,8506.24,2023-09-19,gewonnen,B000060,R000060
A000171,K00414,2023-09-07,Erntemaschine,50878.59,2023-09-21,verloren,,
A000172,K00388,2023-09-11,Anbaugeraet,11525.92,2023-09-21,verloren,,
A000173,K00522,2023-09-13,Anbaugeraet,10972.56,2023-09-18,verloren,,
A000174,K00600,2023-09-12,Kommunaltechnik,18213.8,2023-09-17,verloren,,
A000175,K00607,2023-09-14,Anbaugeraet,4284.97,2023-10-08,verfallen,,
A000176,K00130,2023-09-13,Traktor,19362.97,2023-09-19,gewonnen,B000061,R000061
A000177,K00815,2023-09-14,Gartengeraet,2500.0,2023-09-28,gewonnen,B000062,R000062
A000178,K00701,2023-09-11,Traktor,24248.33,2023-09-16,verfallen,,
A000179,K00641,2023-09-11,Traktor,26836.62,2023-09-22,gewonnen,B000063,R000063
A000180,K00236,2023-09-12,Erntemaschine,88470.22,2023-09-28,verloren,,
A000181,K00703,2023-09-09,Erntemaschine,28787.88,2023-09-26,gewonnen,B000064,R000064
A000182,K00591,2023-09-11,Gartengeraet,2618.41,2023-09-17,gewonnen,B000065,R000065
A000183,K00335,2023-09-11,Traktor,12101.37,2023-09-18,verloren,,
A000184,K00798,2023-09-12,Gartengeraet,2500.0,2023-09-27,verfallen,,
A000185,K00263,2023-09-10,Kommunaltechnik,20626.16,2023-09-26,verloren,,
A000186,K00784,2023-09-09,Gartengeraet,2500.0,2023-10-02,gewonnen,B000066,R000066
A000187,K00182,2023-09-09,Traktor,29387.55,2023-09-29,verfallen,,
A000188,K00703,2023-09-15,Traktor,46413.69,2023-10-11,verloren,,
A000189,K00202,2023-09-13,Traktor,36304.81,2023-09-21,verloren,,
A000190,K00807,2023-09-09,Traktor,23542.95,2023-09-25,gewonnen,B000067,R000067
A000191,K00427,2023-09-15,Erntemaschine,130000.0,2023-10-02,gewonnen,B000068,R000068
A000192,K00760,2023-09-12,Anbaugeraet,5621.75,2023-10-06,gewonnen,B000069,R000069
A000193,K00752,2023-09-21,Anbaugeraet,9538.54,2023-10-31,verloren,,
A000194,K00780,2023-09-17,Anbaugeraet,18087.61,2023-10-14,verfallen,,
A000195,K00413,2023-09-17,Traktor,28885.9,2023-10-02,gewonnen,B000070,R000070
A000196,K00829,2023-09-16,Erntemaschine,34696.79,2023-09-30,gewonnen,B000071,R000071
A000197,K00597,2023-09-16,Traktor,29177.89,2023-10-04,verloren,,
A000198,K00807,2023-09-20,Traktor,22918.33,2023-10-03,verfallen,,
A000199,K00234,2023-09-18,Traktor,36050.28,2023-09-30,gewonnen,B000072,R000072
A000200,K00752,2023-09-19,Kommunaltechnik,15446.22,2023-10-02,verloren,,
A000201,K00065,2023-09-21,Gartengeraet,2500.0,2023-10-06,verfallen,,
A000202,K00236,2023-09-16,Kommunaltechnik,12063.67,2023-09-26,gewonnen,B000073,R000073
A000203,K00181,2023-09-16,Anbaugeraet,19808.48,2023-10-10,verfallen,,
A000204,K00693,2023-09-19,Traktor,19786.53,2023-09-30,verloren,,
A000205,K00509,2023-09-22,Erntemaschine,69220.63,2023-10-27,verloren,,
A000206,K00453,2023-09-24,Traktor,57549.9,2023-10-02,verloren,,
A000207,K00735,2023-09-26,Kommunaltechnik,14018.5,2023-10-15,gewonnen,B000074,R000074
A000208,K00132,2023-09-27,Anbaugeraet,11897.98,2023-10-13,verloren,,
A000209,K00829,2023-09-24,Traktor,32707.85,2023-10-15,verloren,,
A000210,K00374,2023-09-25,Kommunaltechnik,13086.27,2023-10-13,gewonnen,B000075,R000075
A000211,K00562,2023-09-23,Kommunaltechnik,32345.17,2023-10-07,verfallen,,
A000212,K00218,2023-09-28,Anbaugeraet,6570.04,2023-10-29,verloren,,
A000213,K00137,2023-09-27,Kommunaltechnik,31693.96,2023-10-23,verloren,,
A000214,K00829,2023-09-23,Erntemaschine,69951.38,2023-10-08,gewonnen,B000076,R000076
A000215,K00764,2023-09-29,Erntemaschine,58451.93,2023-10-15,verfallen,,
A000216,K00703,2023-09-25,Anbaugeraet,6013.32,2023-10-30,verfallen,,
A000217,K00102,2023-09-26,Anbaugeraet,6112.95,2023-10-07,verfallen,,
A000218,K00137,2023-09-25,Anbaugeraet,8890.55,2023-10-14,gewonnen,B000077,R000077
A000219,K00374,2023-09-24,Erntemaschine,54793.59,2023-10-10,gewonnen,B000078,R000078
A000220,K00752,2023-09-28,Erntemaschine,39923.57,2023-10-19,verloren,,
A000221,K00514,2023-09-29,Traktor,30313.73,2023-10-24,verfallen,,
A000222,K00577,2023-09-28,Anbaugeraet,11397.91,2023-10-10,gewonnen,B000079,R000079
A000223,K00551,2023-09-29,Kommunaltechnik,37475.25,2023-10-12,gewonnen,B000080,R000080
A000224,K00793,2023-09-29,Traktor,59375.34,2023-10-22,gewonnen,B000081,R000081
A000225,K00703,2023-09-27,Gartengeraet,3358.7,2023-10-05,gewonnen,B000082,R000082
A000226,K00156,2023-09-23,Anbaugeraet,12138.65,2023-10-12,verfallen,,
A000227,K00068,2023-09-30,Anbaugeraet,8548.07,2023-10-11,verloren,,
A000228,K00147,2023-09-30,Erntemaschine,91799.55,2023-10-26,gewonnen,B000083,R000083
A000229,K00626,2023-10-02,Kommunaltechnik,15438.95,2023-10-23,verloren,,
A000230,K00295,2023-10-06,Erntemaschine,44041.0,2023-10-18,verloren,,
A000231,K00445,2023-10-06,Anbaugeraet,9585.83,2023-10-21,gewonnen,B000084,R000084
A000232,K00609,2023-10-06,Anbaugeraet,24686.05,2023-11-01,verloren,,
A000233,K00590,2023-10-03,Traktor,25465.59,2023-10-11,gewonnen,B000085,R000085
A000234,K00608,2023-10-04,Traktor,42785.73,2023-10-21,gewonnen,B000086,R000086
A000235,K00454,2023-10-06,Anbaugeraet,5061.39,2023-10-18,gewonnen,B000087,R000087
A000236,K00841,2023-10-06,Traktor,24751.16,2023-10-12,verloren,,
A000237,K00062,2023-10-01,Anbaugeraet,11639.22,2023-10-10,verloren,,
A000238,K00167,2023-10-06,Anbaugeraet,11974.37,2023-10-25,verfallen,,
A000239,K00271,2023-09-30,Anbaugeraet,9126.16,2023-10-14,verloren,,
A000240,K00153,2023-09-30,Traktor,35099.46,2023-10-25,verfallen,,
A000241,K00703,2023-10-06,Traktor,20562.89,2023-10-22,verfallen,,
A000242,K00829,2023-10-03,Kommunaltechnik,10163.34,2023-10-11,verloren,,
A000243,K00411,2023-10-06,Anbaugeraet,9981.62,2023-10-13,verloren,,
A000244,K00656,2023-10-06,Anbaugeraet,6095.61,2023-10-11,gewonnen,B000088,R000088
A000245,K00842,2023-10-02,Kommunaltechnik,13113.36,2023-10-11,gewonnen,B000089,R000089
A000246,K00183,2023-10-03,Traktor,28853.4,2023-11-12,verfallen,,
A000247,K00339,2023-10-06,Erntemaschine,75987.04,2023-10-24,verfallen,,
A000248,K00231,2023-10-03,Traktor,46936.09,2023-10-24,verfallen,,
A000249,K00762,2023-09-30,Erntemaschine,130000.0,2023-10-19,gewonnen,B000090,R000090
A000250,K00703,2023-09-30,Traktor,52197.46,2023-10-21,gewonnen,B000091,R000091
A000251,K00573,2023-10-05,Gartengeraet,2500.0,2023-10-22,gewonnen,B000092,R000092
A000252,K00600,2023-10-01,Traktor,20452.41,2023-10-06,verfallen,,
A000253,K00693,2023-10-01,Anbaugeraet,4039.02,2023-10-07,verfallen,,
A000254,K00801,2023-10-04,Anbaugeraet,6453.42,2023-10-21,verloren,,
A000255,K00482,2023-09-30,Erntemaschine,40026.52,2023-10-15,verloren,,
A000256,K00522,2023-10-12,Anbaugeraet,4898.9,2023-11-06,gewonnen,B000093,R000093
A000257,K00591,2023-10-11,Kommunaltechnik,21137.28,2023-11-13,gewonnen,B000094,R000094
A000258,K00758,2023-10-11,Gartengeraet,2500.0,2023-11-01,verloren,,
A000259,K00291,2023-10-08,Erntemaschine,70039.22,2023-11-10,verloren,,
A000260,K00348,2023-10-10,Erntemaschine,80774.63,2023-10-29,verloren,,
A000261,K00374,2023-10-12,Kommunaltechnik,38982.56,2023-10-27,verloren,,
A000262,K00832,2023-10-13,Anbaugeraet,8832.27,2023-10-22,verloren,,
A000263,K00154,2023-10-11,Anbaugeraet,11422.23,2023-10-22,gewonnen,B000095,R000095
A000264,K00600,2023-10-08,Traktor,33759.68,2023-10-21,verfallen,,
A000265,K00339,2023-10-09,Anbaugeraet,6164.03,2023-10-19,verfallen,,
A000266,K00049,2023-10-11,Erntemaschine,35284.83,2023-11-08,gewonnen,B000096,R000096
A000267,K00637,2023-10-11,Anbaugeraet,7959.41,2023-10-28,verloren,,
A000268,K00274,2023-10-11,Anbaugeraet,3629.95,2023-10-29,gewonnen,B000097,R000097
A000269,K00102,2023-10-07,Anbaugeraet,13062.18,2023-10-23,verfallen,,
A000270,K00236,2023-10-12,Traktor,27944.28,2023-10-21,verloren,,
A000271,K00375,2023-10-13,Kommunaltechnik,24640.64,2023-10-21,verloren,,
A000272,K00582,2023-10-12,Anbaugeraet,16356.87,2023-10-26,gewonnen,B000098,R000098
A000273,K00250,2023-10-09,Kommunaltechnik,8888.9,2023-10-23,verfallen,,
A000274,K00548,2023-10-13,Gartengeraet,3307.95,2023-10-26,verloren,,
A000275,K00419,2023-10-08,Kommunaltechnik,20081.3,2023-11-01,gewonnen,B000099,R000099
A000276,K00808,2023-10-12,Erntemaschine,72446.81,2023-10-31,verloren,,
A000277,K00178,2023-10-07,Traktor,26331.62,2023-11-16,verfallen,,
A000278,K00449,2023-10-08,Erntemaschine,55684.65,2023-11-02,verloren,,
A000279,K00781,2023-10-17,Anbaugeraet,13295.44,2023-11-03,verloren,,
A000280,K00348,2023-10-20,Erntemaschine,44312.41,2023-10-26,verloren,,
A000281,K00064,2023-10-17,Gartengeraet,2500.0,2023-10-26,verloren,,
A000282,K00618,2023-10-17,Traktor,14377.06,2023-10-24,verloren,,
A000283,K00538,2023-10-19,Erntemaschine,39039.38,2023-11-04,verloren,,
A000284,K00843,2023-10-14,Anbaugeraet,8915.33,2023-10-26,gewonnen,B000100,R000100
A000285,K00564,2023-10-15,Anbaugeraet,13496.09,2023-11-03,verloren,,
A000286,K00413,2023-10-18,Anbaugeraet,12692.83,2023-11-17,verloren,,
A000287,K00653,2023-10-17,Traktor,20151.75,2023-11-08,verfallen,,
A000288,K00829,2023-10-16,Kommunaltechnik,18589.44,2023-11-03,verloren,,
A000289,K00593,2023-10-19,Traktor,29032.18,2023-11-03,gewonnen,B000101,R000101
A000290,K00829,2023-10-20,Traktor,32183.57,2023-10-30,verloren,,
A000291,K00641,2023-10-19,Traktor,23961.0,2023-10-30,gewonnen,B000102,R000102
A000292,K00026,2023-10-16,Kommunaltechnik,20596.98,2023-10-26,gewonnen,B000103,R000103
A000293,K00829,2023-10-17,Gartengeraet,3927.87,2023-10-30,verloren,,
A000294,K00829,2023-10-20,Erntemaschine,35537.86,2023-10-26,verfallen,,
A000295,K00001,2023-10-14,Kommunaltechnik,52291.88,2023-10-31,gewonnen,B000104,R000104
A000296,K00293,2023-10-19,Kommunaltechnik,10693.62,2023-11-18,verloren,,
A000297,K00245,2023-10-16,Traktor,78379.2,2023-11-19,verloren,,
A000298,K00596,2023-10-18,Anbaugeraet,14068.75,2023-11-08,verloren,,
A000299,K00379,2023-10-18,Erntemaschine,90994.53,2023-11-14,verfallen,,
A000300,K00656,2023-10-16,Erntemaschine,45556.54,2023-10-23,verloren,,
A000301,K00695,2023-10-17,Erntemaschine,62064.99,2023-10-28,verloren,,
A000302,K00631,2023-10-19,Gartengeraet,2500.0,2023-11-24,gewonnen,B000105,R000105
A000303,K00758,2023-10-26,Anbaugeraet,9650.98,2023-11-30,verloren,,
A000304,K00062,2023-10-26,Erntemaschine,73188.61,2023-11-06,verloren,,
A000305,K00488,2023-10-22,Erntemaschine,35746.17,2023-11-28,gewonnen,B000106,R000106
A000306,K00213,2023-10-21,Anbaugeraet,8809.92,2023-10-28,verloren,,
A000307,K00602,2023-10-24,Anbaugeraet,5816.97,2023-11-16,verloren,,
A000308,K00433,2023-10-26,Erntemaschine,52285.08,2023-12-03,verloren,,
A000309,K00118,2023-10-25,Erntemaschine,54611.24,2023-11-25,verfallen,,
A000310,K00091,2023-10-24,Kommunaltechnik,39760.68,2023-10-29,verfallen,,
A000311,K00703,2023-10-25,Traktor,42538.73,2023-11-08,gewonnen,B000107,R000107
A000312,K00245,2023-10-23,Gartengeraet,2706.93,2023-11-16,gewonnen,B000108,R000108
A000313,K00234,2023-10-22,Erntemaschine,123031.75,2023-11-20,verloren,,
A000314,K00233,2023-10-26,Erntemaschine,41054.86,2023-12-03,gewonnen,B000109,R000109
A000315,K00290,2023-10-26,Kommunaltechnik,21107.48,2023-11-08,verloren,,
A000316,K00829,2023-10-25,Erntemaschine,27408.7,2023-11-12,gewonnen,B000110,R000110
A000317,K00829,2023-10-23,Anbaugeraet,12920.75,2023-12-02,verloren,,
A000318,K00829,2023-10-27,Traktor,39547.94,2023-11-11,gewonnen,B000111,R000111
A000319,K00703,2023-10-27,Kommunaltechnik,22064.79,2023-11-18,verloren,,
A000320,K00703,2023-10-25,Traktor,51149.58,2023-11-05,gewonnen,B000112,R000112
A000321,K00703,2023-10-27,Anbaugeraet,14944.99,2023-12-02,verloren,,
A000322,K00591,2023-10-23,Anbaugeraet,13356.9,2023-11-02,verloren,,
A000323,K00514,2023-10-25,Anbaugeraet,18331.74,2023-11-08,verloren,,
A000324,K00236,2023-10-26,Kommunaltechnik,21278.99,2023-11-07,verfallen,,
A000325,K00339,2023-10-30,Gartengeraet,2500.0,2023-11-10,verloren,,
A000326,K00747,2023-10-31,Traktor,38782.03,2023-11-19,verloren,,
A000327,K00196,2023-10-29,Erntemaschine,71195.1,2023-11-25,verloren,,
A000328,K00766,2023-11-02,Anbaugeraet,8116.51,2023-11-23,verloren,,
A000329,K00234,2023-10-28,Anbaugeraet,7233.28,2023-11-08,gewonnen,B000113,R000113
A000330,K00340,2023-10-28,Erntemaschine,56327.78,2023-11-09,verfallen,,
A000331,K00339,2023-10-30,Anbaugeraet,10843.61,2023-11-12,verfallen,,
A000332,K00342,2023-10-30,Anbaugeraet,2500.0,2023-11-20,gewonnen,B000114,R000114
A000333,K00210,2023-10-30,Traktor,23994.46,2023-11-26,verloren,,
A000334,K00008,2023-11-02,Traktor,36354.91,2023-12-01,gewonnen,B000115,R000115
A000335,K00578,2023-11-01,Anbaugeraet,9114.41,2023-11-15,verloren,,
A000336,K00241,2023-10-30,Anbaugeraet,8886.45,2023-11-17,verfallen,,
A000337,K00413,2023-11-02,Anbaugeraet,5720.63,2023-12-01,gewonnen,B000116,R000116
A000338,K00079,2023-10-31,Anbaugeraet,15206.46,2023-11-17,verloren,,
A000339,K00808,2023-10-29,Anbaugeraet,8000.67,2023-11-06,verloren,,
A000340,K00633,2023-10-31,Traktor,30322.43,2023-12-02,verfallen,,
A000341,K00642,2023-11-01,Kommunaltechnik,28246.32,2023-11-23,gewonnen,B000117,R000117
A000342,K00348,2023-11-02,Erntemaschine,52558.73,2023-11-16,verloren,,
A000343,K00777,2023-10-30,Traktor,52576.9,2023-12-09,verloren,,
A000344,K00609,2023-10-30,Anbaugeraet,7684.56,2023-11-08,verfallen,,
A000345,K00419,2023-10-29,Erntemaschine,73006.99,2023-11-18,verloren,,
A000346,K00587,2023-11-10,Anbaugeraet,16659.73,2023-11-28,verloren,,
A000347,K00348,2023-11-09,Kommunaltechnik,22809.68,2023-11-16,gewonnen,B000118,R000118
A000348,K00829,2023-11-10,Traktor,17637.82,2023-12-20,gewonnen,B000119,R000119
A000349,K00065,2023-11-08,Traktor,26465.25,2023-11-28,verloren,,
A000350,K00572,2023-11-04,Erntemaschine,68079.62,2023-11-23,verloren,,
A000351,K00778,2023-11-08,Gartengeraet,5609.21,2023-11-23,verloren,,
A000352,K00102,2023-11-04,Gartengeraet,2647.86,2023-11-15,verfallen,,
A000353,K00159,2023-11-06,Traktor,47899.81,2023-11-30,verloren,,
A000354,K00766,2023-11-07,Gartengeraet,2695.64,2023-11-23,verloren,,
A000355,K00137,2023-11-09,Traktor,19929.32,2023-11-25,verloren,,
A000356,K00456,2023-11-10,Kommunaltechnik,30136.37,2023-11-17,gewonnen,B000120,R000120
A000357,K00600,2023-11-10,Kommunaltechnik,19497.11,2023-11-17,gewonnen,B000121,R000121
A000358,K00625,2023-11-04,Kommunaltechnik,27762.98,2023-11-18,verfallen,,
A000359,K00137,2023-11-08,Traktor,20697.82,2023-11-23,verloren,,
A000360,K00693,2023-11-08,Gartengeraet,2500.0,2023-11-27,verloren,,
A000361,K00352,2023-11-05,Traktor,52742.11,2023-11-24,gewonnen,B000122,R000122
A000362,K00571,2023-11-08,Anbaugeraet,20329.28,2023-11-25,gewonnen,B000123,R000123
A000363,K00544,2023-11-05,Erntemaschine,37045.18,2023-11-13,verfallen,,
A000364,K00137,2023-11-10,Erntemaschine,84459.66,2023-11-21,verloren,,
A000365,K00056,2023-11-04,Anbaugeraet,7135.52,2023-11-29,verloren,,
A000366,K00224,2023-11-10,Anbaugeraet,8514.86,2023-11-28,verloren,,
A000367,K00627,2023-11-08,Anbaugeraet,5347.01,2023-11-25,verfallen,,
A000368,K00551,2023-11-08,Anbaugeraet,15460.77,2023-11-26,gewonnen,B000124,R000124
A000369,K00579,2023-11-17,Anbaugeraet,8682.82,2023-12-04,verfallen,,
A000370,K00209,2023-11-15,Erntemaschine,31574.43,2023-12-05,gewonnen,B000125,R000125
A000371,K00043,2023-11-14,Erntemaschine,41507.67,2023-12-04,verfallen,,
A000372,K00445,2023-11-11,Anbaugeraet,6741.1,2023-12-10,gewonnen,B000126,R000126
A000373,K00620,2023-11-12,Traktor,24750.9,2023-11-23,gewonnen,B000127,R000127
A000374,K00703,2023-11-14,Anbaugeraet,7955.01,2023-11-29,gewonnen,B000128,R000128
A000375,K00849,2023-11-14,Traktor,21243.25,2023-12-01,gewonnen,B000129,R000129
A000376,K00826,2023-11-15,Kommunaltechnik,21674.83,2023-12-22,verloren,,
A000377,K00592,2023-11-14,Gartengeraet,3246.73,2023-12-01,verloren,,
A000378,K00520,2023-11-11,Anbaugeraet,7379.84,2023-12-06,verloren,,
A000379,K00198,2023-11-13,Anbaugeraet,6468.47,2023-11-27,verloren,,
A000380,K00231,2023-11-13,Traktor,19947.07,2023-11-22,verfallen,,
A000381,K00585,2023-11-17,Erntemaschine,42291.71,2023-11-28,verloren,,
A000382,K00829,2023-11-17,Anbaugeraet,8626.12,2023-12-07,verloren,,
A000383,K00093,2023-11-14,Traktor,23072.43,2023-11-25,verloren,,
A000384,K00042,2023-11-18,Anbaugeraet,7682.01,2023-12-01,verloren,,
A000385,K00703,2023-11-22,Anbaugeraet,7708.68,2023-12-04,gewonnen,B000130,R000130
A000386,K00286,2023-11-24,Gartengeraet,2500.0,2023-12-15,gewonnen,B000131,R000131
A000387,K00453,2023-11-19,Traktor,27167.83,2023-12-17,gewonnen,B000132,R000132
A000388,K00294,2023-11-19,Anbaugeraet,5980.23,2023-12-09,verloren,,
A000389,K00681,2023-11-21,Erntemaschine,57530.64,2023-12-03,verloren,,
A000390,K00703,2023-11-20,Gartengeraet,2500.0,2023-12-07,gewonnen,B000133,R000133
A000391,K00495,2023-11-24,Anbaugeraet,18059.17,2023-12-23,verloren,,
A000392,K00778,2023-11-19,Anbaugeraet,15075.41,2023-12-01,verloren,,
A000393,K00344,2023-11-23,Erntemaschine,61658.54,2023-12-20,gewonnen,B000134,R000134
A000394,K00364,2023-11-18,Anbaugeraet,10860.23,2023-12-05,verloren,,
A000395,K00694,2023-11-18,Gartengeraet,2744.96,2023-12-03,verloren,,
A000396,K00441,2023-11-24,Traktor,42192.47,2023-12-05,verfallen,,
A000397,K00693,2023-11-21,Kommunaltechnik,14562.39,2023-12-05,verloren,,
A000398,K00607,2023-11-22,Anbaugeraet,9009.76,2023-12-02,gewonnen,B000135,R000135
A000399,K00419,2023-11-29,Anbaugeraet,4037.86,2023-12-08,verloren,,
A000400,K00354,2023-11-25,Traktor,29304.77,2023-12-04,verloren,,
A000401,K00453,2023-11-26,Traktor,55966.21,2023-12-04,gewonnen,B000136,R000136
A000402,K00432,2023-11-25,Traktor,46042.76,2023-12-08,verfallen,,
A000403,K00671,2023-12-01,Traktor,30484.81,2023-12-30,verloren,,
A000404,K00815,2023-11-29,Traktor,24712.4,2023-12-16,verloren,,
A000405,K00676,2023-11-28,Traktor,30172.26,2023-12-17,gewonnen,B000137,R000137
A000406,K00739,2023-11-25,Kommunaltechnik,27407.55,2023-12-17,verloren,,
A000407,K00206,2023-11-25,Traktor,20425.6,2023-12-20,verloren,,
A000408,K00184,2023-11-25,Anbaugeraet,13576.69,2023-12-05,verfallen,,
A000409,K00693,2023-11-29,Traktor,40231.5,2023-12-14,gewonnen,B000138,R000138
A000410,K00673,2023-11-28,Anbaugeraet,9743.82,2023-12-08,verfallen,,
A000411,K00456,2023-11-30,Anbaugeraet,3909.4,2023-12-13,verloren,,
A000412,K00290,2023-12-01,Anbaugeraet,8183.85,2023-12-25,verloren,,
A000413,K00703,2023-11-26,Kommunaltechnik,14569.76,2023-12-15,verloren,,
A000414,K00829,2023-11-28,Anbaugeraet,5667.67,2023-12-13,verloren,,
A000415,K00077,2023-12-08,Kommunaltechnik,15731.13,2024-01-02,gewonnen,B000139,R000139
A000416,K00656,2023-12-07,Kommunaltechnik,15994.7,2023-12-31,gewonnen,B000140,R000140
A000417,K00251,2023-12-03,Gartengeraet,2500.0,2023-12-13,verloren,,
A000418,K00714,2023-12-07,Traktor,36135.2,2023-12-30,verloren,,
A000419,K00703,2023-12-04,Anbaugeraet,7889.61,2023-12-28,verloren,,
A000420,K00453,2023-12-05,Traktor,50705.57,2023-12-11,gewonnen,B000141,R000141
A000421,K00297,2023-12-02,Traktor,70954.38,2024-01-03,verfallen,,
A000422,K00553,2023-12-06,Traktor,24111.68,2023-12-21,verfallen,,
A000423,K00424,2023-12-03,Anbaugeraet,6174.88,2023-12-19,verfallen,,
A000424,K00562,2023-12-02,Erntemaschine,47715.0,2024-01-06,verloren,,
A000425,K00413,2023-12-11,Erntemaschine,77534.78,2024-01-02,gewonnen,B000142,R000142
A000426,K00219,2023-12-09,Kommunaltechnik,48185.47,2023-12-28,verloren,,
A000427,K00294,2023-12-15,Anbaugeraet,4397.6,2024-01-24,gewonnen,B000143,R000143
A000428,K00246,2023-12-13,Kommunaltechnik,12062.95,2023-12-22,gewonnen,B000144,R000144
A000429,K00154,2023-12-15,Traktor,26573.07,2023-12-30,verfallen,,
A000430,K00520,2023-12-10,Gartengeraet,3410.64,2023-12-30,verloren,,
A000431,K00456,2023-12-10,Traktor,29904.88,2023-12-26,verfallen,,
A000432,K00117,2023-12-15,Anbaugeraet,12125.42,2024-01-03,verloren,,
A000433,K00844,2023-12-12,Erntemaschine,41519.6,2024-01-04,verloren,,
A000434,K00064,2023-12-12,Traktor,40450.35,2023-12-24,verloren,,
A000435,K00376,2023-12-10,Erntemaschine,59972.02,2023-12-28,gewonnen,B000145,R000145
A000436,K00414,2023-12-09,Anbaugeraet,8865.61,2023-12-25,verloren,,
A000437,K00617,2023-12-16,Kommunaltechnik,34803.77,2024-01-15,verfallen,,
A000438,K00208,2023-12-16,Anbaugeraet,17957.63,2024-01-02,gewonnen,B000146,R000146
A000439,K00064,2023-12-16,Anbaugeraet,11158.7,2024-01-01,verloren,,
A000440,K00184,2023-12-19,Anbaugeraet,6710.5,2024-01-01,verloren,,
A000441,K00699,2023-12-16,Anbaugeraet,9322.86,2023-12-26,verloren,,
A000442,K00176,2023-12-19,Erntemaschine,54780.64,2024-01-10,gewonnen,B000147,R000147
A000443,K00064,2023-12-18,Gartengeraet,2500.0,2024-01-09,verloren,,
A000444,K00703,2023-12-16,Gartengeraet,2500.0,2023-12-25,verloren,,
A000445,K00694,2023-12-21,Erntemaschine,34657.05,2024-01-04,verfallen,,
A000446,K00328,2023-12-23,Anbaugeraet,15487.1,2024-01-25,verloren,,
A000447,K00178,2023-12-26,Erntemaschine,49378.0,2024-01-08,verfallen,,
A000448,K00329,2023-12-26,Anbaugeraet,7900.73,2024-01-05,verloren,,
A000449,K00042,2023-12-25,Erntemaschine,98817.2,2024-01-15,verloren,,
A000450,K00714,2023-12-29,Anbaugeraet,8687.12,2024-01-04,verloren,,
A000451,K00445,2023-12-25,Traktor,21768.46,2024-01-24,gewonnen,B000148,R000148
A000452,K00761,2023-12-29,Traktor,33952.8,2024-01-11,verloren,,
A000453,K00484,2023-12-23,Anbaugeraet,9420.28,2024-01-09,verloren,,
A000454,K00829,2023-12-23,Anbaugeraet,5087.5,2024-01-05,verloren,,
A000455,K00703,2023-12-28,Anbaugeraet,8711.93,2024-01-20,gewonnen,B000149,R000149
A000456,K00829,2023-12-29,Kommunaltechnik,36614.58,2024-01-14,verloren,,
A000457,K00064,2023-12-28,Kommunaltechnik,20930.37,2024-01-13,gewonnen,B000150,R000150
A000458,K00591,2023-12-28,Kommunaltechnik,24027.0,2024-01-04,verloren,,
A000459,K00372,2023-12-27,Kommunaltechnik,30339.55,2024-01-13,verloren,,
A000460,K00152,2023-12-23,Anbaugeraet,7133.96,2024-01-09,verloren,,
A000461,K00703,2023-12-28,Kommunaltechnik,65904.04,2024-02-01,verloren,,
A000462,K00436,2023-12-31,Anbaugeraet,5531.15,2024-01-29,verloren,,
A000463,K00499,2024-01-02,Traktor,21792.27,2024-01-10,verfallen,,
A000464,K00547,2023-12-30,Traktor,52231.34,2024-01-07,verloren,,
A000465,K00182,2024-01-04,Kommunaltechnik,19200.17,2024-01-14,verloren,,
A000466,K00537,2023-12-31,Kommunaltechnik,15313.57,2024-01-12,verloren,,
A000467,K00423,2024-01-03,Erntemaschine,27513.97,2024-01-13,verloren,,
A000468,K00829,2023-12-30,Traktor,81022.38,2024-01-11,gewonnen,B000151,R000151
A000469,K00703,2024-01-02,Erntemaschine,92614.08,2024-01-19,gewonnen,B000152,R000152
A000470,K00607,2024-01-10,Traktor,44893.34,2024-01-30,verloren,,
A000471,K00064,2024-01-09,Anbaugeraet,9488.15,2024-01-27,verfallen,,
A000472,K00432,2024-01-11,Anbaugeraet,6788.4,2024-01-28,verloren,,
A000473,K00724,2024-01-08,Traktor,28073.08,2024-02-07,verloren,,
A000474,K00325,2024-01-06,Anbaugeraet,8460.01,2024-01-14,gewonnen,B000153,R000153
A000475,K00565,2024-01-09,Traktor,62394.66,2024-02-09,verloren,,
A000476,K00463,2024-01-14,Traktor,35204.3,2024-02-05,verloren,,
A000477,K00337,2024-01-15,Anbaugeraet,8688.63,2024-01-28,verloren,,
A000478,K00271,2024-01-15,Kommunaltechnik,18979.14,2024-02-05,verloren,,
A000479,K00298,2024-01-15,Anbaugeraet,12040.36,2024-01-22,verloren,,
A000480,K00829,2024-01-18,Anbaugeraet,6934.05,2024-02-07,gewonnen,B000154,R000154
A000481,K00156,2024-01-14,Anbaugeraet,20639.13,2024-02-05,gewonnen,B000155,R000155
A000482,K00656,2024-01-18,Traktor,24759.73,2024-02-04,verloren,,
A000483,K00271,2024-01-14,Traktor,29027.05,2024-01-22,gewonnen,B000156,R000156
A000484,K00033,2024-01-16,Traktor,20881.89,2024-01-31,gewonnen,B000157,R000157
A000485,K00591,2024-01-14,Anbaugeraet,5750.94,2024-01-25,verloren,,
A000486,K00703,2024-01-17,Traktor,35045.52,2024-01-28,gewonnen,B000158,R000158
A000487,K00196,2024-01-20,Traktor,61538.81,2024-01-27,verfallen,,
A000488,K00210,2024-01-26,Anbaugeraet,17972.24,2024-02-26,verloren,,
A000489,K00600,2024-01-20,Erntemaschine,82115.07,2024-01-31,verloren,,
A000490,K00413,2024-01-25,Kommunaltechnik,25962.86,2024-02-03,gewonnen,B000159,R000159
A000491,K00577,2024-01-26,Erntemaschine,42797.19,2024-02-17,verfallen,,
A000492,K00107,2024-01-25,Kommunaltechnik,22494.18,2024-02-19,verfallen,,
A000493,K00236,2024-01-21,Traktor,66258.62,2024-02-01,verloren,,
A000494,K00218,2024-01-23,Gartengeraet,2500.0,2024-02-03,verloren,,
A000495,K00003,2024-02-01,Erntemaschine,47894.78,2024-02-13,verloren,,
A000496,K00615,2024-01-29,Anbaugeraet,13183.74,2024-02-12,verloren,,
A000497,K00322,2024-02-02,Anbaugeraet,5098.68,2024-02-11,verloren,,
A000498,K00346,2024-01-29,Gartengeraet,2646.67,2024-02-15,gewonnen,B000160,R000160
A000499,K00737,2024-01-28,Traktor,22961.8,2024-02-06,gewonnen,B000161,R000161
A000500,K00587,2024-02-02,Traktor,61741.61,2024-02-19,verloren,,
A000501,K00822,2024-01-29,Anbaugeraet,8130.99,2024-02-16,gewonnen,B000162,R000162
A000502,K00315,2024-01-28,Erntemaschine,42829.16,2024-02-07,verloren,,
A000503,K00735,2024-02-08,Erntemaschine,55666.94,2024-02-28,gewonnen,B000163,R000163
A000504,K00514,2024-02-06,Traktor,34211.53,2024-02-21,verloren,,
A000505,K00703,2024-02-03,Anbaugeraet,11242.39,2024-02-26,verfallen,,
A000506,K00379,2024-02-03,Erntemaschine,57276.26,2024-02-14,verloren,,
A000507,K00642,2024-02-09,Traktor,26761.92,2024-03-14,verloren,,
A000508,K00819,2024-02-09,Traktor,60233.73,2024-02-27,verfallen,,
A000509,K00829,2024-02-07,Anbaugeraet,5855.46,2024-02-12,verloren,,
A000510,K00535,2024-02-04,Anbaugeraet,10968.92,2024-02-16,gewonnen,B000164,R000164
A000511,K00055,2024-02-07,Traktor,23829.46,2024-02-16,verloren,,
A000512,K00564,2024-02-16,Traktor,45883.58,2024-03-09,gewonnen,B000165,R000165
A000513,K00355,2024-02-10,Anbaugeraet,4444.11,2024-02-29,verloren,,
A000514,K00322,2024-02-14,Anbaugeraet,4579.0,2024-02-27,verfallen,,
A000515,K00829,2024-02-16,Erntemaschine,37967.79,2024-02-29,verloren,,
A000516,K00633,2024-02-14,Traktor,50829.39,2024-02-24,verloren,,
A000517,K00166,2024-02-16,Traktor,23335.18,2024-02-26,gewonnen,B000166,R000166
A000518,K00694,2024-02-12,Traktor,55395.06,2024-02-25,gewonnen,B000167,R000167
A000519,K00617,2024-02-12,Kommunaltechnik,27950.92,2024-02-28,verloren,,
A000520,K00476,2024-02-21,Traktor,25541.32,2024-03-02,gewonnen,B000168,R000168
A000521,K00357,2024-02-19,Anbaugeraet,5702.4,2024-03-10,verloren,,
A000522,K00607,2024-02-20,Anbaugeraet,7730.8,2024-02-25,gewonnen,B000169,R000169
A000523,K00829,2024-02-18,Traktor,38509.35,2024-02-23,verloren,,
A000524,K00727,2024-02-17,Anbaugeraet,7697.07,2024-02-25,gewonnen,B000170,R000170
A000525,K00829,2024-02-21,Traktor,32224.98,2024-03-08,verloren,,
A000526,K00062,2024-02-18,Anbaugeraet,15115.2,2024-02-25,gewonnen,B000171,R000171
A000527,K00118,2024-02-20,Anbaugeraet,8501.22,2024-02-28,gewonnen,B000172,R000172
A000528,K00137,2024-02-21,Anbaugeraet,6540.53,2024-03-06,verloren,,
A000529,K00626,2024-02-28,Traktor,22257.76,2024-03-16,gewonnen,B000173,R000173
A000530,K00493,2024-02-25,Traktor,22422.87,2024-03-09,verloren,,
A000531,K00581,2024-02-28,Anbaugeraet,5239.07,2024-03-23,gewonnen,B000174,R000174
A000532,K00329,2024-02-24,Anbaugeraet,11040.12,2024-03-08,verfallen,,
A000533,K00424,2024-02-28,Anbaugeraet,6749.86,2024-03-09,verloren,,
A000534,K00137,2024-02-27,Anbaugeraet,8633.61,2024-03-14,verfallen,,
A000535,K00409,2024-03-02,Erntemaschine,55562.39,2024-03-22,gewonnen,B000175,R000175
A000536,K00463,2024-03-02,Anbaugeraet,15374.9,2024-03-14,verloren,,
A000537,K00339,2024-03-06,Traktor,52042.44,2024-03-11,verloren,,
A000538,K00703,2024-03-07,Gartengeraet,2500.0,2024-03-19,verfallen,,
A000539,K00638,2024-03-04,Gartengeraet,2500.0,2024-03-28,verfallen,,
A000540,K00595,2024-03-07,Kommunaltechnik,19258.5,2024-03-26,verfallen,,
A000541,K00686,2024-03-05,Anbaugeraet,11262.85,2024-03-23,verfallen,,
A000542,K00295,2024-03-07,Gartengeraet,2500.0,2024-03-20,verfallen,,
A000543,K00419,2024-03-08,Anbaugeraet,8988.35,2024-03-22,verfallen,,
A000544,K00591,2024-03-03,Traktor,27352.83,2024-03-23,gewonnen,B000176,R000176
A000545,K00593,2024-03-03,Traktor,51911.24,2024-03-29,verfallen,,
A000546,K00829,2024-03-07,Erntemaschine,69419.26,2024-03-16,verloren,,
A000547,K00735,2024-03-03,Kommunaltechnik,15215.3,2024-04-12,gewonnen,B000177,R000177
A000548,K00757,2024-03-02,Anbaugeraet,5829.83,2024-03-23,gewonnen,B000178,R000178
A000549,K00821,2024-03-05,Gartengeraet,2718.23,2024-03-18,gewonnen,B000179,R000179
A000550,K00638,2024-03-06,Anbaugeraet,6103.97,2024-04-05,verfallen,,
A000551,K00522,2024-03-02,Kommunaltechnik,22685.81,2024-03-28,gewonnen,B000180,R000180
A000552,K00184,2024-03-05,Kommunaltechnik,30567.03,2024-03-18,verfallen,,
A000553,K00458,2024-03-03,Kommunaltechnik,32858.95,2024-03-17,gewonnen,B000181,R000181
A000554,K00064,2024-03-07,Anbaugeraet,7212.29,2024-03-17,verloren,,
A000555,K00383,2024-03-05,Erntemaschine,53705.95,2024-04-02,verloren,,
A000556,K00618,2024-03-12,Traktor,49093.76,2024-04-06,gewonnen,B000182,R000182
A000557,K00558,2024-03-10,Erntemaschine,50261.47,2024-03-24,verfallen,,
A000558,K00456,2024-03-15,Traktor,17611.54,2024-04-04,verloren,,
A000559,K00829,2024-03-11,Traktor,34394.19,2024-04-03,gewonnen,B000183,R000183
A000560,K00666,2024-03-15,Traktor,40133.92,2024-04-15,verloren,,
A000561,K00693,2024-03-12,Anbaugeraet,6232.42,2024-03-29,gewonnen,B000184,R000184
A000562,K00206,2024-03-15,Anbaugeraet,16294.42,2024-03-23,verfallen,,
A000563,K00451,2024-03-12,Erntemaschine,48539.94,2024-04-03,verloren,,
A000564,K00488,2024-03-14,Anbaugeraet,4732.67,2024-03-23,verloren,,
A000565,K00121,2024-03-11,Anbaugeraet,15824.04,2024-03-20,verfallen,,
A000566,K00691,2024-03-14,Traktor,31483.82,2024-04-11,verloren,,
A000567,K00419,2024-03-14,Traktor,24625.74,2024-04-12,gewonnen,B000185,R000185
A000568,K00196,2024-03-13,Gartengeraet,2500.0,2024-03-23,gewonnen,B000186,R000186
A000569,K00418,2024-03-10,Gartengeraet,2603.37,2024-03-25,gewonnen,B000187,R000187
A000570,K00646,2024-03-14,Gartengeraet,2500.0,2024-03-28,verloren,,
A000571,K00103,2024-03-15,Kommunaltechnik,33169.35,2024-03-29,verfallen,,
A000572,K00829,2024-03-13,Traktor,25457.48,2024-03-25,verloren,,
A000573,K00600,2024-03-15,Anbaugeraet,9317.24,2024-04-01,gewonnen,B000188,R000188
A000574,K00732,2024-03-15,Anbaugeraet,12917.34,2024-04-02,gewonnen,B000189,R000189
A000575,K00107,2024-03-14,Erntemaschine,52987.74,2024-03-25,verloren,,
A000576,K00735,2024-03-15,Traktor,52796.79,2024-03-23,verfallen,,
A000577,K00751,2024-03-13,Gartengeraet,2500.0,2024-03-27,verfallen,,
A000578,K00379,2024-03-11,Kommunaltechnik,44512.36,2024-03-28,gewonnen,B000190,R000190
A000579,K00829,2024-03-12,Traktor,55845.67,2024-03-19,gewonnen,B000191,R000191
A000580,K00792,2024-03-13,Traktor,21569.56,2024-03-21,verloren,,
A000581,K00729,2024-03-11,Anbaugeraet,8096.23,2024-03-20,verloren,,
A000582,K00079,2024-03-15,Gartengeraet,2500.0,2024-03-29,verloren,,
A000583,K00154,2024-03-15,Erntemaschine,61658.74,2024-04-01,verfallen,,
A000584,K00218,2024-03-14,Traktor,35279.17,2024-03-22,verloren,,
A000585,K00547,2024-03-09,Traktor,41286.38,2024-03-24,verloren,,
A000586,K00295,2024-03-10,Traktor,31691.16,2024-04-16,verloren,,
A000587,K00703,2024-03-13,Kommunaltechnik,43700.2,2024-03-27,verfallen,,
A000588,K00640,2024-03-11,Anbaugeraet,13548.41,2024-03-21,verloren,,
A000589,K00077,2024-03-09,Gartengeraet,2500.0,2024-03-31,verfallen,,
A000590,K00675,2024-03-22,Kommunaltechnik,34073.37,2024-04-19,gewonnen,B000192,R000192
A000591,K00118,2024-03-21,Anbaugeraet,6979.08,2024-04-16,verloren,,
A000592,K00694,2024-03-22,Kommunaltechnik,20005.5,2024-05-01,gewonnen,B000193,R000193
A000593,K00110,2024-03-22,Gartengeraet,2500.0,2024-04-17,verloren,,
A000594,K00355,2024-03-16,Kommunaltechnik,15959.39,2024-03-24,verfallen,,
A000595,K00636,2024-03-20,Anbaugeraet,15758.07,2024-03-28,verloren,,
A000596,K00601,2024-03-16,Gartengeraet,2500.0,2024-03-27,verloren,,
A000597,K00813,2024-03-16,Anbaugeraet,4876.96,2024-04-06,gewonnen,B000194,R000194
A000598,K00757,2024-03-19,Traktor,45345.42,2024-04-02,gewonnen,B000195,R000195
A000599,K00456,2024-03-16,Traktor,27223.25,2024-04-09,verloren,,
A000600,K00348,2024-03-22,Gartengeraet,2500.0,2024-04-12,verloren,,
A000601,K00419,2024-03-19,Gartengeraet,2797.29,2024-04-21,verloren,,
A000602,K00474,2024-03-20,Traktor,19265.23,2024-04-16,verloren,,
A000603,K00735,2024-03-19,Erntemaschine,39457.6,2024-04-07,verloren,,
A000604,K00339,2024-03-17,Anbaugeraet,5599.85,2024-03-30,gewonnen,B000196,R000196
A000605,K00064,2024-03-18,Traktor,35760.23,2024-03-29,verloren,,
A000606,K00506,2024-03-16,Erntemaschine,57110.09,2024-04-03,verfallen,,
A000607,K00181,2024-03-22,Traktor,24152.43,2024-04-12,verfallen,,
A000608,K00396,2024-03-22,Gartengeraet,2500.0,2024-04-01,gewonnen,B000197,R000197
A000609,K00154,2024-03-25,Anbaugeraet,14521.03,2024-04-11,verloren,,
A000610,K00703,2024-03-24,Gartengeraet,2500.0,2024-04-04,gewonnen,B000198,R000198
A000611,K00828,2024-03-23,Anbaugeraet,8883.38,2024-04-10,gewonnen,B000199,R000199
A000612,K00196,2024-03-29,Anbaugeraet,12285.69,2024-04-12,gewonnen,B000200,R000200
A000613,K00426,2024-03-28,Traktor,25267.11,2024-04-10,gewonnen,B000201,R000201
A000614,K00405,2024-03-25,Anbaugeraet,14139.78,2024-04-30,gewonnen,B000202,R000202
A000615,K00519,2024-03-25,Erntemaschine,41752.7,2024-04-02,verfallen,,
A000616,K00101,2024-03-29,Traktor,51363.94,2024-04-27,gewonnen,B000203,R000203
A000617,K00379,2024-03-26,Kommunaltechnik,32833.3,2024-04-05,gewonnen,B000204,R000204
A000618,K00778,2024-03-23,Gartengeraet,2500.0,2024-04-08,gewonnen,B000205,R000205
A000619,K00143,2024-03-26,Traktor,22284.48,2024-03-31,verfallen,,
A000620,K00829,2024-03-27,Anbaugeraet,15256.16,2024-04-15,gewonnen,B000206,R000206
A000621,K00693,2024-03-24,Anbaugeraet,12910.39,2024-04-05,verloren,,
A000622,K00693,2024-03-29,Kommunaltechnik,18138.13,2024-04-16,gewonnen,B000207,R000207
A000623,K00703,2024-03-26,Gartengeraet,2741.49,2024-04-04,gewonnen,B000208,R000208
A000624,K00836,2024-03-27,Anbaugeraet,16238.88,2024-04-05,verfallen,,
A000625,K00322,2024-03-29,Traktor,28016.52,2024-04-17,verloren,,
A000626,K00500,2024-03-24,Gartengeraet,2500.0,2024-04-07,gewonnen,B000209,R000209
A000627,K00467,2024-03-27,Traktor,32159.36,2024-04-24,verloren,,
A000628,K00419,2024-03-28,Anbaugeraet,10768.58,2024-04-15,verloren,,
A000629,K00832,2024-04-05,Anbaugeraet,15819.32,2024-04-24,gewonnen,B000210,R000210
A000630,K00754,2024-04-02,Traktor,44224.07,2024-05-08,gewonnen,B000211,R000211
A000631,K00458,2024-04-01,Traktor,47061.16,2024-04-23,verloren,,
A000632,K00011,2024-04-04,Traktor,44455.14,2024-04-22,gewonnen,B000212,R000212
A000633,K00712,2024-04-02,Traktor,19437.89,2024-04-30,gewonnen,B000213,R000213
A000634,K00183,2024-04-01,Traktor,64222.45,2024-04-09,verloren,,
A000635,K00779,2024-04-01,Gartengeraet,2500.0,2024-04-23,gewonnen,B000214,R000214
A000636,K00610,2024-03-30,Traktor,41908.13,2024-05-04,verloren,,
A000637,K00609,2024-03-30,Traktor,31952.79,2024-04-16,verloren,,
A000638,K00064,2024-03-30,Gartengeraet,2647.71,2024-04-11,verloren,,
A000639,K00434,2024-04-04,Kommunaltechnik,17378.94,2024-04-19,gewonnen,B000215,R000215
A000640,K00299,2024-04-03,Traktor,30377.49,2024-04-14,verfallen,,
A000641,K00234,2024-04-04,Erntemaschine,87005.17,2024-05-04,verloren,,
A000642,K00766,2024-04-05,Anbaugeraet,7671.68,2024-04-10,verloren,,
A000643,K00699,2024-04-04,Anbaugeraet,4766.03,2024-04-12,verloren,,
A000644,K00565,2024-04-03,Erntemaschine,37634.18,2024-04-21,verfallen,,
A000645,K00143,2024-04-05,Kommunaltechnik,18114.69,2024-04-19,gewonnen,B000216,R000216
A000646,K00103,2024-04-03,Traktor,69750.41,2024-04-17,verloren,,
A000647,K00124,2024-04-05,Anbaugeraet,8480.43,2024-04-10,verloren,,
A000648,K00339,2024-04-01,Traktor,65324.98,2024-04-15,verloren,,
A000649,K00374,2024-04-03,Traktor,41344.0,2024-04-16,verloren,,
A000650,K00396,2024-04-05,Anbaugeraet,5354.0,2024-04-18,verfallen,,
A000651,K00777,2024-04-05,Kommunaltechnik,18986.86,2024-04-22,verloren,,
A000652,K00401,2024-04-01,Traktor,46389.7,2024-04-15,verloren,,
A000653,K00717,2024-04-01,Traktor,38967.53,2024-04-15,verloren,,
A000654,K00346,2024-04-03,Anbaugeraet,3355.84,2024-04-27,gewonnen,B000217,R000217
A000655,K00375,2024-03-30,Anbaugeraet,15654.47,2024-04-19,verloren,,
A000656,K00561,2024-04-07,Kommunaltechnik,13885.73,2024-04-25,gewonnen,B000218,R000218
A000657,K00526,2024-04-12,Kommunaltechnik,20056.58,2024-05-02,verloren,,
A000658,K00445,2024-04-11,Traktor,32765.36,2024-04-23,verloren,,
A000659,K00450,2024-04-10,Anbaugeraet,6218.69,2024-04-25,verloren,,
A000660,K00577,2024-04-10,Kommunaltechnik,37632.34,2024-04-26,verfallen,,
A000661,K00023,2024-04-07,Anbaugeraet,5816.6,2024-04-28,verfallen,,
A000662,K00656,2024-04-06,Kommunaltechnik,18314.67,2024-04-27,verfallen,,
A000663,K00236,2024-04-11,Anbaugeraet,5471.97,2024-04-23,verfallen,,
A000664,K00137,2024-04-12,Erntemaschine,61698.51,2024-04-18,gewonnen,B000219,R000219
A000665,K00103,2024-04-12,Anbaugeraet,12186.55,2024-04-28,verloren,,
A000666,K00263,2024-04-09,Anbaugeraet,7605.03,2024-04-26,gewonnen,B000220,R000220
A000667,K00638,2024-04-11,Gartengeraet,3842.2,2024-04-27,verloren,,
A000668,K00226,2024-04-11,Gartengeraet,2500.0,2024-04-24,verloren,,
A000669,K00368,2024-04-06,Anbaugeraet,11322.2,2024-04-27,gewonnen,B000221,R000221
A000670,K00829,2024-04-11,Gartengeraet,2500.0,2024-05-06,verloren,,
A000671,K00060,2024-04-09,Kommunaltechnik,20062.23,2024-04-30,gewonnen,B000222,R000222
A000672,K00671,2024-04-09,Anbaugeraet,5747.16,2024-04-23,verfallen,,
A000673,K00679,2024-04-12,Kommunaltechnik,33821.01,2024-04-30,gewonnen,B000223,R000223
A000674,K00517,2024-04-06,Traktor,37773.55,2024-04-21,verloren,,
A000675,K00583,2024-04-09,Anbaugeraet,10320.92,2024-04-14,verloren,,
A000676,K00163,2024-04-06,Anbaugeraet,13209.84,2024-04-14,verfallen,,
A000677,K00077,2024-04-11,Traktor,24447.97,2024-04-28,verloren,,
A000678,K00406,2024-04-13,Anbaugeraet,7061.43,2024-05-17,verloren,,
A000679,K00784,2024-04-18,Gartengeraet,2500.0,2024-04-26,verfallen,,
A000680,K00449,2024-04-15,Traktor,16417.56,2024-04-23,gewonnen,B000224,R000224
A000681,K00499,2024-04-17,Traktor,35239.93,2024-05-02,verfallen,,
A000682,K00476,2024-04-14,Gartengeraet,2800.11,2024-04-25,verloren,,
A000683,K00600,2024-04-17,Anbaugeraet,9730.91,2024-05-04,verloren,,
A000684,K00064,2024-04-13,Traktor,15507.33,2024-04-27,verloren,,
A000685,K00703,2024-04-15,Gartengeraet,2500.0,2024-04-24,verloren,,
A000686,K00472,2024-04-13,Anbaugeraet,4360.06,2024-04-24,gewonnen,B000225,R000225
A000687,K00375,2024-04-15,Erntemaschine,84443.13,2024-05-07,verloren,,
A000688,K00243,2024-04-16,Traktor,62456.44,2024-05-02,gewonnen,B000226,R000226
A000689,K00295,2024-04-14,Traktor,17382.0,2024-05-15,verfallen,,
A000690,K00610,2024-04-19,Erntemaschine,95730.36,2024-05-06,verloren,,
A000691,K00640,2024-04-13,Kommunaltechnik,19137.26,2024-04-25,gewonnen,B000227,R000227
A000692,K00642,2024-04-18,Traktor,23944.19,2024-05-28,gewonnen,B000228,R000228
A000693,K00159,2024-04-18,Traktor,33062.28,2024-05-12,verloren,,
A000694,K00703,2024-04-13,Traktor,37479.23,2024-05-09,verloren,,
A000695,K00600,2024-04-13,Erntemaschine,33476.04,2024-05-07,verloren,,
A000696,K00319,2024-04-17,Anbaugeraet,12938.0,2024-05-27,gewonnen,B000229,R000229
A000697,K00403,2024-04-17,Traktor,31731.12,2024-04-26,gewonnen,B000230,R000230
A000698,K00832,2024-04-18,Traktor,29328.44,2024-05-05,gewonnen,B000231,R000231
A000699,K00607,2024-04-16,Kommunaltechnik,27214.86,2024-04-25,verfallen,,
A000700,K00815,2024-04-25,Anbaugeraet,8797.57,2024-05-08,verfallen,,
A000701,K00359,2024-04-20,Anbaugeraet,10165.43,2024-04-30,verfallen,,
A000702,K00479,2024-04-24,Anbaugeraet,7264.66,2024-05-14,verfallen,,
A000703,K00419,2024-04-25,Traktor,21862.03,2024-05-07,verloren,,
A000704,K00079,2024-04-26,Traktor,28151.74,2024-05-02,verloren,,
A000705,K00600,2024-04-26,Kommunaltechnik,20039.95,2024-05-05,verloren,,
A000706,K00121,2024-04-23,Traktor,27339.52,2024-05-07,verloren,,
A000707,K00609,2024-04-22,Erntemaschine,62368.58,2024-05-13,verloren,,
A000708,K00198,2024-04-21,Anbaugeraet,12661.07,2024-05-22,verloren,,
A000709,K00388,2024-04-20,Gartengeraet,2500.0,2024-05-18,verloren,,
A000710,K00676,2024-04-23,Anbaugeraet,8115.4,2024-05-16,gewonnen,B000232,R000232
A000711,K00110,2024-04-26,Gartengeraet,2500.0,2024-05-06,gewonnen,B000233,R000233
A000712,K00488,2024-04-24,Erntemaschine,38717.42,2024-05-06,verfallen,,
A000713,K00433,2024-04-21,Anbaugeraet,9314.15,2024-05-05,gewonnen,B000234,R000234
A000714,K00055,2024-04-23,Gartengeraet,5785.31,2024-05-07,verloren,,
A000715,K00849,2024-04-24,Gartengeraet,3057.13,2024-05-09,gewonnen,B000235,R000235
A000716,K00789,2024-04-21,Anbaugeraet,11559.84,2024-05-08,gewonnen,B000236,R000236
A000717,K00757,2024-04-22,Traktor,26287.11,2024-05-10,verloren,,
A000718,K00036,2024-04-24,Anbaugeraet,3164.64,2024-05-09,verloren,,
A000719,K00638,2024-04-25,Kommunaltechnik,11270.19,2024-05-19,verloren,,
A000720,K00425,2024-04-24,Kommunaltechnik,12767.82,2024-05-04,gewonnen,B000237,R000237
A000721,K00591,2024-04-26,Traktor,28930.86,2024-05-06,verloren,,
A000722,K00752,2024-04-26,Kommunaltechnik,38294.92,2024-05-10,verfallen,,
A000723,K00610,2024-04-26,Erntemaschine,45576.23,2024-05-12,verloren,,
A000724,K00635,2024-05-03,Traktor,50751.92,2024-05-12,verloren,,
A000725,K00348,2024-04-27,Anbaugeraet,8063.14,2024-05-09,gewonnen,B000238,R000238
A000726,K00609,2024-04-29,Anbaugeraet,9139.87,2024-05-13,gewonnen,B000239,R000239
A000727,K00403,2024-05-02,Anbaugeraet,11225.81,2024-05-23,verloren,,
A000728,K00388,2024-04-28,Traktor,29225.65,2024-05-11,verloren,,
A000729,K00100,2024-05-01,Traktor,61304.59,2024-05-09,verloren,,
A000730,K00064,2024-05-03,Anbaugeraet,5614.12,2024-05-21,verloren,,
A000731,K00064,2024-04-30,Anbaugeraet,10343.76,2024-05-22,verfallen,,
A000732,K00055,2024-05-01,Anbaugeraet,8850.87,2024-05-13,gewonnen,B000240,R000240
A000733,K00788,2024-05-01,Traktor,25619.09,2024-05-15,gewonnen,B000241,R000241
A000734,K00362,2024-05-01,Traktor,76529.01,2024-05-19,verloren,,
A000735,K00419,2024-04-27,Traktor,33482.34,2024-05-14,verfallen,,
A000736,K00206,2024-05-03,Kommunaltechnik,22770.6,2024-06-03,verloren,,
A000737,K00419,2024-04-30,Anbaugeraet,8304.79,2024-05-10,gewonnen,B000242,R000242
A000738,K00140,2024-04-29,Traktor,19661.03,2024-05-16,verloren,,
A000739,K00674,2024-04-29,Gartengeraet,2890.73,2024-05-11,gewonnen,B000243,R000243
A000740,K00154,2024-05-02,Anbaugeraet,14790.22,2024-05-08,verloren,,
A000741,K00703,2024-05-01,Kommunaltechnik,45409.75,2024-05-10,verloren,,
A000742,K00234,2024-05-01,Gartengeraet,2500.0,2024-05-25,verloren,,
A000743,K00188,2024-04-27,Anbaugeraet,5854.8,2024-05-28,verloren,,
A000744,K00145,2024-04-28,Traktor,69805.99,2024-05-19,gewonnen,B000244,R000244
A000745,K00626,2024-04-30,Erntemaschine,57576.52,2024-06-09,verloren,,
A000746,K00388,2024-05-03,Traktor,29366.01,2024-05-19,verloren,,
A000747,K00829,2024-04-29,Traktor,40648.94,2024-05-11,verfallen,,
A000748,K00156,2024-04-27,Traktor,23329.69,2024-05-30,gewonnen,B000245,R000245
A000749,K00545,2024-05-03,Anbaugeraet,6371.15,2024-05-12,verloren,,
A000750,K00288,2024-04-30,Traktor,20201.77,2024-05-15,gewonnen,B000246,R000246
A000751,K00567,2024-04-30,Traktor,35867.45,2024-06-04,verfallen,,
A000752,K00600,2024-05-07,Erntemaschine,40958.89,2024-05-21,verloren,,
A000753,K00023,2024-05-04,Anbaugeraet,3157.5,2024-05-20,gewonnen,B000247,R000247
A000754,K00591,2024-05-09,Traktor,35761.02,2024-05-22,gewonnen,B000248,R000248
A000755,K00808,2024-05-09,Traktor,57281.98,2024-06-12,verfallen,,
A000756,K00535,2024-05-04,Kommunaltechnik,13071.36,2024-05-18,verfallen,,
A000757,K00692,2024-05-08,Kommunaltechnik,19398.15,2024-05-23,gewonnen,B000249,R000249
A000758,K00642,2024-05-05,Gartengeraet,2500.0,2024-05-16,verfallen,,
A000759,K00295,2024-05-04,Anbaugeraet,6514.14,2024-05-11,gewonnen,B000250,R000250
A000760,K00735,2024-05-07,Gartengeraet,2500.0,2024-05-30,verfallen,,
A000761,K00545,2024-05-04,Anbaugeraet,7384.33,2024-05-21,gewonnen,B000251,R000251
A000762,K00013,2024-05-09,Traktor,18823.23,2024-06-10,gewonnen,B000252,R000252
A000763,K00405,2024-05-06,Kommunaltechnik,15855.73,2024-05-24,verfallen,,
A000764,K00703,2024-05-05,Erntemaschine,47545.65,2024-05-16,verloren,,
A000765,K00302,2024-05-10,Kommunaltechnik,29553.78,2024-06-02,verloren,,
A000766,K00103,2024-05-07,Anbaugeraet,20439.47,2024-06-07,verloren,,
A000767,K00295,2024-05-08,Anbaugeraet,4959.21,2024-06-16,gewonnen,B000253,R000253
A000768,K00471,2024-05-10,Anbaugeraet,8354.1,2024-05-22,verloren,,
A000769,K00065,2024-05-05,Anbaugeraet,7614.57,2024-05-23,verfallen,,
A000770,K00829,2024-05-09,Anbaugeraet,5829.69,2024-05-26,verloren,,
A000771,K00829,2024-05-05,Erntemaschine,74609.88,2024-05-23,gewonnen,B000254,R000254
A000772,K00829,2024-05-06,Traktor,18260.51,2024-06-04,gewonnen,B000255,R000255
A000773,K00610,2024-05-04,Traktor,48555.56,2024-05-14,verfallen,,
A000774,K00499,2024-05-10,Traktor,41558.97,2024-06-04,verloren,,
A000775,K00135,2024-05-06,Anbaugeraet,15734.84,2024-05-20,verloren,,
A000776,K00476,2024-05-05,Kommunaltechnik,19047.55,2024-05-28,verloren,,
A000777,K00419,2024-05-04,Traktor,20210.37,2024-05-24,gewonnen,B000256,R000256
A000778,K00236,2024-05-08,Anbaugeraet,7008.15,2024-05-16,verloren,,
A000779,K00375,2024-05-05,Erntemaschine,71699.78,2024-05-25,verloren,,
A000780,K00520,2024-05-12,Kommunaltechnik,36376.34,2024-05-30,gewonnen,B000257,R000257
A000781,K00600,2024-05-13,Kommunaltechnik,26802.63,2024-06-15,gewonnen,B000258,R000258
A000782,K00760,2024-05-11,Kommunaltechnik,10074.69,2024-05-27,verloren,,
A000783,K00607,2024-05-12,Traktor,22030.94,2024-05-20,verfallen,,
A000784,K00766,2024-05-11,Anbaugeraet,10125.54,2024-05-20,verloren,,
A000785,K00472,2024-05-14,Erntemaschine,32196.63,2024-06-09,verloren,,
A000786,K00335,2024-05-12,Traktor,29593.69,2024-05-17,gewonnen,B000259,R000259
A000787,K00514,2024-05-13,Gartengeraet,2500.0,2024-06-04,verloren,,
A000788,K00693,2024-05-13,Kommunaltechnik,37953.65,2024-05-21,verloren,,
A000789,K00236,2024-05-11,Anbaugeraet,16116.4,2024-05-28,verloren,,
A000790,K00087,2024-05-11,Traktor,39308.39,2024-06-11,verloren,,
A000791,K00210,2024-05-11,Anbaugeraet,6026.67,2024-06-16,gewonnen,B000260,R000260
A000792,K00348,2024-05-17,Anbaugeraet,5771.9,2024-05-23,gewonnen,B000261,R000261
A000793,K00693,2024-05-12,Kommunaltechnik,23243.55,2024-05-31,verloren,,
A000794,K00008,2024-05-15,Kommunaltechnik,43053.44,2024-06-01,gewonnen,B000262,R000262
A000795,K00829,2024-05-14,Erntemaschine,23520.16,2024-06-02,gewonnen,B000263,R000263
A000796,K00829,2024-05-15,Gartengeraet,2500.0,2024-05-26,gewonnen,B000264,R000264
A000797,K00623,2024-05-17,Erntemaschine,62012.07,2024-06-03,gewonnen,B000265,R000265
A000798,K00842,2024-05-14,Traktor,30948.25,2024-06-08,verloren,,
A000799,K00032,2024-05-12,Traktor,35516.12,2024-05-26,verloren,,
A000800,K00808,2024-05-12,Erntemaschine,81735.62,2024-05-25,verloren,,
A000801,K00200,2024-05-16,Gartengeraet,2500.0,2024-05-28,verfallen,,
A000802,K00380,2024-05-12,Gartengeraet,2500.0,2024-05-19,verfallen,,
A000803,K00515,2024-05-16,Anbaugeraet,8398.48,2024-06-06,gewonnen,B000266,R000266
A000804,K00379,2024-05-12,Erntemaschine,99965.02,2024-05-20,gewonnen,B000267,R000267
A000805,K00816,2024-05-13,Anbaugeraet,8530.91,2024-05-26,verloren,,
A000806,K00236,2024-05-16,Anbaugeraet,8578.04,2024-05-29,verloren,,
A000807,K00001,2024-05-14,Traktor,37067.8,2024-06-02,gewonnen,B000268,R000268
A000808,K00591,2024-05-19,Anbaugeraet,12715.35,2024-05-29,gewonnen,B000269,R000269
A000809,K00703,2024-05-24,Traktor,38689.92,2024-06-07,verfallen,,
A000810,K00445,2024-05-18,Kommunaltechnik,13967.55,2024-06-11,verloren,,
A000811,K00703,2024-05-23,Anbaugeraet,6001.67,2024-06-11,verloren,,
A000812,K00703,2024-05-24,Traktor,36676.04,2024-06-01,verloren,,
A000813,K00514,2024-05-23,Erntemaschine,72836.88,2024-06-07,verloren,,
A000814,K00002,2024-05-24,Anbaugeraet,5754.87,2024-06-29,verloren,,
A000815,K00250,2024-05-18,Erntemaschine,32175.82,2024-06-23,verloren,,
A000816,K00679,2024-05-21,Anbaugeraet,12693.64,2024-06-05,gewonnen,B000270,R000270
A000817,K00419,2024-05-21,Traktor,28851.33,2024-06-01,verloren,,
A000818,K00598,2024-05-22,Erntemaschine,50541.98,2024-06-08,verloren,,
A000819,K00558,2024-05-19,Erntemaschine,48409.41,2024-06-09,gewonnen,B000271,R000271
A000820,K00346,2024-05-18,Erntemaschine,29316.55,2024-05-23,verfallen,,
A000821,K00064,2024-05-20,Traktor,57940.64,2024-06-14,verloren,,
A000822,K00349,2024-05-24,Erntemaschine,87615.38,2024-06-22,verfallen,,
A000823,K00064,2024-05-23,Traktor,21222.22,2024-06-26,verloren,,
A000824,K00103,2024-05-24,Anbaugeraet,8491.49,2024-06-05,gewonnen,B000272,R000272
A000825,K00514,2024-05-23,Traktor,72810.23,2024-06-10,gewonnen,B000273,R000273
A000826,K00829,2024-05-22,Erntemaschine,54472.23,2024-07-01,verloren,,
A000827,K00590,2024-05-23,Kommunaltechnik,65232.11,2024-06-14,gewonnen,B000274,R000274
A000828,K00159,2024-05-23,Anbaugeraet,5335.64,2024-06-09,verfallen,,
A000829,K00694,2024-05-24,Anbaugeraet,12613.24,2024-06-04,gewonnen,B000275,R000275
A000830,K00477,2024-05-21,Traktor,22100.31,2024-06-02,gewonnen,B000276,R000276
A000831,K00426,2024-05-18,Gartengeraet,2500.0,2024-06-10,gewonnen,B000277,R000277
A000832,K00245,2024-05-26,Anbaugeraet,13988.6,2024-06-06,gewonnen,B000278,R000278
A000833,K00351,2024-05-27,Anbaugeraet,8119.47,2024-06-08,gewonnen,B000279,R000279
A000834,K00378,2024-05-29,Anbaugeraet,7225.97,2024-06-22,verloren,,
A000835,K00829,2024-05-29,Anbaugeraet,7108.37,2024-06-26,verloren,,
A000836,K00190,2024-05-27,Traktor,33890.79,2024-06-11,verfallen,,
A000837,K00703,2024-05-29,Gartengeraet,2511.97,2024-06-08,gewonnen,B000280,R000280
A000838,K00591,2024-05-28,Traktor,23804.46,2024-06-09,verfallen,,
A000839,K00137,2024-05-27,Erntemaschine,51521.41,2024-06-17,gewonnen,B000281,R000281
A000840,K00776,2024-05-27,Anbaugeraet,8574.21,2024-06-12,gewonnen,B000282,R000282
A000841,K00776,2024-05-29,Anbaugeraet,15933.39,2024-07-08,gewonnen,B000283,R000283
A000842,K00463,2024-05-30,Traktor,42318.86,2024-06-25,gewonnen,B000284,R000284
A000843,K00703,2024-05-28,Anbaugeraet,7853.8,2024-06-19,gewonnen,B000285,R000285
A000844,K00589,2024-05-29,Erntemaschine,89717.92,2024-06-21,verloren,,
A000845,K00847,2024-05-28,Anbaugeraet,6922.34,2024-06-21,gewonnen,B000286,R000286
A000846,K00665,2024-05-26,Kommunaltechnik,8523.97,2024-06-14,verloren,,
A000847,K00829,2024-05-30,Traktor,21811.59,2024-06-11,gewonnen,B000287,R000287
A000848,K00184,2024-05-25,Traktor,17494.47,2024-06-10,verfallen,,
A000849,K00411,2024-05-25,Traktor,22655.49,2024-06-09,verloren,,
A000850,K00611,2024-05-29,Gartengeraet,3193.41,2024-06-14,gewonnen,B000288,R000288
A000851,K00196,2024-05-26,Anbaugeraet,10526.99,2024-06-29,verloren,,
A000852,K00781,2024-05-25,Gartengeraet,2500.0,2024-06-05,verfallen,,
A000853,K00849,2024-05-28,Anbaugeraet,12579.07,2024-06-09,verloren,,
A000854,K00694,2024-05-31,Gartengeraet,2500.0,2024-06-13,gewonnen,B000289,R000289
A000855,K00485,2024-05-29,Erntemaschine,39688.25,2024-06-16,gewonnen,B000290,R000290
A000856,K00671,2024-05-26,Traktor,54116.61,2024-06-21,verloren,,
A000857,K00355,2024-06-02,Traktor,35409.1,2024-06-10,gewonnen,B000291,R000291
A000858,K00234,2024-06-01,Erntemaschine,39063.26,2024-06-15,verloren,,
A000859,K00388,2024-06-04,Traktor,97699.29,2024-06-13,verloren,,
A000860,K00596,2024-06-04,Kommunaltechnik,34219.1,2024-06-18,verloren,,
A000861,K00423,2024-06-05,Traktor,38417.26,2024-06-20,gewonnen,B000292,R000292
A000862,K00829,2024-06-05,Kommunaltechnik,43478.65,2024-06-24,verloren,,
A000863,K00829,2024-06-01,Traktor,28325.05,2024-06-10,verloren,,
A000864,K00234,2024-06-06,Anbaugeraet,6161.86,2024-06-15,verloren,,
A000865,K00591,2024-06-06,Anbaugeraet,22235.09,2024-06-16,gewonnen,B000293,R000293
A000866,K00367,2024-06-04,Anbaugeraet,7873.32,2024-06-21,gewonnen,B000294,R000294
A000867,K00638,2024-06-01,Traktor,22442.37,2024-07-06,verloren,,
A000868,K00080,2024-06-02,Anbaugeraet,10220.94,2024-06-21,verfallen,,
A000869,K00438,2024-06-04,Kommunaltechnik,17748.36,2024-06-27,gewonnen,B000295,R000295
A000870,K00777,2024-06-05,Kommunaltechnik,22890.26,2024-06-23,verloren,,
A000871,K00433,2024-06-03,Erntemaschine,39339.25,2024-06-19,verloren,,
A000872,K00368,2024-06-03,Anbaugeraet,3942.43,2024-06-14,verloren,,
A000873,K00346,2024-06-12,Erntemaschine,42341.47,2024-06-26,verloren,,
A000874,K00419,2024-06-08,Anbaugeraet,16015.83,2024-06-28,gewonnen,B000296,R000296
A000875,K00323,2024-06-09,Traktor,24801.98,2024-06-30,verfallen,,
A000876,K00829,2024-06-12,Kommunaltechnik,43662.47,2024-06-26,gewonnen,B000297,R000297
A000877,K00134,2024-06-11,Anbaugeraet,5662.27,2024-07-05,gewonnen,B000298,R000298
A000878,K00627,2024-06-13,Kommunaltechnik,17271.69,2024-06-21,gewonnen,B000299,R000299
A000879,K00554,2024-06-08,Anbaugeraet,10702.24,2024-06-13,gewonnen,B000300,R000300
A000880,K00849,2024-06-13,Traktor,40644.73,2024-06-22,verloren,,
A000881,K00445,2024-06-11,Kommunaltechnik,11031.37,2024-07-02,verfallen,,
A000882,K00419,2024-06-14,Erntemaschine,66016.05,2024-07-18,verloren,,
A000883,K00790,2024-06-08,Traktor,21468.68,2024-06-23,verloren,,
A000884,K00153,2024-06-11,Kommunaltechnik,23146.38,2024-06-27,verfallen,,
A000885,K00458,2024-06-12,Anbaugeraet,13565.67,2024-06-24,verloren,,
A000886,K00694,2024-06-11,Erntemaschine,70723.29,2024-07-09,gewonnen,B000301,R000301
A000887,K00445,2024-06-14,Anbaugeraet,15653.73,2024-06-22,verfallen,,
A000888,K00677,2024-06-11,Anbaugeraet,3819.53,2024-06-17,verloren,,
A000889,K00513,2024-06-09,Gartengeraet,4714.55,2024-06-27,gewonnen,B000302,R000302
A000890,K00626,2024-06-08,Anbaugeraet,7833.41,2024-06-20,verloren,,
A000891,K00102,2024-06-09,Traktor,29064.63,2024-06-21,verloren,,
A000892,K00341,2024-06-08,Kommunaltechnik,24417.28,2024-06-22,verloren,,
A000893,K00752,2024-06-11,Erntemaschine,56379.8,2024-06-25,verfallen,,
A000894,K00182,2024-06-12,Gartengeraet,3216.07,2024-06-23,verloren,,
A000895,K00461,2024-06-13,Gartengeraet,2500.0,2024-06-29,gewonnen,B000303,R000303
A000896,K00593,2024-06-11,Anbaugeraet,8706.55,2024-07-02,verloren,,
A000897,K00839,2024-06-13,Kommunaltechnik,28296.4,2024-06-29,verloren,,
A000898,K00354,2024-06-09,Traktor,25023.74,2024-07-03,verloren,,
A000899,K00594,2024-06-17,Anbaugeraet,7790.02,2024-06-27,gewonnen,B000304,R000304
A000900,K00829,2024-06-21,Traktor,20686.49,2024-06-30,verloren,,
A000901,K00499,2024-06-19,Traktor,30495.86,2024-07-29,verloren,,
A000902,K00348,2024-06-20,Kommunaltechnik,10687.54,2024-07-05,verloren,,
A000903,K00419,2024-06-21,Gartengeraet,3596.16,2024-07-03,verloren,,
A000904,K00577,2024-06-15,Kommunaltechnik,29020.97,2024-06-29,verloren,,
A000905,K00810,2024-06-21,Kommunaltechnik,27771.52,2024-07-11,verloren,,
A000906,K00276,2024-06-20,Anbaugeraet,6825.67,2024-07-06,verloren,,
A000907,K00114,2024-06-17,Gartengeraet,2500.0,2024-06-29,verloren,,
A000908,K00344,2024-06-21,Traktor,39202.0,2024-06-29,verfallen,,
A000909,K00617,2024-06-20,Erntemaschine,57361.39,2024-07-14,verloren,,
A000910,K00757,2024-06-16,Erntemaschine,57811.95,2024-06-26,verloren,,
A000911,K00702,2024-06-20,Gartengeraet,2648.45,2024-07-18,gewonnen,B000305,R000305
A000912,K00703,2024-06-21,Anbaugeraet,12598.05,2024-07-03,gewonnen,B000306,R000306
A000913,K00814,2024-06-21,Erntemaschine,49735.2,2024-07-10,verloren,,
A000914,K00207,2024-06-19,Anbaugeraet,19854.66,2024-07-06,verfallen,,
A000915,K00611,2024-06-20,Traktor,50647.72,2024-07-30,verloren,,
A000916,K00514,2024-06-25,Traktor,23204.57,2024-07-18,gewonnen,B000307,R000307
A000917,K00135,2024-06-25,Traktor,38182.06,2024-07-20,verloren,,
A000918,K00019,2024-06-28,Traktor,42175.06,2024-07-22,verloren,,
A000919,K00693,2024-06-27,Traktor,17662.98,2024-07-10,verloren,,
A000920,K00184,2024-06-27,Kommunaltechnik,15811.6,2024-07-13,verloren,,
A000921,K00384,2024-06-23,Kommunaltechnik,33643.2,2024-07-04,verfallen,,
A000922,K00834,2024-06-24,Anbaugeraet,21340.01,2024-07-14,verloren,,
A000923,K00236,2024-06-27,Anbaugeraet,9970.53,2024-07-04,verloren,,
A000924,K00348,2024-06-23,Erntemaschine,66045.85,2024-07-10,gewonnen,B000308,R000308
A000925,K00703,2024-06-22,Erntemaschine,57011.72,2024-07-05,gewonnen,B000309,R000309
A000926,K00379,2024-06-25,Traktor,35972.87,2024-07-25,verloren,,
A000927,K00676,2024-06-26,Gartengeraet,2887.46,2024-07-20,gewonnen,B000310,R000310
A000928,K00064,2024-06-27,Traktor,33026.86,2024-08-02,verloren,,
A000929,K00476,2024-06-27,Traktor,31409.56,2024-07-13,verfallen,,
A000930,K00829,2024-06-24,Kommunaltechnik,16825.91,2024-07-08,gewonnen,B000311,R000311
A000931,K00829,2024-06-22,Traktor,37157.51,2024-07-14,verloren,,
A000932,K00597,2024-06-24,Kommunaltechnik,28472.88,2024-07-19,verfallen,,
A000933,K00752,2024-06-24,Anbaugeraet,5579.66,2024-07-02,gewonnen,B000312,R000312
A000934,K00064,2024-06-27,Erntemaschine,127465.91,2024-07-09,verloren,,
A000935,K00666,2024-07-03,Anbaugeraet,6529.88,2024-07-15,verloren,,
A000936,K00808,2024-07-05,Erntemaschine,61785.61,2024-07-27,verloren,,
A000937,K00396,2024-06-29,Erntemaschine,53285.42,2024-07-19,verfallen,,
A000938,K00367,2024-07-04,Kommunaltechnik,27246.99,2024-07-25,verfallen,,
A000939,K00388,2024-07-02,Erntemaschine,47994.15,2024-07-15,gewonnen,B000313,R000313
A000940,K00751,2024-06-30,Traktor,48367.72,2024-07-22,verfallen,,
A000941,K00357,2024-07-03,Anbaugeraet,11193.71,2024-07-22,gewonnen,B000314,R000314
A000942,K00159,2024-06-29,Anbaugeraet,7413.73,2024-07-05,verloren,,
A000943,K00167,2024-06-30,Erntemaschine,115627.73,2024-07-11,verfallen,,
A000944,K00792,2024-07-03,Kommunaltechnik,30913.31,2024-07-20,verfallen,,
A000945,K00080,2024-06-30,Erntemaschine,65505.39,2024-08-06,verloren,,
A000946,K00607,2024-07-04,Anbaugeraet,5352.91,2024-07-20,gewonnen,B000315,R000315
A000947,K00443,2024-07-05,Kommunaltechnik,18146.29,2024-07-19,verloren,,
A000948,K00821,2024-06-29,Erntemaschine,59809.37,2024-07-23,verfallen,,
A000949,K00328,2024-07-05,Kommunaltechnik,19085.24,2024-07-30,verloren,,
A000950,K00432,2024-07-12,Kommunaltechnik,38484.59,2024-07-28,verfallen,,
A000951,K00078,2024-07-07,Gartengeraet,2518.11,2024-07-22,gewonnen,B000316,R000316
A000952,K00312,2024-07-10,Erntemaschine,100683.23,2024-08-06,verfallen,,
A000953,K00829,2024-07-08,Erntemaschine,44426.22,2024-08-10,verloren,,
A000954,K00033,2024-07-08,Anbaugeraet,2867.58,2024-07-14,verloren,,
A000955,K00829,2024-07-09,Traktor,22516.59,2024-07-29,gewonnen,B000317,R000317
A000956,K00685,2024-07-12,Traktor,22500.84,2024-07-27,verloren,,
A000957,K00290,2024-07-06,Erntemaschine,25594.77,2024-07-23,verloren,,
A000958,K00214,2024-07-10,Traktor,48029.1,2024-07-30,verloren,,
A000959,K00777,2024-07-12,Anbaugeraet,14622.39,2024-07-24,verloren,,
A000960,K00400,2024-07-06,Kommunaltechnik,27616.88,2024-08-05,gewonnen,B000318,R000318
A000961,K00353,2024-07-12,Gartengeraet,2500.0,2024-08-05,gewonnen,B000319,R000319
A000962,K00638,2024-07-11,Anbaugeraet,5489.5,2024-08-06,verfallen,,
A000963,K00690,2024-07-10,Traktor,38346.3,2024-08-15,gewonnen,B000320,R000320
A000964,K00340,2024-07-10,Erntemaschine,42416.98,2024-08-01,verloren,,
A000965,K00021,2024-07-08,Traktor,12433.85,2024-07-15,verloren,,
A000966,K00056,2024-07-06,Anbaugeraet,7684.87,2024-07-20,verloren,,
A000967,K00351,2024-07-08,Anbaugeraet,13313.39,2024-07-30,verfallen,,
A000968,K00426,2024-07-13,Gartengeraet,2566.48,2024-07-25,gewonnen,B000321,R000321
A000969,K00577,2024-07-14,Anbaugeraet,7721.66,2024-07-24,verloren,,
A000970,K00738,2024-07-15,Traktor,36127.85,2024-08-09,verloren,,
A000971,K00427,2024-07-14,Gartengeraet,2500.0,2024-07-20,verfallen,,
A000972,K00064,2024-07-16,Traktor,76844.45,2024-08-25,gewonnen,B000322,R000322
A000973,K00703,2024-07-14,Anbaugeraet,7403.17,2024-07-30,gewonnen,B000323,R000323
A000974,K00463,2024-07-17,Traktor,43888.51,2024-07-30,gewonnen,B000324,R000324
A000975,K00041,2024-07-14,Anbaugeraet,8005.35,2024-07-26,gewonnen,B000325,R000325
A000976,K00829,2024-07-19,Gartengeraet,2500.0,2024-08-01,verloren,,
A000977,K00565,2024-07-15,Anbaugeraet,4817.01,2024-07-22,verfallen,,
A000978,K00168,2024-07-16,Gartengeraet,2500.0,2024-07-26,verloren,,
A000979,K00456,2024-07-13,Traktor,42058.18,2024-07-22,gewonnen,B000326,R000326
A000980,K00829,2024-07-13,Anbaugeraet,4143.91,2024-07-28,verloren,,
A000981,K00735,2024-07-16,Kommunaltechnik,27122.52,2024-08-01,verloren,,
A000982,K00703,2024-07-15,Kommunaltechnik,22597.82,2024-08-17,verloren,,
A000983,K00484,2024-07-21,Anbaugeraet,14849.93,2024-08-07,verloren,,
A000984,K00130,2024-07-25,Anbaugeraet,5404.73,2024-08-03,verloren,,
A000985,K00765,2024-07-20,Traktor,44076.34,2024-08-03,gewonnen,B000327,R000327
A000986,K00787,2024-07-22,Traktor,28161.53,2024-08-08,verfallen,,
A000987,K00808,2024-07-24,Kommunaltechnik,44494.39,2024-08-15,verfallen,,
A000988,K00611,2024-07-24,Anbaugeraet,8381.35,2024-08-11,verloren,,
A000989,K00476,2024-07-22,Gartengeraet,2500.0,2024-08-04,verloren,,
A000990,K00829,2024-07-24,Anbaugeraet,10056.91,2024-08-11,gewonnen,B000328,R000328
A000991,K00137,2024-07-21,Kommunaltechnik,22053.72,2024-08-06,verloren,,
A000992,K00042,2024-07-26,Gartengeraet,2967.05,2024-08-19,verloren,,
A000993,K00331,2024-07-25,Anbaugeraet,10998.3,2024-08-23,verloren,,
A000994,K00693,2024-07-20,Kommunaltechnik,30776.47,2024-08-03,gewonnen,B000329,R000329
A000995,K00339,2024-07-25,Anbaugeraet,11059.25,2024-08-16,gewonnen,B000330,R000330
A000996,K00638,2024-07-25,Anbaugeraet,18553.76,2024-08-09,gewonnen,B000331,R000331
A000997,K00685,2024-07-30,Erntemaschine,52755.65,2024-08-27,verloren,,
A000998,K00283,2024-07-29,Anbaugeraet,5966.74,2024-08-13,verloren,,
A000999,K00551,2024-08-01,Kommunaltechnik,26341.59,2024-09-04,verloren,,
A001000,K00236,2024-07-31,Anbaugeraet,5475.93,2024-09-01,verfallen,,
A001001,K00055,2024-07-28,Traktor,32868.23,2024-08-08,verloren,,
A001002,K00239,2024-07-27,Traktor,44449.33,2024-08-15,verfallen,,
A001003,K00817,2024-07-31,Traktor,27915.56,2024-08-15,verfallen,,
A001004,K00703,2024-07-29,Anbaugeraet,5673.76,2024-08-05,verloren,,
A001005,K00779,2024-07-30,Kommunaltechnik,17105.32,2024-08-13,verloren,,
A001006,K00705,2024-07-29,Traktor,19781.13,2024-08-12,verloren,,
A001007,K00419,2024-07-27,Traktor,24051.24,2024-08-03,gewonnen,B000332,R000332
A001008,K00693,2024-07-29,Anbaugeraet,9691.45,2024-08-13,verloren,,
A001009,K00561,2024-07-30,Gartengeraet,2500.0,2024-08-10,verfallen,,
A001010,K00348,2024-08-08,Anbaugeraet,8122.46,2024-08-20,verloren,,
A001011,K00236,2024-08-05,Anbaugeraet,4444.64,2024-08-16,gewonnen,B000333,R000333
A001012,K00362,2024-08-08,Kommunaltechnik,18714.29,2024-09-14,verloren,,
A001013,K00463,2024-08-08,Erntemaschine,37912.8,2024-09-02,verloren,,
A001014,K00610,2024-08-05,Traktor,29260.41,2024-09-04,gewonnen,B000334,R000334
A001015,K00157,2024-08-03,Anbaugeraet,9392.48,2024-08-24,verfallen,,
A001016,K00481,2024-08-07,Gartengeraet,2500.0,2024-08-16,verloren,,
A001017,K00295,2024-08-03,Erntemaschine,46431.3,2024-08-12,verloren,,
A001018,K00295,2024-08-03,Anbaugeraet,3611.91,2024-08-14,verloren,,
A001019,K00286,2024-08-09,Traktor,25205.04,2024-08-20,gewonnen,B000335,R000335
A001020,K00780,2024-08-09,Anbaugeraet,18459.98,2024-08-28,gewonnen,B000336,R000336
A001021,K00567,2024-08-08,Anbaugeraet,8587.98,2024-08-27,gewonnen,B000337,R000337
A001022,K00159,2024-08-06,Gartengeraet,2659.22,2024-08-24,verfallen,,
A001023,K00648,2024-08-05,Traktor,30707.96,2024-08-17,verloren,,
A001024,K00819,2024-08-07,Traktor,57459.43,2024-08-16,verfallen,,
A001025,K00038,2024-08-07,Kommunaltechnik,17193.73,2024-08-19,verloren,,
A001026,K00349,2024-08-08,Traktor,19378.5,2024-08-16,verloren,,
A001027,K00105,2024-08-03,Anbaugeraet,12231.39,2024-08-19,gewonnen,B000338,R000338
A001028,K00015,2024-08-10,Anbaugeraet,11191.12,2024-09-01,verfallen,,
A001029,K00626,2024-08-10,Anbaugeraet,5369.46,2024-08-30,gewonnen,B000339,R000339
A001030,K00514,2024-08-16,Anbaugeraet,6644.49,2024-08-29,gewonnen,B000340,R000340
A001031,K00339,2024-08-12,Anbaugeraet,5646.47,2024-08-31,gewonnen,B000341,R000341
A001032,K00322,2024-08-10,Traktor,55869.58,2024-08-26,verloren,,
A001033,K00816,2024-08-10,Anbaugeraet,13435.92,2024-08-25,verfallen,,
A001034,K00356,2024-08-13,Gartengeraet,2500.0,2024-09-06,gewonnen,B000342,R000342
A001035,K00357,2024-08-11,Kommunaltechnik,27183.59,2024-08-29,gewonnen,B000343,R000343
A001036,K00752,2024-08-11,Kommunaltechnik,22964.78,2024-08-25,verfallen,,
A001037,K00807,2024-08-14,Anbaugeraet,6154.06,2024-08-21,verfallen,,
A001038,K00593,2024-08-14,Anbaugeraet,10412.01,2024-09-18,verloren,,
A001039,K00625,2024-08-15,Kommunaltechnik,23880.65,2024-08-26,verloren,,
A001040,K00201,2024-08-12,Anbaugeraet,5305.74,2024-08-25,gewonnen,B000344,R000344
A001041,K00413,2024-08-23,Traktor,25127.78,2024-09-13,verloren,,
A001042,K00829,2024-08-19,Traktor,26122.06,2024-09-18,verloren,,
A001043,K00458,2024-08-22,Kommunaltechnik,14369.57,2024-08-28,verloren,,
A001044,K00142,2024-08-22,Gartengeraet,4104.16,2024-09-06,gewonnen,B000345,R000345
A001045,K00626,2024-08-18,Traktor,38849.45,2024-09-06,gewonnen,B000346,R000346
A001046,K00672,2024-08-17,Kommunaltechnik,13992.36,2024-09-05,gewonnen,B000347,R000347
A001047,K00453,2024-08-18,Kommunaltechnik,35909.34,2024-09-27,verloren,,
A001048,K00354,2024-08-17,Anbaugeraet,3794.1,2024-09-04,verloren,,
A001049,K00578,2024-08-20,Anbaugeraet,2865.09,2024-09-05,verloren,,
A001050,K00792,2024-08-17,Gartengeraet,2500.0,2024-08-26,gewonnen,B000348,R000348
A001051,K00752,2024-08-23,Erntemaschine,32881.43,2024-09-03,gewonnen,B000349,R000349
A001052,K00176,2024-08-19,Kommunaltechnik,37462.21,2024-08-29,verloren,,
A001053,K00137,2024-08-17,Erntemaschine,84274.4,2024-09-04,verloren,,
A001054,K00087,2024-08-22,Gartengeraet,3220.67,2024-09-14,gewonnen,B000350,R000350
A001055,K00577,2024-08-21,Anbaugeraet,5687.69,2024-09-15,verloren,,
A001056,K00694,2024-08-23,Anbaugeraet,12408.71,2024-08-30,verfallen,,
A001057,K00380,2024-08-20,Traktor,53779.34,2024-09-01,verloren,,
A001058,K00513,2024-08-30,Anbaugeraet,9020.02,2024-09-12,verfallen,,
A001059,K00703,2024-08-29,Kommunaltechnik,25792.86,2024-09-08,verfallen,,
A001060,K00158,2024-08-28,Anbaugeraet,6152.09,2024-09-04,verloren,,
A001061,K00499,2024-08-29,Traktor,21192.47,2024-09-11,gewonnen,B000351,R000351
A001062,K00119,2024-08-27,Anbaugeraet,5419.69,2024-09-09,verfallen,,
A001063,K00413,2024-08-25,Kommunaltechnik,18746.85,2024-09-09,verloren,,
A001064,K00073,2024-08-28,Erntemaschine,52874.34,2024-09-15,verloren,,
A001065,K00703,2024-08-26,Erntemaschine,52523.31,2024-09-27,verloren,,
A001066,K00590,2024-08-28,Traktor,16244.84,2024-09-24,gewonnen,B000352,R000352
A001067,K00703,2024-08-24,Gartengeraet,2500.0,2024-09-08,verfallen,,
A001068,K00617,2024-08-27,Anbaugeraet,7777.07,2024-09-06,verloren,,
A001069,K00187,2024-08-29,Traktor,56561.25,2024-09-07,verloren,,
A001070,K00743,2024-08-26,Kommunaltechnik,32365.01,2024-09-03,gewonnen,B000353,R000353
A001071,K00610,2024-08-27,Anbaugeraet,6420.29,2024-09-17,verloren,,
A001072,K00256,2024-08-29,Traktor,25052.7,2024-09-10,verloren,,
A001073,K00752,2024-08-27,Kommunaltechnik,30073.31,2024-09-05,verloren,,
A001074,K00162,2024-08-26,Anbaugeraet,7309.22,2024-09-09,verloren,,
A001075,K00348,2024-08-24,Erntemaschine,36338.03,2024-09-15,verloren,,
A001076,K00379,2024-08-26,Anbaugeraet,11624.66,2024-09-10,verloren,,
A001077,K00689,2024-09-04,Traktor,58060.84,2024-09-15,gewonnen,B000354,R000354
A001078,K00682,2024-09-03,Traktor,61513.26,2024-09-24,verloren,,
A001079,K00419,2024-09-01,Anbaugeraet,12454.88,2024-09-12,verfallen,,
A001080,K00453,2024-09-02,Kommunaltechnik,11729.88,2024-09-21,gewonnen,B000355,R000355
A001081,K00413,2024-08-31,Anbaugeraet,6799.62,2024-09-11,gewonnen,B000356,R000356
A001082,K00610,2024-08-31,Kommunaltechnik,13947.68,2024-09-18,gewonnen,B000357,R000357
A001083,K00600,2024-08-31,Kommunaltechnik,17753.79,2024-09-10,verfallen,,
A001084,K00615,2024-09-02,Erntemaschine,33807.62,2024-09-25,verfallen,,
A001085,K00748,2024-09-05,Traktor,35244.89,2024-09-19,verloren,,
A001086,K00751,2024-08-31,Anbaugeraet,7790.11,2024-10-01,verloren,,
A001087,K00064,2024-09-02,Anbaugeraet,6330.68,2024-09-20,gewonnen,B000358,R000358
A001088,K00703,2024-09-05,Anbaugeraet,8639.55,2024-09-26,verloren,,
A001089,K00137,2024-09-07,Anbaugeraet,17974.23,2024-09-20,verloren,,
A001090,K00130,2024-09-12,Kommunaltechnik,28461.17,2024-10-03,gewonnen,B000359,R000359
A001091,K00642,2024-09-12,Kommunaltechnik,28286.46,2024-09-23,verloren,,
A001092,K00703,2024-09-07,Anbaugeraet,8788.13,2024-09-18,verfallen,,
A001093,K00151,2024-09-07,Anbaugeraet,4656.14,2024-10-08,verfallen,,
A001094,K00456,2024-09-11,Anbaugeraet,8058.05,2024-10-01,verloren,,
A001095,K00829,2024-09-11,Kommunaltechnik,26030.03,2024-10-09,verloren,,
A001096,K00137,2024-09-10,Anbaugeraet,4090.92,2024-10-15,verloren,,
A001097,K00593,2024-09-10,Erntemaschine,42553.73,2024-09-26,verloren,,
A001098,K00829,2024-09-09,Anbaugeraet,4548.32,2024-10-09,verloren,,
A001099,K00813,2024-09-07,Anbaugeraet,4631.97,2024-09-17,gewonnen,B000360,R000360
A001100,K00039,2024-09-13,Erntemaschine,32922.66,2024-10-08,verfallen,,
A001101,K00693,2024-09-10,Traktor,61144.36,2024-09-26,verloren,,
A001102,K00829,2024-09-09,Traktor,21223.67,2024-09-19,verloren,,
A001103,K00751,2024-09-13,Anbaugeraet,10554.89,2024-10-08,gewonnen,B000361,R000361
A001104,K00023,2024-09-11,Kommunaltechnik,10697.02,2024-09-19,verfallen,,
A001105,K00388,2024-09-07,Traktor,32361.2,2024-09-18,verloren,,
A001106,K00544,2024-09-17,Anbaugeraet,10389.73,2024-10-12,verloren,,
A001107,K00558,2024-09-20,Traktor,54188.82,2024-09-29,verfallen,,
A001108,K00189,2024-09-17,Traktor,35863.07,2024-10-01,verloren,,
A001109,K00432,2024-09-18,Anbaugeraet,6399.85,2024-09-25,verloren,,
A001110,K00445,2024-09-17,Traktor,33979.17,2024-10-04,verloren,,
A001111,K00159,2024-09-15,Traktor,34071.01,2024-09-29,verloren,,
A001112,K00669,2024-09-14,Gartengeraet,2971.9,2024-09-25,verloren,,
A001113,K00168,2024-09-15,Anbaugeraet,13728.07,2024-10-15,verloren,,
A001114,K00593,2024-09-15,Kommunaltechnik,34120.78,2024-09-30,gewonnen,B000362,R000362
A001115,K00333,2024-09-19,Traktor,18326.39,2024-09-29,verloren,,
A001116,K00003,2024-09-18,Gartengeraet,2500.0,2024-09-26,verloren,,
A001117,K00676,2024-09-19,Erntemaschine,41120.82,2024-10-06,verloren,,
A001118,K00757,2024-09-18,Anbaugeraet,9391.71,2024-10-06,verloren,,
A001119,K00419,2024-09-18,Anbaugeraet,12436.29,2024-10-09,verfallen,,
A001120,K00054,2024-09-18,Anbaugeraet,10459.26,2024-09-24,gewonnen,B000363,R000363
A001121,K00055,2024-09-16,Anbaugeraet,10962.19,2024-10-09,verloren,,
A001122,K00236,2024-09-15,Traktor,109444.58,2024-10-13,verloren,,
A001123,K00577,2024-09-19,Gartengeraet,2500.0,2024-09-29,verloren,,
A001124,K00387,2024-09-18,Gartengeraet,2500.0,2024-10-06,gewonnen,B000364,R000364
A001125,K00055,2024-09-26,Anbaugeraet,7755.77,2024-10-14,gewonnen,B000365,R000365
A001126,K00335,2024-09-26,Erntemaschine,57014.24,2024-10-02,verloren,,
A001127,K00414,2024-09-21,Traktor,52334.7,2024-10-12,verloren,,
A001128,K00703,2024-09-25,Kommunaltechnik,18489.19,2024-10-20,verfallen,,
A001129,K00758,2024-09-21,Anbaugeraet,8827.39,2024-10-06,verloren,,
A001130,K00322,2024-09-25,Erntemaschine,41547.59,2024-10-03,verloren,,
A001131,K00456,2024-09-24,Traktor,41337.16,2024-10-10,verloren,,
A001132,K00348,2024-09-27,Gartengeraet,3122.46,2024-10-13,verloren,,
A001133,K00586,2024-09-25,Traktor,23901.67,2024-10-09,gewonnen,B000366,R000366
A001134,K00348,2024-09-25,Kommunaltechnik,23557.46,2024-10-06,gewonnen,B000367,R000367
A001135,K00829,2024-09-21,Gartengeraet,2500.0,2024-10-10,verfallen,,
A001136,K00547,2024-09-22,Anbaugeraet,8160.06,2024-10-05,verloren,,
A001137,K00714,2024-09-21,Kommunaltechnik,36570.93,2024-10-23,verfallen,,
A001138,K00829,2024-09-21,Anbaugeraet,16502.74,2024-10-05,verloren,,
A001139,K00236,2024-09-23,Anbaugeraet,15566.5,2024-10-08,gewonnen,B000368,R000368
A001140,K00445,2024-09-21,Anbaugeraet,5591.58,2024-09-28,verloren,,
A001141,K00626,2024-09-26,Anbaugeraet,8028.53,2024-10-09,verloren,,
A001142,K00323,2024-09-27,Erntemaschine,38505.79,2024-10-30,gewonnen,B000369,R000369
A001143,K00236,2024-09-21,Anbaugeraet,10090.62,2024-09-29,verloren,,
A001144,K00829,2024-09-26,Kommunaltechnik,17257.1,2024-11-05,gewonnen,B000370,R000370
A001145,K00348,2024-09-27,Erntemaschine,75246.43,2024-10-06,gewonnen,B000371,R000371
A001146,K00254,2024-09-25,Traktor,37537.83,2024-10-08,verfallen,,
A001147,K00033,2024-09-24,Kommunaltechnik,39428.66,2024-10-07,gewonnen,B000372,R000372
A001148,K00655,2024-09-27,Anbaugeraet,7894.43,2024-10-11,verloren,,
A001149,K00829,2024-09-21,Anbaugeraet,7058.83,2024-10-08,gewonnen,B000373,R000373
A001150,K00551,2024-09-26,Traktor,50593.01,2024-10-24,verfallen,,
A001151,K00567,2024-09-27,Kommunaltechnik,14112.71,2024-10-22,verfallen,,
A001152,K00554,2024-09-27,Traktor,53331.04,2024-10-07,gewonnen,B000374,R000374
A001153,K00703,2024-09-27,Traktor,23849.4,2024-10-09,gewonnen,B000375,R000375
A001154,K00565,2024-10-04,Gartengeraet,2500.0,2024-10-14,verloren,,
A001155,K00757,2024-10-04,Anbaugeraet,6482.03,2024-10-09,verloren,,
A001156,K00064,2024-10-03,Erntemaschine,34018.8,2024-10-16,gewonnen,B000376,R000376
A001157,K00322,2024-10-02,Anbaugeraet,8831.9,2024-10-10,gewonnen,B000377,R000377
A001158,K00423,2024-09-29,Traktor,79408.78,2024-10-14,verloren,,
A001159,K00427,2024-10-04,Traktor,39885.21,2024-10-09,verloren,,
A001160,K00843,2024-10-03,Kommunaltechnik,28247.87,2024-10-12,verloren,,
A001161,K00196,2024-10-01,Traktor,26374.78,2024-10-30,verloren,,
A001162,K00293,2024-09-29,Anbaugeraet,10913.72,2024-10-27,verloren,,
A001163,K00727,2024-10-02,Traktor,32473.95,2024-10-17,verloren,,
A001164,K00347,2024-10-03,Anbaugeraet,11725.14,2024-11-12,verfallen,,
A001165,K00723,2024-09-30,Anbaugeraet,14153.58,2024-10-05,verfallen,,
A001166,K00419,2024-10-03,Traktor,28576.76,2024-10-15,verloren,,
A001167,K00419,2024-10-02,Traktor,36959.88,2024-10-15,verloren,,
A001168,K00472,2024-09-30,Anbaugeraet,5300.28,2024-10-13,gewonnen,B000378,R000378
A001169,K00419,2024-09-30,Anbaugeraet,19633.24,2024-10-18,gewonnen,B000379,R000379
A001170,K00334,2024-09-28,Gartengeraet,2500.0,2024-10-06,gewonnen,B000380,R000380
A001171,K00335,2024-09-29,Gartengeraet,2500.0,2024-10-06,gewonnen,B000381,R000381
A001172,K00584,2024-09-28,Anbaugeraet,12650.57,2024-10-14,gewonnen,B000382,R000382
A001173,K00548,2024-10-04,Traktor,24796.93,2024-11-02,verloren,,
A001174,K00137,2024-10-04,Kommunaltechnik,22486.42,2024-10-16,verloren,,
A001175,K00295,2024-10-01,Anbaugeraet,8896.51,2024-10-24,verfallen,,
A001176,K00064,2024-10-10,Erntemaschine,73189.91,2024-10-19,verloren,,
A001177,K00578,2024-10-08,Traktor,61483.01,2024-10-26,verloren,,
A001178,K00829,2024-10-05,Erntemaschine,90470.74,2024-10-19,verloren,,
A001179,K00551,2024-10-07,Anbaugeraet,12232.68,2024-10-19,verloren,,
A001180,K00231,2024-10-06,Erntemaschine,66249.56,2024-10-23,verloren,,
A001181,K00348,2024-10-10,Erntemaschine,54507.82,2024-10-22,gewonnen,B000383,R000383
A001182,K00214,2024-10-11,Traktor,30916.6,2024-10-25,verfallen,,
A001183,K00042,2024-10-11,Anbaugeraet,20564.37,2024-10-28,verloren,,
A001184,K00135,2024-10-10,Traktor,50642.37,2024-10-31,verloren,,
A001185,K00757,2024-10-10,Kommunaltechnik,21016.06,2024-10-15,gewonnen,B000384,R000384
A001186,K00703,2024-10-08,Traktor,23968.83,2024-11-01,verloren,,
A001187,K00163,2024-10-06,Erntemaschine,69658.52,2024-10-18,gewonnen,B000385,R000385
A001188,K00752,2024-10-05,Anbaugeraet,12318.62,2024-10-20,gewonnen,B000386,R000386
A001189,K00393,2024-10-08,Gartengeraet,3358.52,2024-11-05,gewonnen,B000387,R000387
A001190,K00609,2024-10-07,Gartengeraet,2500.0,2024-10-13,gewonnen,B000388,R000388
A001191,K00189,2024-10-06,Anbaugeraet,13477.55,2024-10-19,verloren,,
A001192,K00626,2024-10-09,Traktor,51821.27,2024-10-24,verfallen,,
A001193,K00383,2024-10-05,Gartengeraet,2500.0,2024-10-23,verfallen,,
A001194,K00301,2024-10-08,Erntemaschine,63157.01,2024-10-16,verfallen,,
A001195,K00735,2024-10-09,Erntemaschine,36690.92,2024-11-10,gewonnen,B000389,R000389
A001196,K00378,2024-10-05,Anbaugeraet,9060.25,2024-11-02,verloren,,
A001197,K00699,2024-10-08,Gartengeraet,3943.85,2024-10-22,gewonnen,B000390,R000390
A001198,K00285,2024-10-10,Gartengeraet,2500.0,2024-10-21,verloren,,
A001199,K00598,2024-10-09,Anbaugeraet,4919.04,2024-10-22,verloren,,
A001200,K00209,2024-10-17,Anbaugeraet,8505.72,2024-10-28,gewonnen,B000391,R000391
A001201,K00474,2024-10-14,Anbaugeraet,17279.92,2024-11-02,verloren,,
A001202,K00225,2024-10-12,Gartengeraet,4117.74,2024-10-25,verloren,,
A001203,K00110,2024-10-14,Anbaugeraet,7333.04,2024-10-29,gewonnen,B000392,R000392
A001204,K00600,2024-10-13,Traktor,28085.95,2024-10-31,verloren,,
A001205,K00331,2024-10-15,Anbaugeraet,6538.34,2024-10-30,verloren,,
A001206,K00735,2024-10-12,Kommunaltechnik,55425.69,2024-10-19,verloren,,
A001207,K00310,2024-10-16,Erntemaschine,52561.36,2024-10-25,gewonnen,B000393,R000393
A001208,K00514,2024-10-12,Gartengeraet,4686.42,2024-11-04,verloren,,
A001209,K00419,2024-10-13,Traktor,26980.59,2024-11-16,verfallen,,
A001210,K00827,2024-10-12,Traktor,54920.76,2024-10-20,verloren,,
A001211,K00049,2024-10-15,Anbaugeraet,4791.07,2024-11-05,verloren,,
A001212,K00842,2024-10-16,Kommunaltechnik,32704.36,2024-10-31,verloren,,
A001213,K00104,2024-10-13,Erntemaschine,56262.02,2024-11-04,verfallen,,
A001214,K00348,2024-10-15,Traktor,43057.19,2024-10-26,gewonnen,B000394,R000394
A001215,K00794,2024-10-12,Anbaugeraet,12175.62,2024-10-24,verloren,,
A001216,K00829,2024-10-14,Traktor,18978.77,2024-11-03,verloren,,
A001217,K00829,2024-10-12,Gartengeraet,3628.07,2024-10-28,verfallen,,
A001218,K00634,2024-10-13,Traktor,23163.91,2024-10-21,verloren,,
A001219,K00365,2024-10-15,Anbaugeraet,6361.95,2024-11-04,gewonnen,B000395,R000395
A001220,K00184,2024-10-13,Kommunaltechnik,17304.3,2024-10-27,verloren,,
A001221,K00607,2024-10-15,Kommunaltechnik,28251.03,2024-11-04,gewonnen,B000396,R000396
A001222,K00612,2024-10-17,Traktor,18402.7,2024-10-29,verloren,,
A001223,K00143,2024-10-13,Anbaugeraet,7201.56,2024-10-19,verloren,,
A001224,K00600,2024-10-16,Anbaugeraet,10956.85,2024-11-08,verloren,,
A001225,K00471,2024-10-16,Traktor,8693.51,2024-10-24,verloren,,
A001226,K00583,2024-10-14,Anbaugeraet,19085.57,2024-11-07,gewonnen,B000397,R000397
A001227,K00159,2024-10-21,Anbaugeraet,7292.12,2024-11-10,verloren,,
A001228,K00286,2024-10-21,Anbaugeraet,4498.11,2024-11-02,gewonnen,B000398,R000398
A001229,K00348,2024-10-25,Anbaugeraet,4878.1,2024-11-04,gewonnen,B000399,R000399
A001230,K00367,2024-10-20,Anbaugeraet,4409.77,2024-11-05,gewonnen,B000400,R000400
A001231,K00315,2024-10-25,Anbaugeraet,6497.29,2024-11-02,verfallen,,
A001232,K00792,2024-10-23,Gartengeraet,2591.23,2024-12-02,verfallen,,
A001233,K00022,2024-10-24,Kommunaltechnik,31563.71,2024-11-04,verfallen,,
A001234,K00236,2024-10-19,Gartengeraet,5216.66,2024-10-28,gewonnen,B000401,R000401
A001235,K00236,2024-10-25,Anbaugeraet,10449.09,2024-11-12,verloren,,
A001236,K00625,2024-10-25,Traktor,27226.54,2024-11-15,verfallen,,
A001237,K00348,2024-10-21,Anbaugeraet,15094.65,2024-10-31,gewonnen,B000402,R000402
A001238,K00182,2024-10-21,Traktor,20897.98,2024-11-03,gewonnen,B000403,R000403
A001239,K00079,2024-10-19,Gartengeraet,3094.92,2024-11-08,verloren,,
A001240,K00445,2024-10-21,Anbaugeraet,7814.53,2024-11-05,verloren,,
A001241,K00402,2024-10-23,Anbaugeraet,8533.42,2024-12-02,verfallen,,
A001242,K00757,2024-10-21,Erntemaschine,72418.46,2024-11-17,verloren,,
A001243,K00545,2024-10-19,Traktor,16707.73,2024-11-18,verloren,,
A001244,K00263,2024-10-20,Anbaugeraet,25732.65,2024-11-05,gewonnen,B000404,R000404
A001245,K00458,2024-10-24,Traktor,30693.6,2024-11-10,verfallen,,
A001246,K00693,2024-10-23,Anbaugeraet,5979.23,2024-11-03,verloren,,
A001247,K00757,2024-10-20,Anbaugeraet,10813.67,2024-11-15,gewonnen,B000405,R000405
A001248,K00700,2024-10-21,Erntemaschine,116575.37,2024-10-31,gewonnen,B000406,R000406
A001249,K00699,2024-10-19,Kommunaltechnik,26452.62,2024-11-06,gewonnen,B000407,R000407
A001250,K00539,2024-10-21,Erntemaschine,38650.75,2024-11-03,verloren,,
A001251,K00808,2024-10-24,Anbaugeraet,6499.74,2024-11-03,verfallen,,
A001252,K00694,2024-10-22,Anbaugeraet,7806.91,2024-11-11,verfallen,,
A001253,K00626,2024-10-24,Kommunaltechnik,13707.78,2024-11-10,verloren,,
A001254,K00396,2024-10-29,Traktor,25613.53,2024-11-08,gewonnen,B000408,R000408
A001255,K00808,2024-10-27,Anbaugeraet,5205.99,2024-11-07,verloren,,
A001256,K00249,2024-10-26,Anbaugeraet,12272.58,2024-11-17,gewonnen,B000409,R000409
A001257,K00695,2024-10-30,Erntemaschine,36344.2,2024-11-08,verloren,,
A001258,K00055,2024-11-01,Anbaugeraet,7954.7,2024-11-28,verloren,,
A001259,K00703,2024-10-28,Erntemaschine,44592.49,2024-12-01,verloren,,
A001260,K00583,2024-10-31,Traktor,57026.77,2024-11-30,verloren,,
A001261,K00703,2024-10-26,Traktor,27103.45,2024-11-10,verfallen,,
A001262,K00210,2024-10-29,Kommunaltechnik,32440.79,2024-11-09,verloren,,
A001263,K00173,2024-10-26,Traktor,66333.68,2024-11-12,verfallen,,
A001264,K00829,2024-10-28,Anbaugeraet,5051.46,2024-11-09,verloren,,
A001265,K00077,2024-10-27,Anbaugeraet,5280.72,2024-11-20,verloren,,
A001266,K00001,2024-11-01,Traktor,26761.6,2024-11-16,verfallen,,
A001267,K00749,2024-10-30,Traktor,26127.14,2024-11-09,gewonnen,B000410,R000410
A001268,K00595,2024-10-26,Erntemaschine,121479.87,2024-11-19,verloren,,
A001269,K00593,2024-10-28,Erntemaschine,35810.17,2024-11-20,gewonnen,B000411,R000411
A001270,K00323,2024-10-31,Gartengeraet,2500.0,2024-11-24,verloren,,
A001271,K00566,2024-10-29,Traktor,51300.32,2024-11-12,gewonnen,B000412,R000412
A001272,K00043,2024-10-30,Traktor,13532.24,2024-11-14,verloren,,
A001273,K00567,2024-11-01,Kommunaltechnik,28755.19,2024-11-15,verloren,,
A001274,K00420,2024-11-01,Gartengeraet,2500.0,2024-11-08,verloren,,
A001275,K00101,2024-10-28,Traktor,40041.45,2024-11-13,gewonnen,B000413,R000413
A001276,K00156,2024-11-07,Anbaugeraet,6482.52,2024-11-20,verloren,,
A001277,K00757,2024-11-07,Anbaugeraet,16309.87,2024-11-17,gewonnen,B000414,R000414
A001278,K00070,2024-11-03,Anbaugeraet,19684.18,2024-11-10,gewonnen,B000415,R000415
A001279,K00100,2024-11-02,Traktor,20955.72,2024-11-21,verfallen,,
A001280,K00339,2024-11-02,Gartengeraet,2500.0,2024-11-20,verfallen,,
A001281,K00829,2024-11-02,Erntemaschine,68861.9,2024-11-18,gewonnen,B000416,R000416
A001282,K00432,2024-11-02,Anbaugeraet,10135.69,2024-11-16,verloren,,
A001283,K00591,2024-11-07,Anbaugeraet,9081.77,2024-11-19,verloren,,
A001284,K00829,2024-11-05,Traktor,31170.44,2024-11-22,verloren,,
A001285,K00591,2024-11-04,Gartengeraet,2732.26,2024-11-22,gewonnen,B000417,R000417
A001286,K00510,2024-11-02,Traktor,21288.28,2024-11-16,gewonnen,B000418,R000418
A001287,K00810,2024-11-05,Anbaugeraet,15530.41,2024-11-16,verfallen,,
A001288,K00117,2024-11-04,Kommunaltechnik,27122.88,2024-11-26,verloren,,
A001289,K00829,2024-11-04,Anbaugeraet,8112.32,2024-11-17,gewonnen,B000419,R000419
A001290,K00706,2024-11-04,Anbaugeraet,6274.39,2024-12-14,verfallen,,
A001291,K00771,2024-11-07,Anbaugeraet,7342.32,2024-11-22,verloren,,
A001292,K00024,2024-11-11,Anbaugeraet,7306.2,2024-12-02,verfallen,,
A001293,K00166,2024-11-12,Traktor,13927.68,2024-12-20,verloren,,
A001294,K00072,2024-11-11,Erntemaschine,64134.55,2024-12-01,verloren,,
A001295,K00758,2024-11-09,Anbaugeraet,4959.86,2024-11-16,verfallen,,
A001296,K00652,2024-11-14,Anbaugeraet,15518.26,2024-12-04,gewonnen,B000420,R000420
A001297,K00829,2024-11-12,Erntemaschine,47777.64,2024-12-06,verloren,,
A001298,K00607,2024-11-14,Kommunaltechnik,30363.09,2024-12-06,gewonnen,B000421,R000421
A001299,K00379,2024-11-14,Anbaugeraet,6238.35,2024-11-23,gewonnen,B000422,R000422
A001300,K00551,2024-11-09,Kommunaltechnik,29996.83,2024-12-06,gewonnen,B000423,R000423
A001301,K00263,2024-11-09,Anbaugeraet,7650.13,2024-12-02,gewonnen,B000424,R000424
A001302,K00271,2024-11-15,Gartengeraet,2500.0,2024-12-04,verloren,,
A001303,K00161,2024-11-12,Kommunaltechnik,15370.02,2024-11-20,gewonnen,B000425,R000425
A001304,K00008,2024-11-14,Anbaugeraet,9026.66,2024-12-24,gewonnen,B000426,R000426
A001305,K00829,2024-11-10,Gartengeraet,2760.67,2024-11-19,gewonnen,B000427,R000427
A001306,K00432,2024-11-10,Traktor,18424.66,2024-11-23,verfallen,,
A001307,K00842,2024-11-12,Anbaugeraet,5973.86,2024-11-25,verloren,,
A001308,K00419,2024-11-11,Kommunaltechnik,40224.37,2024-11-26,gewonnen,B000428,R000428
A001309,K00703,2024-11-18,Traktor,59377.42,2024-12-01,verloren,,
A001310,K00846,2024-11-22,Traktor,29816.2,2024-12-08,verfallen,,
A001311,K00055,2024-11-19,Anbaugeraet,10181.43,2024-12-13,verloren,,
A001312,K00513,2024-11-20,Gartengeraet,2500.0,2024-12-05,verloren,,
A001313,K00829,2024-11-20,Kommunaltechnik,13740.24,2024-11-26,verloren,,
A001314,K00033,2024-11-20,Erntemaschine,83917.38,2024-12-13,verfallen,,
A001315,K00642,2024-11-28,Traktor,40123.29,2024-12-07,gewonnen,B000429,R000429
A001316,K00045,2024-11-23,Kommunaltechnik,83518.16,2024-12-06,verloren,,
A001317,K00814,2024-11-28,Kommunaltechnik,29521.21,2024-12-10,verloren,,
A001318,K00001,2024-11-27,Gartengeraet,4633.78,2024-12-05,verfallen,,
A001319,K00829,2024-11-28,Anbaugeraet,3146.1,2024-12-13,gewonnen,B000430,R000430
A001320,K00348,2024-11-23,Traktor,71995.38,2024-12-14,verloren,,
A001321,K00583,2024-11-28,Anbaugeraet,5097.56,2024-12-17,gewonnen,B000431,R000431
A001322,K00077,2024-11-25,Gartengeraet,2956.39,2024-12-17,verloren,,
A001323,K00807,2024-11-25,Erntemaschine,35491.74,2024-12-06,gewonnen,B000432,R000432
A001324,K00156,2024-11-25,Kommunaltechnik,17450.38,2024-12-03,verloren,,
A001325,K00064,2024-11-28,Anbaugeraet,9118.21,2024-12-10,gewonnen,B000433,R000433
A001326,K00210,2024-11-28,Erntemaschine,38906.91,2024-12-13,verloren,,
A001327,K00339,2024-11-29,Traktor,42410.41,2024-12-11,gewonnen,B000434,R000434
A001328,K00426,2024-11-28,Traktor,40247.2,2024-12-26,verloren,,
A001329,K00013,2024-12-03,Gartengeraet,2500.0,2024-12-19,verloren,,
A001330,K00600,2024-12-04,Anbaugeraet,7061.07,2024-12-12,verloren,,
A001331,K00071,2024-12-06,Erntemaschine,84534.62,2024-12-28,verloren,,
A001332,K00829,2024-12-05,Traktor,41999.29,2024-12-30,verloren,,
A001333,K00411,2024-12-05,Gartengeraet,3219.34,2024-12-16,verloren,,
A001334,K00578,2024-12-02,Anbaugeraet,4935.07,2024-12-18,gewonnen,B000435,R000435
A001335,K00610,2024-12-02,Anbaugeraet,6793.66,2024-12-11,verloren,,
A001336,K00079,2024-12-06,Erntemaschine,60092.91,2025-01-15,gewonnen,B000436,R000436
A001337,K00436,2024-12-04,Traktor,38815.46,2024-12-18,verloren,,
A001338,K00374,2024-12-01,Gartengeraet,2500.0,2024-12-11,gewonnen,B000437,R000437
A001339,K00732,2024-12-03,Traktor,34167.14,2024-12-24,verloren,,
A001340,K00331,2024-12-05,Kommunaltechnik,50770.56,2024-12-25,gewonnen,B000438,R000438
A001341,K00577,2024-12-08,Erntemaschine,64807.4,2024-12-22,verfallen,,
A001342,K00117,2024-12-11,Anbaugeraet,8486.95,2024-12-23,gewonnen,B000439,R000439
A001343,K00741,2024-12-08,Traktor,71717.18,2024-12-30,gewonnen,B000440,R000440
A001344,K00274,2024-12-13,Anbaugeraet,6609.69,2024-12-28,verloren,,
A001345,K00348,2024-12-11,Anbaugeraet,5804.79,2024-12-27,verloren,,
A001346,K00591,2024-12-12,Kommunaltechnik,25888.89,2024-12-30,verloren,,
A001347,K00545,2024-12-09,Anbaugeraet,8216.28,2024-12-19,gewonnen,B000441,R000441
A001348,K00656,2024-12-11,Traktor,33479.3,2024-12-25,gewonnen,B000442,R000442
A001349,K00849,2024-12-14,Anbaugeraet,6329.49,2025-01-06,verloren,,
A001350,K00137,2024-12-18,Anbaugeraet,6373.49,2025-01-11,gewonnen,B000443,R000443
A001351,K00726,2024-12-19,Erntemaschine,77068.69,2025-01-13,gewonnen,B000444,R000444
A001352,K00172,2024-12-19,Kommunaltechnik,19629.87,2025-01-09,verloren,,
A001353,K00829,2024-12-17,Kommunaltechnik,21052.75,2024-12-23,verloren,,
A001354,K00627,2024-12-20,Anbaugeraet,15611.45,2025-01-08,gewonnen,B000445,R000445
A001355,K00732,2024-12-16,Anbaugeraet,8716.27,2024-12-27,verfallen,,
A001356,K00210,2024-12-16,Traktor,16488.93,2025-01-10,verfallen,,
A001357,K00137,2024-12-20,Traktor,47406.7,2025-01-04,verloren,,
A001358,K00348,2024-12-14,Traktor,18883.91,2025-01-14,verloren,,
A001359,K00826,2024-12-18,Anbaugeraet,12648.7,2024-12-30,gewonnen,B000446,R000446
A001360,K00610,2024-12-20,Erntemaschine,130000.0,2024-12-30,verloren,,
A001361,K00465,2024-12-21,Traktor,23286.33,2025-01-12,gewonnen,B000447,R000447
A001362,K00703,2024-12-24,Anbaugeraet,4159.99,2025-01-10,gewonnen,B000448,R000448
A001363,K00436,2024-12-26,Anbaugeraet,7901.88,2025-01-05,verfallen,,
A001364,K00193,2024-12-26,Erntemaschine,33386.52,2025-01-10,verloren,,
A001365,K00806,2024-12-21,Kommunaltechnik,16288.13,2024-12-28,gewonnen,B000449,R000449
A001366,K00703,2024-12-25,Anbaugeraet,9623.53,2025-01-11,verloren,,
A001367,K00829,2024-12-27,Anbaugeraet,9120.98,2025-01-23,verloren,,
A001368,K00703,2024-12-22,Anbaugeraet,10989.14,2025-01-04,verfallen,,
A001369,K00832,2024-12-23,Gartengeraet,2500.0,2024-12-31,gewonnen,B000450,R000450
A001370,K00573,2024-12-28,Kommunaltechnik,28644.98,2025-01-10,verloren,,
A001371,K00379,2025-01-02,Gartengeraet,2833.69,2025-01-09,verloren,,
A001372,K00703,2024-12-31,Gartengeraet,2500.0,2025-01-06,verloren,,
A001373,K00694,2024-12-29,Traktor,32278.18,2025-01-25,gewonnen,B000451,R000451
A001374,K00776,2025-01-01,Traktor,33944.44,2025-01-06,verloren,,
A001375,K00733,2024-12-31,Traktor,13832.03,2025-01-31,verloren,,
A001376,K00693,2025-01-02,Traktor,35888.74,2025-01-24,verloren,,
A001377,K00820,2025-01-01,Anbaugeraet,8785.3,2025-01-16,gewonnen,B000452,R000452
A001378,K00419,2025-01-01,Anbaugeraet,12515.7,2025-01-10,verloren,,
A001379,K00643,2025-01-01,Kommunaltechnik,27339.58,2025-01-19,verloren,,
A001380,K00419,2025-01-04,Kommunaltechnik,29195.24,2025-01-19,gewonnen,B000453,R000453
A001381,K00703,2025-01-05,Kommunaltechnik,26625.37,2025-01-21,gewonnen,B000454,R000454
A001382,K00499,2025-01-09,Traktor,24251.94,2025-01-20,gewonnen,B000455,R000455
A001383,K00757,2025-01-07,Traktor,22313.35,2025-01-16,verloren,,
A001384,K00456,2025-01-06,Kommunaltechnik,12577.0,2025-01-25,gewonnen,B000456,R000456
A001385,K00196,2025-01-09,Anbaugeraet,8334.49,2025-01-16,verloren,,
A001386,K00078,2025-01-05,Traktor,15033.42,2025-01-17,verloren,,
A001387,K00829,2025-01-12,Kommunaltechnik,26298.43,2025-02-03,gewonnen,B000457,R000457
A001388,K00413,2025-01-11,Traktor,42683.14,2025-02-06,gewonnen,B000458,R000458
A001389,K00423,2025-01-16,Kommunaltechnik,17497.0,2025-01-27,verloren,,
A001390,K00591,2025-01-17,Kommunaltechnik,34660.09,2025-01-25,verfallen,,
A001391,K00008,2025-01-16,Traktor,28364.61,2025-01-28,verloren,,
A001392,K00694,2025-01-16,Kommunaltechnik,18307.3,2025-01-28,verloren,,
A001393,K00577,2025-01-14,Anbaugeraet,7558.87,2025-01-25,verfallen,,
A001394,K00829,2025-01-13,Kommunaltechnik,18435.38,2025-01-25,verloren,,
A001395,K00087,2025-01-12,Erntemaschine,82179.45,2025-01-30,verloren,,
A001396,K00757,2025-01-11,Traktor,27615.29,2025-01-23,gewonnen,B000459,R000459
A001397,K00847,2025-01-14,Traktor,24032.4,2025-01-30,verfallen,,
A001398,K00152,2025-01-17,Kommunaltechnik,32340.56,2025-02-06,verloren,,
A001399,K00738,2025-01-15,Traktor,31276.86,2025-01-28,verfallen,,
A001400,K00705,2025-01-14,Traktor,45168.52,2025-01-24,gewonnen,B000460,R000460
A001401,K00430,2025-01-18,Traktor,15844.56,2025-01-28,verfallen,,
A001402,K00001,2025-01-19,Anbaugeraet,10086.9,2025-01-28,verfallen,,
A001403,K00643,2025-01-22,Traktor,25158.26,2025-02-15,gewonnen,B000461,R000461
A001404,K00042,2025-01-22,Anbaugeraet,3475.85,2025-01-27,verloren,,
A001405,K00068,2025-01-18,Erntemaschine,47940.34,2025-02-10,verfallen,,
A001406,K00486,2025-01-20,Traktor,38247.82,2025-02-23,gewonnen,B000462,R000462
A001407,K00344,2025-01-24,Erntemaschine,22427.48,2025-02-09,verloren,,
A001408,K00413,2025-01-19,Gartengeraet,2768.48,2025-01-27,gewonnen,B000463,R000463
A001409,K00514,2025-01-20,Anbaugeraet,9975.2,2025-02-13,gewonnen,B000464,R000464
A001410,K00703,2025-01-20,Traktor,30258.56,2025-01-29,gewonnen,B000465,R000465
A001411,K00134,2025-01-20,Traktor,11955.48,2025-01-31,gewonnen,B000466,R000466
A001412,K00829,2025-01-28,Erntemaschine,39811.74,2025-02-17,verloren,,
A001413,K00752,2025-01-31,Traktor,25100.95,2025-02-14,verloren,,
A001414,K00456,2025-01-27,Gartengeraet,3446.11,2025-02-07,gewonnen,B000467,R000467
A001415,K00514,2025-01-25,Traktor,26853.44,2025-02-10,verfallen,,
A001416,K00064,2025-01-30,Anbaugeraet,12676.65,2025-02-11,gewonnen,B000468,R000468
A001417,K00328,2025-01-28,Traktor,35926.1,2025-02-09,verloren,,
A001418,K00217,2025-01-30,Anbaugeraet,7104.39,2025-02-08,verloren,,
A001419,K00577,2025-02-06,Anbaugeraet,8976.22,2025-02-21,verfallen,,
A001420,K00829,2025-02-06,Gartengeraet,2500.0,2025-02-19,verloren,,
A001421,K00297,2025-02-04,Anbaugeraet,11964.19,2025-02-18,verloren,,
A001422,K00458,2025-02-06,Anbaugeraet,10092.61,2025-02-26,gewonnen,B000469,R000469
A001423,K00565,2025-02-02,Anbaugeraet,11923.8,2025-02-21,gewonnen,B000470,R000470
A001424,K00787,2025-02-01,Anbaugeraet,5648.08,2025-02-10,gewonnen,B000471,R000471
A001425,K00674,2025-02-07,Anbaugeraet,8127.57,2025-02-16,verloren,,
A001426,K00419,2025-02-06,Gartengeraet,2707.67,2025-02-24,verfallen,,
A001427,K00600,2025-02-07,Gartengeraet,2582.18,2025-03-04,verloren,,
A001428,K00585,2025-02-03,Traktor,39466.2,2025-02-13,verloren,,
A001429,K00178,2025-02-07,Erntemaschine,64810.2,2025-03-03,gewonnen,B000472,R000472
A001430,K00379,2025-02-06,Traktor,51045.4,2025-02-18,verfallen,,
A001431,K00539,2025-02-05,Kommunaltechnik,25383.44,2025-02-19,gewonnen,B000473,R000473
A001432,K00093,2025-02-11,Anbaugeraet,4535.21,2025-03-06,verloren,,
A001433,K00251,2025-02-08,Erntemaschine,34876.92,2025-02-15,gewonnen,B000474,R000474
A001434,K00263,2025-02-08,Kommunaltechnik,17784.0,2025-02-22,gewonnen,B000475,R000475
A001435,K00691,2025-02-08,Anbaugeraet,7451.99,2025-02-16,verloren,,
A001436,K00137,2025-02-13,Traktor,81023.38,2025-02-21,verloren,,
A001437,K00832,2025-02-12,Anbaugeraet,14289.94,2025-03-19,verloren,,
A001438,K00820,2025-02-13,Traktor,17668.31,2025-03-04,verloren,,
A001439,K00379,2025-02-08,Anbaugeraet,6037.78,2025-02-13,verfallen,,
A001440,K00693,2025-02-08,Traktor,40848.09,2025-02-22,verfallen,,
A001441,K00593,2025-02-09,Anbaugeraet,13126.28,2025-03-02,verfallen,,
A001442,K00542,2025-02-12,Gartengeraet,2500.0,2025-03-03,gewonnen,B000476,R000476
A001443,K00348,2025-02-11,Anbaugeraet,9241.42,2025-02-24,verloren,,
A001444,K00703,2025-02-12,Erntemaschine,26466.86,2025-03-24,verloren,,
A001445,K00829,2025-02-11,Kommunaltechnik,24937.01,2025-02-25,verloren,,
A001446,K00703,2025-02-14,Anbaugeraet,11429.35,2025-02-27,verloren,,
A001447,K00833,2025-02-13,Anbaugeraet,6525.64,2025-02-21,verloren,,
A001448,K00564,2025-02-11,Gartengeraet,2500.0,2025-02-24,gewonnen,B000477,R000477
A001449,K00348,2025-02-14,Erntemaschine,54599.84,2025-03-16,gewonnen,B000478,R000478
A001450,K00676,2025-02-11,Erntemaschine,49464.69,2025-02-18,gewonnen,B000479,R000479
A001451,K00593,2025-02-21,Traktor,31874.49,2025-03-16,verfallen,,
A001452,K00731,2025-02-16,Traktor,45299.16,2025-03-24,verloren,,
A001453,K00603,2025-02-21,Anbaugeraet,5288.04,2025-03-06,verfallen,,
A001454,K00699,2025-02-19,Traktor,50347.9,2025-03-24,verfallen,,
A001455,K00705,2025-02-21,Gartengeraet,3868.99,2025-03-21,verloren,,
A001456,K00076,2025-02-18,Anbaugeraet,9843.17,2025-02-28,verfallen,,
A001457,K00445,2025-02-19,Erntemaschine,68278.32,2025-03-06,verloren,,
A001458,K00368,2025-02-18,Erntemaschine,95907.37,2025-02-25,verloren,,
A001459,K00022,2025-02-22,Kommunaltechnik,26874.92,2025-03-03,verfallen,,
A001460,K00101,2025-02-23,Gartengeraet,2860.15,2025-03-12,verloren,,
A001461,K00131,2025-02-27,Traktor,32456.59,2025-03-17,verfallen,,
A001462,K00163,2025-02-25,Traktor,22742.44,2025-03-13,verloren,,
A001463,K00564,2025-02-22,Kommunaltechnik,43837.3,2025-03-26,verfallen,,
A001464,K00445,2025-02-23,Anbaugeraet,7458.87,2025-04-04,gewonnen,B000480,R000480
A001465,K00154,2025-02-28,Traktor,31685.31,2025-03-09,verloren,,
A001466,K00567,2025-02-27,Anbaugeraet,10216.56,2025-03-16,verloren,,
A001467,K00419,2025-03-02,Traktor,33770.33,2025-03-26,verloren,,
A001468,K00110,2025-03-03,Traktor,63016.26,2025-03-22,verloren,,
A001469,K00118,2025-03-03,Gartengeraet,2500.0,2025-03-21,verloren,,
A001470,K00154,2025-03-06,Kommunaltechnik,32292.65,2025-03-28,verloren,,
A001471,K00236,2025-03-02,Anbaugeraet,11431.59,2025-03-20,verloren,,
A001472,K00493,2025-03-02,Traktor,80121.97,2025-03-11,verfallen,,
A001473,K00703,2025-03-05,Anbaugeraet,12261.8,2025-03-13,verloren,,
A001474,K00234,2025-03-06,Erntemaschine,81943.13,2025-03-23,verloren,,
A001475,K00829,2025-03-06,Traktor,29626.01,2025-03-15,verloren,,
A001476,K00403,2025-03-02,Kommunaltechnik,30838.95,2025-03-17,gewonnen,B000481,R000481
A001477,K00589,2025-03-05,Traktor,68887.68,2025-03-24,verloren,,
A001478,K00664,2025-03-07,Traktor,38870.37,2025-03-15,verloren,,
A001479,K00593,2025-03-07,Kommunaltechnik,14265.93,2025-03-17,verfallen,,
A001480,K00609,2025-03-06,Gartengeraet,2500.0,2025-04-03,verloren,,
A001481,K00829,2025-03-02,Traktor,35932.19,2025-03-22,verloren,,
A001482,K00339,2025-03-03,Gartengeraet,2500.0,2025-03-10,gewonnen,B000482,R000482
A001483,K00222,2025-03-05,Kommunaltechnik,44639.09,2025-03-21,gewonnen,B000483,R000483
A001484,K00693,2025-03-03,Kommunaltechnik,24935.51,2025-03-22,verloren,,
A001485,K00829,2025-03-14,Kommunaltechnik,10338.98,2025-03-27,verloren,,
A001486,K00168,2025-03-13,Anbaugeraet,6140.39,2025-03-30,gewonnen,B000484,R000484
A001487,K00683,2025-03-08,Anbaugeraet,6141.22,2025-03-13,verfallen,,
A001488,K00461,2025-03-11,Kommunaltechnik,15167.12,2025-04-02,gewonnen,B000485,R000485
A001489,K00602,2025-03-11,Kommunaltechnik,36967.15,2025-04-06,verfallen,,
A001490,K00837,2025-03-13,Traktor,20217.31,2025-03-31,verfallen,,
A001491,K00064,2025-03-12,Traktor,64977.09,2025-04-04,gewonnen,B000486,R000486
A001492,K00829,2025-03-09,Anbaugeraet,9255.9,2025-03-17,verloren,,
A001493,K00565,2025-03-11,Gartengeraet,4549.6,2025-03-27,verloren,,
A001494,K00698,2025-03-14,Traktor,32590.74,2025-03-20,gewonnen,B000487,R000487
A001495,K00673,2025-03-14,Traktor,38360.15,2025-04-09,verloren,,
A001496,K00167,2025-03-14,Erntemaschine,72245.54,2025-04-04,verloren,,
A001497,K00636,2025-03-14,Traktor,12364.78,2025-03-28,gewonnen,B000488,R000488
A001498,K00461,2025-03-09,Anbaugeraet,6085.83,2025-03-14,verfallen,,
A001499,K00630,2025-03-11,Traktor,50097.26,2025-04-06,verloren,,
A001500,K00693,2025-03-14,Anbaugeraet,5002.14,2025-03-21,verloren,,
A001501,K00776,2025-03-11,Traktor,51361.15,2025-04-18,gewonnen,B000489,R000489
A001502,K00829,2025-03-11,Anbaugeraet,16865.8,2025-03-23,verloren,,
A001503,K00808,2025-03-18,Traktor,67526.61,2025-04-01,verloren,,
A001504,K00018,2025-03-20,Anbaugeraet,7956.18,2025-04-17,verfallen,,
A001505,K00458,2025-03-19,Kommunaltechnik,26605.8,2025-03-28,gewonnen,B000490,R000490
A001506,K00286,2025-03-15,Anbaugeraet,6091.39,2025-04-01,gewonnen,B000491,R000491
A001507,K00234,2025-03-18,Kommunaltechnik,35386.73,2025-04-04,verloren,,
A001508,K00250,2025-03-17,Traktor,35695.35,2025-04-07,gewonnen,B000492,R000492
A001509,K00523,2025-03-19,Anbaugeraet,9816.43,2025-04-05,verfallen,,
A001510,K00733,2025-03-15,Gartengeraet,2500.0,2025-03-22,verfallen,,
A001511,K00829,2025-03-20,Traktor,22790.21,2025-04-08,verloren,,
A001512,K00167,2025-03-17,Anbaugeraet,6750.99,2025-04-09,gewonnen,B000493,R000493
A001513,K00547,2025-03-19,Traktor,32900.41,2025-03-30,gewonnen,B000494,R000494
A001514,K00184,2025-03-15,Kommunaltechnik,22351.69,2025-03-25,gewonnen,B000495,R000495
A001515,K00679,2025-03-20,Traktor,41932.58,2025-04-03,gewonnen,B000496,R000496
A001516,K00451,2025-03-20,Erntemaschine,30766.22,2025-04-02,gewonnen,B000497,R000497
A001517,K00032,2025-03-16,Traktor,29555.63,2025-03-24,gewonnen,B000498,R000498
A001518,K00132,2025-03-16,Anbaugeraet,9213.3,2025-04-07,verloren,,
A001519,K00453,2025-03-25,Erntemaschine,92902.83,2025-04-09,verloren,,
A001520,K00615,2025-03-24,Gartengeraet,4577.83,2025-04-06,gewonnen,B000499,R000499
A001521,K00594,2025-03-22,Traktor,42675.28,2025-04-08,gewonnen,B000500,R000500
A001522,K00242,2025-03-25,Anbaugeraet,27276.8,2025-04-08,gewonnen,B000501,R000501
A001523,K00829,2025-03-22,Anbaugeraet,10317.49,2025-05-01,gewonnen,B000502,R000502
A001524,K00703,2025-03-28,Kommunaltechnik,25974.36,2025-04-07,verloren,,
A001525,K00456,2025-03-28,Anbaugeraet,9051.38,2025-04-16,verloren,,
A001526,K00341,2025-03-24,Erntemaschine,52640.71,2025-03-31,gewonnen,B000503,R000503
A001527,K00254,2025-03-24,Anbaugeraet,7643.15,2025-03-31,gewonnen,B000504,R000504
A001528,K00426,2025-03-24,Traktor,22711.32,2025-04-15,verloren,,
A001529,K00703,2025-03-28,Erntemaschine,67700.56,2025-04-15,gewonnen,B000505,R000505
A001530,K00693,2025-03-26,Kommunaltechnik,23646.63,2025-04-10,gewonnen,B000506,R000506
A001531,K00409,2025-03-27,Traktor,50797.53,2025-04-26,verloren,,
A001532,K00752,2025-03-23,Anbaugeraet,5662.42,2025-04-01,verfallen,,
A001533,K00331,2025-03-23,Erntemaschine,34065.12,2025-04-16,gewonnen,B000507,R000507
A001534,K00207,2025-03-27,Anbaugeraet,9318.41,2025-04-06,verloren,,
A001535,K00553,2025-03-28,Erntemaschine,42920.51,2025-04-21,gewonnen,B000508,R000508
A001536,K00751,2025-03-27,Traktor,23702.98,2025-05-03,gewonnen,B000509,R000509
A001537,K00488,2025-03-22,Traktor,28803.82,2025-04-04,verloren,,
A001538,K00055,2025-03-27,Erntemaschine,43028.14,2025-04-21,gewonnen,B000510,R000510
A001539,K00734,2025-03-26,Kommunaltechnik,41494.33,2025-04-12,verfallen,,
A001540,K00438,2025-03-28,Traktor,49915.1,2025-04-18,verloren,,
A001541,K00154,2025-03-30,Traktor,54680.33,2025-04-07,gewonnen,B000511,R000511
A001542,K00699,2025-03-31,Erntemaschine,66115.17,2025-05-02,verfallen,,
A001543,K00255,2025-03-30,Anbaugeraet,9399.22,2025-04-16,verloren,,
A001544,K00752,2025-04-04,Erntemaschine,31168.9,2025-04-24,gewonnen,B000512,R000512
A001545,K00242,2025-03-30,Traktor,39302.41,2025-04-16,verfallen,,
A001546,K00649,2025-03-29,Erntemaschine,41337.93,2025-04-13,verloren,,
A001547,K00829,2025-04-03,Anbaugeraet,9551.98,2025-04-14,gewonnen,B000513,R000513
A001548,K00077,2025-03-31,Anbaugeraet,9101.03,2025-04-13,verloren,,
A001549,K00686,2025-03-30,Traktor,27086.94,2025-04-27,gewonnen,B000514,R000514
A001550,K00425,2025-04-01,Traktor,24097.73,2025-04-20,gewonnen,B000515,R000515
A001551,K00077,2025-03-30,Traktor,37380.41,2025-04-30,gewonnen,B000516,R000516
A001552,K00102,2025-03-29,Anbaugeraet,7870.58,2025-04-18,gewonnen,B000517,R000517
A001553,K00135,2025-03-31,Anbaugeraet,11913.52,2025-04-11,gewonnen,B000518,R000518
A001554,K00703,2025-04-01,Traktor,16914.98,2025-04-18,verfallen,,
A001555,K00703,2025-03-30,Erntemaschine,34322.87,2025-04-11,gewonnen,B000519,R000519
A001556,K00595,2025-04-02,Traktor,23018.39,2025-04-22,gewonnen,B000520,R000520
A001557,K00666,2025-03-29,Traktor,47683.62,2025-04-15,verloren,,
A001558,K00590,2025-03-30,Kommunaltechnik,20993.63,2025-04-15,gewonnen,B000521,R000521
A001559,K00130,2025-03-29,Kommunaltechnik,51313.56,2025-04-12,gewonnen,B000522,R000522
A001560,K00709,2025-04-01,Traktor,25659.54,2025-04-08,verloren,,
A001561,K00751,2025-04-01,Anbaugeraet,5606.27,2025-04-12,verloren,,
A001562,K00276,2025-04-02,Traktor,72839.09,2025-04-18,verloren,,
A001563,K00610,2025-04-01,Gartengeraet,2500.0,2025-04-16,verloren,,
A001564,K00169,2025-04-03,Traktor,36455.55,2025-04-28,gewonnen,B000523,R000523
A001565,K00348,2025-04-04,Anbaugeraet,7176.04,2025-04-28,verloren,,
A001566,K00499,2025-04-04,Anbaugeraet,13412.96,2025-04-26,verfallen,,
A001567,K00766,2025-03-30,Traktor,45904.65,2025-04-09,gewonnen,B000524,R000524
A001568,K00317,2025-03-29,Kommunaltechnik,48185.36,2025-04-14,gewonnen,B000525,R000525
A001569,K00750,2025-04-01,Traktor,25114.24,2025-04-13,verloren,,
A001570,K00071,2025-03-31,Gartengeraet,3717.36,2025-04-16,verloren,,
A001571,K00236,2025-04-05,Anbaugeraet,13125.7,2025-04-17,verloren,,
A001572,K00287,2025-04-08,Anbaugeraet,7125.85,2025-04-13,verloren,,
A001573,K00620,2025-04-07,Erntemaschine,37158.17,2025-04-24,verloren,,
A001574,K00355,2025-04-08,Erntemaschine,29863.29,2025-04-15,gewonnen,B000526,R000526
A001575,K00071,2025-04-06,Anbaugeraet,9970.0,2025-04-27,verloren,,
A001576,K00644,2025-04-11,Traktor,39425.86,2025-04-24,verloren,,
A001577,K00617,2025-04-10,Erntemaschine,89205.07,2025-05-03,verloren,,
A001578,K00250,2025-04-07,Anbaugeraet,6067.02,2025-04-25,verfallen,,
A001579,K00778,2025-04-09,Traktor,31335.89,2025-04-20,gewonnen,B000527,R000527
A001580,K00294,2025-04-09,Anbaugeraet,11374.65,2025-04-19,verloren,,
A001581,K00263,2025-04-09,Kommunaltechnik,13474.74,2025-04-16,gewonnen,B000528,R000528
A001582,K00499,2025-04-07,Anbaugeraet,6442.85,2025-04-28,gewonnen,B000529,R000529
A001583,K00520,2025-04-10,Traktor,19579.74,2025-04-29,verloren,,
A001584,K00552,2025-04-11,Traktor,50039.6,2025-04-29,verloren,,
A001585,K00699,2025-04-05,Anbaugeraet,5491.87,2025-04-20,verloren,,
A001586,K00716,2025-04-07,Anbaugeraet,3043.68,2025-05-07,verloren,,
A001587,K00055,2025-04-11,Traktor,46554.82,2025-04-22,gewonnen,B000530,R000530
A001588,K00499,2025-04-06,Anbaugeraet,3772.4,2025-04-20,verloren,,
A001589,K00413,2025-04-07,Anbaugeraet,9614.26,2025-04-25,gewonnen,B000531,R000531
A001590,K00296,2025-04-10,Erntemaschine,57155.77,2025-04-20,gewonnen,B000532,R000532
A001591,K00776,2025-04-05,Anbaugeraet,6020.06,2025-04-16,gewonnen,B000533,R000533
A001592,K00311,2025-04-05,Anbaugeraet,5617.46,2025-04-14,gewonnen,B000534,R000534
A001593,K00002,2025-04-06,Kommunaltechnik,23713.52,2025-05-04,gewonnen,B000535,R000535
A001594,K00253,2025-04-07,Traktor,13139.5,2025-04-20,verloren,,
A001595,K00149,2025-04-06,Anbaugeraet,13864.76,2025-04-25,gewonnen,B000536,R000536
A001596,K00515,2025-04-11,Traktor,27617.81,2025-04-30,gewonnen,B000537,R000537
A001597,K00458,2025-04-11,Anbaugeraet,16312.54,2025-04-24,gewonnen,B000538,R000538
A001598,K00792,2025-04-09,Erntemaschine,57760.95,2025-04-23,verfallen,,
A001599,K00703,2025-04-16,Anbaugeraet,8360.95,2025-05-02,verloren,,
A001600,K00703,2025-04-17,Kommunaltechnik,35542.48,2025-04-24,gewonnen,B000539,R000539
A001601,K00212,2025-04-17,Traktor,16136.2,2025-05-01,verloren,,
A001602,K00703,2025-04-15,Anbaugeraet,9133.97,2025-05-03,verloren,,
A001603,K00456,2025-04-17,Traktor,31264.18,2025-04-24,gewonnen,B000540,R000540
A001604,K00379,2025-04-17,Traktor,16810.59,2025-04-30,gewonnen,B000541,R000541
A001605,K00576,2025-04-17,Anbaugeraet,5423.08,2025-05-12,gewonnen,B000542,R000542
A001606,K00703,2025-04-17,Anbaugeraet,8370.83,2025-05-02,verloren,,
A001607,K00290,2025-04-12,Anbaugeraet,3316.53,2025-04-26,verloren,,
A001608,K00290,2025-04-16,Erntemaschine,93966.27,2025-04-29,gewonnen,B000543,R000543
A001609,K00565,2025-04-18,Anbaugeraet,17568.66,2025-05-04,verfallen,,
A001610,K00335,2025-04-18,Anbaugeraet,3937.65,2025-04-30,verloren,,
A001611,K00419,2025-04-15,Traktor,18945.61,2025-04-27,verfallen,,
A001612,K00829,2025-04-15,Erntemaschine,124804.29,2025-05-03,gewonnen,B000544,R000544
A001613,K00703,2025-04-15,Anbaugeraet,9458.37,2025-05-08,gewonnen,B000545,R000545
A001614,K00734,2025-04-14,Traktor,20010.54,2025-05-01,verfallen,,
A001615,K00735,2025-04-14,Kommunaltechnik,14268.27,2025-04-23,gewonnen,B000546,R000546
A001616,K00458,2025-04-15,Traktor,28241.86,2025-04-29,gewonnen,B000547,R000547
A001617,K00816,2025-04-17,Kommunaltechnik,22111.71,2025-05-04,verloren,,
A001618,K00537,2025-04-19,Traktor,26132.12,2025-05-05,gewonnen,B000548,R000548
A001619,K00100,2025-04-19,Kommunaltechnik,66378.41,2025-05-08,verloren,,
A001620,K00419,2025-04-23,Traktor,62829.5,2025-05-17,gewonnen,B000549,R000549
A001621,K00008,2025-04-23,Traktor,31419.34,2025-05-11,gewonnen,B000550,R000550
A001622,K00419,2025-04-19,Traktor,27414.65,2025-05-16,gewonnen,B000551,R000551
A001623,K00514,2025-04-25,Traktor,66427.17,2025-05-06,gewonnen,B000552,R000552
A001624,K00721,2025-04-21,Anbaugeraet,7798.97,2025-05-02,verloren,,
A001625,K00703,2025-04-22,Traktor,11290.54,2025-05-03,verloren,,
A001626,K00618,2025-04-25,Kommunaltechnik,15652.19,2025-05-10,gewonnen,B000553,R000553
A001627,K00493,2025-04-22,Anbaugeraet,5929.03,2025-05-09,verloren,,
A001628,K00064,2025-04-21,Anbaugeraet,6791.35,2025-05-08,verloren,,
A001629,K00406,2025-04-21,Traktor,40236.79,2025-05-10,gewonnen,B000554,R000554
A001630,K00357,2025-04-21,Kommunaltechnik,39568.94,2025-05-20,verloren,,
A001631,K00142,2025-04-22,Kommunaltechnik,23778.65,2025-05-01,verfallen,,
A001632,K00693,2025-04-22,Anbaugeraet,10951.33,2025-05-02,gewonnen,B000555,R000555
A001633,K00463,2025-04-20,Kommunaltechnik,22854.26,2025-05-12,verloren,,
A001634,K00388,2025-04-24,Traktor,31277.6,2025-05-30,verloren,,
A001635,K00073,2025-04-25,Traktor,78220.2,2025-05-09,gewonnen,B000556,R000556
A001636,K00387,2025-04-20,Anbaugeraet,5092.6,2025-05-06,gewonnen,B000557,R000557
A001637,K00453,2025-04-23,Erntemaschine,87137.75,2025-05-15,verloren,,
A001638,K00499,2025-04-20,Traktor,21346.3,2025-05-29,verfallen,,
A001639,K00184,2025-04-21,Erntemaschine,102500.33,2025-05-01,verfallen,,
A001640,K00003,2025-04-24,Traktor,27478.45,2025-05-11,verloren,,
A001641,K00542,2025-04-21,Erntemaschine,84306.46,2025-05-02,verloren,,
A001642,K00419,2025-04-22,Traktor,25192.2,2025-05-13,verloren,,
A001643,K00694,2025-04-23,Gartengeraet,3214.44,2025-05-04,gewonnen,B000558,R000558
A001644,K00610,2025-04-21,Anbaugeraet,6720.66,2025-05-16,verfallen,,
A001645,K00259,2025-04-25,Traktor,30610.83,2025-05-28,verloren,,
A001646,K00193,2025-04-26,Traktor,13577.04,2025-05-08,gewonnen,B000559,R000559
A001647,K00374,2025-05-01,Erntemaschine,24528.03,2025-05-11,verloren,,
A001648,K00118,2025-04-30,Kommunaltechnik,35470.53,2025-05-14,verloren,,
A001649,K00396,2025-04-26,Traktor,41054.29,2025-05-26,verfallen,,
A001650,K00354,2025-04-27,Gartengeraet,2500.0,2025-05-09,verloren,,
A001651,K00600,2025-04-30,Anbaugeraet,6421.81,2025-05-13,gewonnen,B000560,R000560
A001652,K00445,2025-04-30,Anbaugeraet,17415.14,2025-05-24,verloren,,
A001653,K00355,2025-04-28,Anbaugeraet,7297.24,2025-05-18,verfallen,,
A001654,K00703,2025-05-02,Anbaugeraet,8816.25,2025-05-13,gewonnen,B000561,R000561
A001655,K00154,2025-04-30,Traktor,36127.77,2025-05-09,verloren,,
A001656,K00631,2025-05-02,Anbaugeraet,11311.67,2025-06-03,verloren,,
A001657,K00354,2025-04-30,Kommunaltechnik,31153.2,2025-05-08,verloren,,
A001658,K00122,2025-04-29,Anbaugeraet,8718.61,2025-05-09,verloren,,
A001659,K00039,2025-04-30,Erntemaschine,40282.99,2025-06-06,verloren,,
A001660,K00703,2025-05-01,Gartengeraet,2500.0,2025-05-12,verloren,,
A001661,K00132,2025-04-28,Traktor,16349.97,2025-05-07,verloren,,
A001662,K00366,2025-05-01,Traktor,20579.44,2025-05-19,gewonnen,B000562,R000562
A001663,K00708,2025-04-30,Erntemaschine,110365.35,2025-05-14,verloren,,
A001664,K00423,2025-04-26,Erntemaschine,89837.52,2025-05-05,gewonnen,B000563,R000563
A001665,K00139,2025-04-28,Traktor,42887.63,2025-05-17,verloren,,
A001666,K00322,2025-05-06,Erntemaschine,48862.29,2025-05-29,gewonnen,B000564,R000564
A001667,K00685,2025-05-05,Traktor,38495.72,2025-05-17,gewonnen,B000565,R000565
A001668,K00180,2025-05-09,Gartengeraet,3188.96,2025-05-28,verloren,,
A001669,K00102,2025-05-04,Anbaugeraet,8205.83,2025-05-22,gewonnen,B000566,R000566
A001670,K00703,2025-05-05,Anbaugeraet,9502.93,2025-05-16,gewonnen,B000567,R000567
A001671,K00069,2025-05-08,Anbaugeraet,5994.67,2025-05-22,gewonnen,B000568,R000568
A001672,K00210,2025-05-05,Kommunaltechnik,33003.6,2025-05-25,verloren,,
A001673,K00752,2025-05-08,Anbaugeraet,3446.35,2025-06-05,verloren,,
A001674,K00567,2025-05-07,Anbaugeraet,9982.93,2025-05-15,verloren,,
A001675,K00399,2025-05-05,Traktor,51778.4,2025-05-17,verloren,,
A001676,K00017,2025-05-03,Kommunaltechnik,20084.2,2025-05-15,verfallen,,
A001677,K00593,2025-05-04,Traktor,34676.93,2025-05-14,gewonnen,B000569,R000569
A001678,K00810,2025-05-09,Anbaugeraet,9322.92,2025-06-08,verloren,,
A001679,K00196,2025-05-03,Erntemaschine,28980.74,2025-05-17,gewonnen,B000570,R000570
A001680,K00703,2025-05-03,Traktor,31053.55,2025-05-18,verloren,,
A001681,K00773,2025-05-03,Traktor,33765.08,2025-05-10,gewonnen,B000571,R000571
A001682,K00829,2025-05-08,Anbaugeraet,4752.41,2025-05-17,verfallen,,
A001683,K00732,2025-05-03,Anbaugeraet,10659.71,2025-05-31,gewonnen,B000572,R000572
A001684,K00577,2025-05-03,Anbaugeraet,10029.92,2025-05-16,verloren,,
A001685,K00424,2025-05-08,Erntemaschine,43691.95,2025-05-19,verfallen,,
A001686,K00829,2025-05-07,Anbaugeraet,8557.76,2025-05-24,verfallen,,
A001687,K00600,2025-05-07,Traktor,21983.33,2025-06-05,verfallen,,
A001688,K00738,2025-05-09,Anbaugeraet,7299.9,2025-05-29,verloren,,
A001689,K00379,2025-05-06,Gartengeraet,2500.0,2025-05-11,gewonnen,B000573,R000573
A001690,K00424,2025-05-12,Traktor,53028.29,2025-05-29,verloren,,
A001691,K00206,2025-05-16,Anbaugeraet,4827.91,2025-05-29,gewonnen,B000574,R000574
A001692,K00593,2025-05-15,Anbaugeraet,12215.46,2025-06-03,verfallen,,
A001693,K00752,2025-05-12,Gartengeraet,4748.83,2025-05-20,verloren,,
A001694,K00352,2025-05-16,Traktor,28553.61,2025-05-31,verloren,,
A001695,K00239,2025-05-13,Anbaugeraet,7365.82,2025-05-22,verfallen,,
A001696,K00755,2025-05-15,Anbaugeraet,9405.34,2025-05-26,gewonnen,B000575,R000575
A001697,K00607,2025-05-16,Anbaugeraet,9490.85,2025-06-03,gewonnen,B000576,R000576
A001698,K00026,2025-05-11,Traktor,24738.64,2025-06-02,verloren,,
A001699,K00346,2025-05-10,Traktor,39331.45,2025-05-26,gewonnen,B000577,R000577
A001700,K00368,2025-05-14,Traktor,55860.11,2025-06-06,gewonnen,B000578,R000578
A001701,K00656,2025-05-11,Traktor,44439.31,2025-05-31,gewonnen,B000579,R000579
A001702,K00306,2025-05-15,Anbaugeraet,8360.76,2025-05-22,verloren,,
A001703,K00671,2025-05-12,Traktor,28093.79,2025-05-27,verloren,,
A001704,K00424,2025-05-12,Kommunaltechnik,33621.36,2025-05-17,gewonnen,B000580,R000580
A001705,K00609,2025-05-11,Kommunaltechnik,35114.9,2025-05-23,verloren,,
A001706,K00703,2025-05-15,Anbaugeraet,9225.85,2025-06-05,gewonnen,B000581,R000581
A001707,K00286,2025-05-10,Erntemaschine,69822.85,2025-05-27,gewonnen,B000582,R000582
A001708,K00290,2025-05-11,Erntemaschine,50896.79,2025-05-27,verloren,,
A001709,K00701,2025-05-15,Kommunaltechnik,21786.06,2025-05-29,gewonnen,B000583,R000583
A001710,K00354,2025-05-14,Gartengeraet,2538.7,2025-05-19,gewonnen,B000584,R000584
A001711,K00757,2025-05-11,Anbaugeraet,10274.83,2025-05-26,verloren,,
A001712,K00829,2025-05-12,Erntemaschine,120289.9,2025-05-25,verloren,,
A001713,K00335,2025-05-13,Traktor,41239.23,2025-05-19,gewonnen,B000585,R000585
A001714,K00499,2025-05-17,Anbaugeraet,5864.28,2025-05-28,verloren,,
A001715,K00405,2025-05-23,Anbaugeraet,7453.31,2025-06-12,verloren,,
A001716,K00323,2025-05-22,Anbaugeraet,15055.18,2025-06-05,gewonnen,B000586,R000586
A001717,K00178,2025-05-23,Anbaugeraet,9787.97,2025-05-30,gewonnen,B000587,R000587
A001718,K00322,2025-05-23,Gartengeraet,2500.0,2025-06-14,verloren,,
A001719,K00703,2025-05-19,Traktor,53610.36,2025-06-07,verloren,,
A001720,K00829,2025-05-19,Erntemaschine,25721.73,2025-06-13,gewonnen,B000588,R000588
A001721,K00703,2025-05-22,Anbaugeraet,3263.9,2025-05-31,gewonnen,B000589,R000589
A001722,K00829,2025-05-23,Traktor,20569.31,2025-06-02,verloren,,
A001723,K00764,2025-05-19,Erntemaschine,64536.3,2025-06-02,gewonnen,B000590,R000590
A001724,K00348,2025-05-23,Traktor,20150.53,2025-06-05,verloren,,
A001725,K00009,2025-05-20,Anbaugeraet,14550.13,2025-06-05,verfallen,,
A001726,K00758,2025-05-23,Anbaugeraet,3874.89,2025-06-23,verloren,,
A001727,K00694,2025-05-20,Traktor,21091.27,2025-06-08,gewonnen,B000591,R000591
A001728,K00244,2025-05-21,Traktor,18595.29,2025-06-02,verloren,,
A001729,K00699,2025-05-19,Erntemaschine,55388.65,2025-06-19,verloren,,
A001730,K00829,2025-05-17,Traktor,52594.24,2025-05-31,verloren,,
A001731,K00829,2025-05-18,Kommunaltechnik,31921.89,2025-06-12,gewonnen,B000592,R000592
A001732,K00560,2025-05-21,Anbaugeraet,3445.01,2025-05-31,verfallen,,
A001733,K00472,2025-05-17,Traktor,41551.49,2025-05-24,verloren,,
A001734,K00845,2025-05-19,Traktor,27455.28,2025-06-03,gewonnen,B000593,R000593
A001735,K00617,2025-05-22,Kommunaltechnik,27205.88,2025-06-18,verfallen,,
A001736,K00703,2025-05-23,Anbaugeraet,13985.13,2025-06-02,verloren,,
A001737,K00781,2025-05-19,Traktor,21122.56,2025-06-06,gewonnen,B000594,R000594
A001738,K00636,2025-05-17,Traktor,45842.09,2025-05-31,verfallen,,
A001739,K00379,2025-05-27,Erntemaschine,42103.32,2025-06-08,verloren,,
A001740,K00735,2025-05-27,Gartengeraet,2777.88,2025-06-14,gewonnen,B000595,R000595
A001741,K00456,2025-05-24,Kommunaltechnik,33592.35,2025-06-11,verloren,,
A001742,K00348,2025-05-24,Erntemaschine,29731.43,2025-06-06,verloren,,
A001743,K00829,2025-05-28,Traktor,39612.82,2025-06-05,verloren,,
A001744,K00413,2025-05-24,Traktor,31338.8,2025-06-08,gewonnen,B000596,R000596
A001745,K00419,2025-05-30,Anbaugeraet,8291.98,2025-06-12,gewonnen,B000597,R000597
A001746,K00778,2025-05-27,Traktor,38916.76,2025-06-26,gewonnen,B000598,R000598
A001747,K00386,2025-05-29,Anbaugeraet,9898.26,2025-06-06,gewonnen,B000599,R000599
A001748,K00666,2025-05-29,Erntemaschine,53639.76,2025-06-21,gewonnen,B000600,R000600
A001749,K00227,2025-05-30,Anbaugeraet,5086.4,2025-06-14,verloren,,
A001750,K00829,2025-05-27,Traktor,39852.81,2025-06-07,gewonnen,B000601,R000601
A001751,K00073,2025-05-30,Gartengeraet,2500.0,2025-06-11,gewonnen,B000602,R000602
A001752,K00100,2025-05-29,Erntemaschine,49311.88,2025-06-07,gewonnen,B000603,R000603
A001753,K00831,2025-05-28,Traktor,33389.48,2025-06-10,gewonnen,B000604,R000604
A001754,K00414,2025-05-25,Anbaugeraet,13781.63,2025-06-01,gewonnen,B000605,R000605
A001755,K00703,2025-05-29,Traktor,25600.45,2025-06-06,verfallen,,
A001756,K00794,2025-05-24,Erntemaschine,83078.34,2025-06-14,verloren,,
A001757,K00433,2025-05-29,Anbaugeraet,8303.33,2025-06-08,gewonnen,B000606,R000606
A001758,K00269,2025-05-29,Gartengeraet,2500.0,2025-06-11,gewonnen,B000607,R000607
A001759,K00210,2025-05-28,Erntemaschine,33879.71,2025-06-08,verloren,,
A001760,K00296,2025-05-24,Kommunaltechnik,30177.57,2025-06-12,verloren,,
A001761,K00790,2025-05-24,Erntemaschine,63939.94,2025-06-02,gewonnen,B000608,R000608
A001762,K00064,2025-05-24,Traktor,20099.81,2025-06-11,verloren,,
A001763,K00003,2025-05-27,Erntemaschine,89551.09,2025-06-15,verloren,,
A001764,K00776,2025-06-03,Anbaugeraet,6560.98,2025-06-22,gewonnen,B000609,R000609
A001765,K00364,2025-06-04,Traktor,20338.19,2025-07-14,verloren,,
A001766,K00236,2025-05-31,Kommunaltechnik,32535.27,2025-06-13,verloren,,
A001767,K00452,2025-06-02,Anbaugeraet,9584.38,2025-06-20,verloren,,
A001768,K00703,2025-06-04,Traktor,31975.6,2025-06-19,verloren,,
A001769,K00703,2025-05-31,Anbaugeraet,5576.43,2025-06-21,gewonnen,B000610,R000610
A001770,K00626,2025-06-02,Anbaugeraet,16276.87,2025-06-24,verfallen,,
A001771,K00591,2025-06-05,Gartengeraet,2695.08,2025-06-15,gewonnen,B000611,R000611
A001772,K00339,2025-06-02,Erntemaschine,67358.26,2025-06-19,gewonnen,B000612,R000612
A001773,K00015,2025-06-03,Traktor,86840.84,2025-06-28,gewonnen,B000613,R000613
A001774,K00832,2025-06-06,Anbaugeraet,8938.28,2025-06-16,gewonnen,B000614,R000614
A001775,K00445,2025-06-05,Traktor,46753.31,2025-06-21,gewonnen,B000615,R000615
A001776,K00256,2025-06-05,Erntemaschine,91404.89,2025-06-22,verfallen,,
A001777,K00243,2025-05-31,Erntemaschine,91752.89,2025-06-14,gewonnen,B000616,R000616
A001778,K00505,2025-06-04,Anbaugeraet,13463.45,2025-06-17,gewonnen,B000617,R000617
A001779,K00419,2025-06-01,Gartengeraet,2572.06,2025-06-21,gewonnen,B000618,R000618
A001780,K00568,2025-06-05,Traktor,48683.21,2025-06-16,verloren,,
A001781,K00234,2025-06-02,Anbaugeraet,6302.68,2025-06-25,verfallen,,
A001782,K00771,2025-06-06,Anbaugeraet,15271.28,2025-06-15,gewonnen,B000619,R000619
A001783,K00484,2025-06-03,Erntemaschine,47783.37,2025-06-21,gewonnen,B000620,R000620
A001784,K00342,2025-06-01,Traktor,33622.56,2025-06-10,verfallen,,
A001785,K00703,2025-05-31,Traktor,44251.44,2025-06-24,verfallen,,
A001786,K00829,2025-06-01,Gartengeraet,2500.0,2025-06-07,gewonnen,B000621,R000621
A001787,K00757,2025-06-11,Anbaugeraet,9588.23,2025-06-21,verloren,,
A001788,K00445,2025-06-11,Anbaugeraet,12546.22,2025-07-16,verloren,,
A001789,K00513,2025-06-12,Anbaugeraet,6737.63,2025-06-21,gewonnen,B000622,R000622
A001790,K00234,2025-06-07,Traktor,19197.86,2025-06-27,verloren,,
A001791,K00163,2025-06-11,Traktor,54848.13,2025-07-04,gewonnen,B000623,R000623
A001792,K00514,2025-06-11,Erntemaschine,64354.71,2025-06-25,verloren,,
A001793,K00565,2025-06-10,Erntemaschine,115014.28,2025-06-20,gewonnen,B000624,R000624
A001794,K00649,2025-06-13,Kommunaltechnik,38430.51,2025-06-23,verloren,,
A001795,K00254,2025-06-12,Kommunaltechnik,18575.27,2025-07-16,verfallen,,
A001796,K00167,2025-06-09,Anbaugeraet,6078.96,2025-06-25,verloren,,
A001797,K00296,2025-06-08,Traktor,25519.6,2025-06-24,gewonnen,B000625,R000625
A001798,K00456,2025-06-13,Kommunaltechnik,20515.71,2025-07-02,verloren,,
A001799,K00571,2025-06-09,Traktor,30156.58,2025-06-20,verfallen,,
A001800,K00703,2025-06-08,Kommunaltechnik,27173.42,2025-06-21,verloren,,
A001801,K00752,2025-06-20,Kommunaltechnik,27100.29,2025-07-07,verloren,,
A001802,K00087,2025-06-20,Erntemaschine,84916.15,2025-07-02,gewonnen,B000626,R000626
A001803,K00427,2025-06-17,Anbaugeraet,3479.49,2025-06-28,gewonnen,B000627,R000627
A001804,K00276,2025-06-20,Anbaugeraet,10039.08,2025-07-09,verfallen,,
A001805,K00735,2025-06-19,Erntemaschine,51927.38,2025-07-03,verfallen,,
A001806,K00189,2025-06-15,Erntemaschine,46520.63,2025-07-11,gewonnen,B000628,R000628
A001807,K00600,2025-06-15,Traktor,32341.66,2025-07-08,gewonnen,B000629,R000629
A001808,K00218,2025-06-15,Gartengeraet,2905.91,2025-06-25,verloren,,
A001809,K00067,2025-06-15,Anbaugeraet,8179.68,2025-07-05,gewonnen,B000630,R000630
A001810,K00352,2025-06-15,Anbaugeraet,14022.07,2025-07-05,gewonnen,B000631,R000631
A001811,K00567,2025-06-21,Kommunaltechnik,36182.43,2025-07-11,verloren,,
A001812,K00081,2025-06-21,Gartengeraet,2500.0,2025-07-10,gewonnen,B000632,R000632
A001813,K00488,2025-06-23,Traktor,16075.95,2025-07-06,verloren,,
A001814,K00565,2025-06-23,Kommunaltechnik,15939.45,2025-07-07,verloren,,
A001815,K00419,2025-06-22,Erntemaschine,65002.86,2025-07-05,verfallen,,
A001816,K00055,2025-06-25,Kommunaltechnik,12289.58,2025-07-12,verloren,,
A001817,K00701,2025-06-26,Kommunaltechnik,25976.92,2025-07-10,gewonnen,B000633,R000633
A001818,K00571,2025-06-21,Erntemaschine,64406.91,2025-07-17,verfallen,,
A001819,K00335,2025-06-26,Kommunaltechnik,23146.28,2025-07-14,verloren,,
A001820,K00666,2025-06-24,Gartengeraet,2522.52,2025-07-09,verloren,,
A001821,K00658,2025-06-25,Anbaugeraet,6485.18,2025-07-08,verloren,,
A001822,K00702,2025-06-27,Gartengeraet,2500.0,2025-07-07,verloren,,
A001823,K00591,2025-06-25,Gartengeraet,2500.0,2025-06-30,gewonnen,B000634,R000634
A001824,K00419,2025-06-26,Anbaugeraet,12745.88,2025-07-03,verloren,,
A001825,K00493,2025-06-25,Traktor,13981.02,2025-07-13,verloren,,
A001826,K00065,2025-06-29,Traktor,16867.89,2025-07-15,verfallen,,
A001827,K00747,2025-07-03,Erntemaschine,35146.04,2025-07-23,verloren,,
A001828,K00375,2025-07-03,Traktor,45884.65,2025-07-21,verfallen,,
A001829,K00121,2025-07-01,Anbaugeraet,8549.11,2025-07-19,gewonnen,B000635,R000635
A001830,K00555,2025-07-01,Anbaugeraet,9120.18,2025-07-07,gewonnen,B000636,R000636
A001831,K00499,2025-06-30,Anbaugeraet,10805.54,2025-07-18,verloren,,
A001832,K00331,2025-07-03,Anbaugeraet,15739.81,2025-07-23,verfallen,,
A001833,K00536,2025-07-04,Traktor,57206.72,2025-08-02,gewonnen,B000637,R000637
A001834,K00578,2025-06-29,Traktor,90904.19,2025-07-18,verloren,,
A001835,K00411,2025-07-03,Kommunaltechnik,16046.77,2025-07-16,gewonnen,B000638,R000638
A001836,K00458,2025-06-30,Anbaugeraet,14734.81,2025-07-08,verloren,,
A001837,K00598,2025-06-29,Traktor,24457.4,2025-07-06,verloren,,
A001838,K00753,2025-07-01,Traktor,32951.87,2025-07-16,gewonnen,B000639,R000639
A001839,K00263,2025-06-30,Anbaugeraet,14978.27,2025-07-09,verloren,,
A001840,K00709,2025-07-04,Traktor,111933.18,2025-07-21,verloren,,
A001841,K00151,2025-07-09,Erntemaschine,63337.01,2025-08-03,verloren,,
A001842,K00513,2025-07-11,Traktor,37854.08,2025-08-01,verfallen,,
A001843,K00296,2025-07-08,Anbaugeraet,15572.59,2025-07-17,verfallen,,
A001844,K00605,2025-07-10,Gartengeraet,2500.0,2025-08-11,gewonnen,B000640,R000640
A001845,K00829,2025-07-05,Traktor,30042.55,2025-07-13,verloren,,
A001846,K00348,2025-07-06,Anbaugeraet,11002.7,2025-07-29,verloren,,
A001847,K00471,2025-07-09,Kommunaltechnik,20315.65,2025-07-28,verloren,,
A001848,K00245,2025-07-10,Erntemaschine,85578.81,2025-07-25,gewonnen,B000641,R000641
A001849,K00064,2025-07-07,Gartengeraet,2500.0,2025-07-28,gewonnen,B000642,R000642
A001850,K00268,2025-07-11,Gartengeraet,3220.73,2025-07-19,verfallen,,
A001851,K00026,2025-07-07,Kommunaltechnik,33535.18,2025-07-22,verfallen,,
A001852,K00231,2025-07-05,Anbaugeraet,5111.2,2025-07-29,gewonnen,B000643,R000643
A001853,K00693,2025-07-09,Anbaugeraet,10221.74,2025-07-16,verfallen,,
A001854,K00600,2025-07-05,Anbaugeraet,5143.08,2025-07-10,verloren,,
A001855,K00514,2025-07-11,Traktor,20289.59,2025-07-26,gewonnen,B000644,R000644
A001856,K00703,2025-07-11,Traktor,30625.97,2025-07-24,verloren,,
A001857,K00323,2025-07-09,Gartengeraet,2500.0,2025-07-21,verloren,,
A001858,K00337,2025-07-08,Erntemaschine,44837.24,2025-07-21,verloren,,
A001859,K00360,2025-07-06,Anbaugeraet,9617.14,2025-07-29,gewonnen,B000645,R000645
A001860,K00079,2025-07-13,Anbaugeraet,15631.46,2025-08-03,gewonnen,B000646,R000646
A001861,K00188,2025-07-13,Traktor,42615.24,2025-07-28,verfallen,,
A001862,K00213,2025-07-17,Traktor,72065.55,2025-08-10,verfallen,,
A001863,K00055,2025-07-13,Anbaugeraet,9676.84,2025-07-24,verfallen,,
A001864,K00771,2025-07-18,Anbaugeraet,17639.67,2025-08-07,gewonnen,B000647,R000647
A001865,K00641,2025-07-16,Erntemaschine,43452.04,2025-08-25,verloren,,
A001866,K00064,2025-07-14,Gartengeraet,2500.0,2025-07-23,gewonnen,B000648,R000648
A001867,K00234,2025-07-14,Anbaugeraet,8055.95,2025-07-26,gewonnen,B000649,R000649
A001868,K00064,2025-07-17,Erntemaschine,47253.31,2025-07-30,verloren,,
A001869,K00499,2025-07-15,Erntemaschine,54168.08,2025-08-04,gewonnen,B000650,R000650
A001870,K00227,2025-07-13,Traktor,26588.86,2025-07-31,verloren,,
A001871,K00553,2025-07-17,Erntemaschine,130000.0,2025-08-07,gewonnen,B000651,R000651
A001872,K00829,2025-07-18,Anbaugeraet,6064.54,2025-08-02,verfallen,,
A001873,K00792,2025-07-15,Erntemaschine,63472.68,2025-08-02,verfallen,,
A001874,K00159,2025-07-14,Gartengeraet,2980.54,2025-07-29,gewonnen,B000652,R000652
A001875,K00445,2025-07-12,Anbaugeraet,20929.13,2025-07-23,verloren,,
A001876,K00306,2025-07-18,Erntemaschine,41818.27,2025-08-06,verloren,,
A001877,K00600,2025-07-17,Traktor,24442.07,2025-08-09,verloren,,
A001878,K00537,2025-07-12,Erntemaschine,41706.25,2025-07-21,verfallen,,
A001879,K00348,2025-07-21,Kommunaltechnik,12537.43,2025-08-10,verfallen,,
A001880,K00752,2025-07-23,Traktor,33389.57,2025-08-22,verloren,,
A001881,K00704,2025-07-20,Kommunaltechnik,44088.68,2025-08-10,verloren,,
A001882,K00419,2025-07-22,Kommunaltechnik,36999.01,2025-08-02,verfallen,,
A001883,K00693,2025-07-25,Anbaugeraet,7581.21,2025-08-06,verloren,,
A001884,K00400,2025-07-19,Anbaugeraet,12250.29,2025-07-27,verfallen,,
A001885,K00419,2025-07-23,Kommunaltechnik,38133.85,2025-08-21,verloren,,
A001886,K00250,2025-07-20,Traktor,35641.32,2025-08-08,gewonnen,B000653,R000653
A001887,K00411,2025-07-19,Erntemaschine,47551.55,2025-08-06,gewonnen,B000654,R000654
A001888,K00514,2025-07-20,Traktor,81782.36,2025-07-31,verloren,,
A001889,K00723,2025-07-19,Traktor,22203.06,2025-08-07,gewonnen,B000655,R000655
A001890,K00348,2025-07-23,Traktor,23847.31,2025-08-10,gewonnen,B000656,R000656
A001891,K00784,2025-07-22,Kommunaltechnik,16869.18,2025-08-31,verloren,,
A001892,K00815,2025-07-25,Anbaugeraet,6500.62,2025-08-02,gewonnen,B000657,R000657
A001893,K00159,2025-07-27,Erntemaschine,42598.55,2025-08-14,verloren,,
A001894,K00564,2025-07-30,Traktor,64657.56,2025-08-17,gewonnen,B000658,R000658
A001895,K00703,2025-07-30,Traktor,39228.63,2025-08-06,verloren,,
A001896,K00062,2025-07-30,Gartengeraet,2500.0,2025-08-14,verloren,,
A001897,K00159,2025-07-31,Erntemaschine,63588.33,2025-08-18,verloren,,
A001898,K00829,2025-08-01,Traktor,27588.72,2025-08-10,verfallen,,
A001899,K00751,2025-08-01,Anbaugeraet,8176.57,2025-08-09,gewonnen,B000659,R000659
A001900,K00154,2025-07-30,Anbaugeraet,10684.82,2025-08-14,gewonnen,B000660,R000660
A001901,K00379,2025-07-28,Traktor,56316.0,2025-08-17,gewonnen,B000661,R000661
A001902,K00676,2025-07-27,Traktor,37878.66,2025-08-13,gewonnen,B000662,R000662
A001903,K00451,2025-08-01,Anbaugeraet,15992.76,2025-08-10,verfallen,,
A001904,K00130,2025-07-29,Erntemaschine,130000.0,2025-08-13,verloren,,
A001905,K00694,2025-08-06,Anbaugeraet,5891.78,2025-08-19,gewonnen,B000663,R000663
A001906,K00656,2025-08-02,Erntemaschine,85949.45,2025-08-15,gewonnen,B000664,R000664
A001907,K00768,2025-08-04,Anbaugeraet,8819.11,2025-08-19,verloren,,
A001908,K00483,2025-08-07,Gartengeraet,2500.0,2025-09-15,verloren,,
A001909,K00390,2025-08-06,Anbaugeraet,10687.29,2025-08-19,gewonnen,B000665,R000665
A001910,K00414,2025-08-08,Gartengeraet,2786.36,2025-08-28,gewonnen,B000666,R000666
A001911,K00139,2025-08-06,Traktor,35399.64,2025-08-16,gewonnen,B000667,R000667
A001912,K00666,2025-08-04,Traktor,35883.69,2025-09-02,gewonnen,B000668,R000668
A001913,K00669,2025-08-03,Kommunaltechnik,15498.83,2025-08-14,verloren,,
A001914,K00827,2025-08-05,Anbaugeraet,7781.11,2025-08-24,verloren,,
A001915,K00600,2025-08-02,Anbaugeraet,14577.22,2025-08-18,gewonnen,B000669,R000669
A001916,K00432,2025-08-07,Traktor,16605.35,2025-08-26,gewonnen,B000670,R000670
A001917,K00424,2025-08-07,Anbaugeraet,9448.37,2025-08-31,verloren,,
A001918,K00607,2025-08-08,Kommunaltechnik,15851.3,2025-09-04,verloren,,
A001919,K00356,2025-08-05,Traktor,22850.27,2025-08-17,verloren,,
A001920,K00536,2025-08-08,Gartengeraet,3266.42,2025-08-18,gewonnen,B000671,R000671
A001921,K00379,2025-08-05,Anbaugeraet,16086.19,2025-08-11,gewonnen,B000672,R000672
A001922,K00620,2025-08-12,Kommunaltechnik,14347.65,2025-08-17,gewonnen,B000673,R000673
A001923,K00703,2025-08-13,Traktor,23369.39,2025-08-23,verloren,,
A001924,K00778,2025-08-15,Anbaugeraet,11435.29,2025-08-25,verloren,,
A001925,K00757,2025-08-10,Traktor,43315.73,2025-09-04,verloren,,
A001926,K00453,2025-08-14,Traktor,34863.78,2025-08-27,verloren,,
A001927,K00461,2025-08-09,Gartengeraet,2500.0,2025-08-28,verloren,,
A001928,K00335,2025-08-11,Anbaugeraet,7368.77,2025-08-18,gewonnen,B000674,R000674
A001929,K00545,2025-08-12,Anbaugeraet,7818.88,2025-08-29,verloren,,
A001930,K00056,2025-08-12,Traktor,21519.71,2025-08-30,verloren,,
A001931,K00110,2025-08-09,Gartengeraet,2500.0,2025-08-20,gewonnen,B000675,R000675
A001932,K00573,2025-08-09,Anbaugeraet,11592.51,2025-08-21,verloren,,
A001933,K00701,2025-08-11,Anbaugeraet,8838.72,2025-08-23,gewonnen,B000676,R000676
A001934,K00236,2025-08-10,Traktor,64238.73,2025-08-23,verloren,,
A001935,K00137,2025-08-13,Anbaugeraet,4565.72,2025-08-27,verfallen,,
A001936,K00064,2025-08-13,Traktor,21519.12,2025-09-04,gewonnen,B000677,R000677
A001937,K00793,2025-08-12,Anbaugeraet,6037.18,2025-08-28,verloren,,
A001938,K00105,2025-08-19,Kommunaltechnik,10779.74,2025-09-11,gewonnen,B000678,R000678
A001939,K00263,2025-08-19,Kommunaltechnik,20828.63,2025-09-02,verfallen,,
A001940,K00299,2025-08-21,Gartengeraet,4458.13,2025-08-27,verfallen,,
A001941,K00395,2025-08-20,Traktor,11991.16,2025-08-27,gewonnen,B000679,R000679
A001942,K00137,2025-08-18,Kommunaltechnik,26577.36,2025-08-27,gewonnen,B000680,R000680
A001943,K00752,2025-08-16,Kommunaltechnik,38426.51,2025-09-05,gewonnen,B000681,R000681
A001944,K00379,2025-08-20,Kommunaltechnik,16629.46,2025-08-30,gewonnen,B000682,R000682
A001945,K00255,2025-08-18,Anbaugeraet,14389.74,2025-09-14,gewonnen,B000683,R000683
A001946,K00676,2025-08-22,Kommunaltechnik,16466.54,2025-09-13,verfallen,,
A001947,K00757,2025-08-19,Anbaugeraet,8341.15,2025-09-09,verfallen,,
A001948,K00339,2025-08-19,Anbaugeraet,12661.97,2025-08-30,verfallen,,
A001949,K00433,2025-08-22,Kommunaltechnik,21362.17,2025-09-19,verloren,,
A001950,K00829,2025-08-18,Traktor,34394.63,2025-08-31,verfallen,,
A001951,K00571,2025-08-22,Anbaugeraet,13829.78,2025-09-14,verloren,,
A001952,K00703,2025-08-22,Traktor,33379.19,2025-08-29,verfallen,,
A001953,K00074,2025-08-22,Anbaugeraet,9093.89,2025-08-30,verfallen,,
A001954,K00348,2025-08-23,Traktor,49115.56,2025-09-10,gewonnen,B000684,R000684
A001955,K00422,2025-08-28,Kommunaltechnik,17265.71,2025-09-08,verloren,,
A001956,K00757,2025-08-24,Anbaugeraet,5395.05,2025-09-10,verloren,,
A001957,K00656,2025-08-25,Traktor,54347.76,2025-10-04,verfallen,,
A001958,K00196,2025-08-24,Anbaugeraet,6055.17,2025-09-07,verloren,,
A001959,K00545,2025-08-29,Erntemaschine,47129.17,2025-09-06,gewonnen,B000685,R000685
A001960,K00487,2025-08-23,Erntemaschine,68690.75,2025-09-13,verloren,,
A001961,K00703,2025-08-23,Traktor,17012.41,2025-09-07,gewonnen,B000686,R000686
A001962,K00253,2025-08-24,Traktor,20414.2,2025-09-01,gewonnen,B000687,R000687
A001963,K00776,2025-08-27,Traktor,34626.56,2025-09-09,gewonnen,B000688,R000688
A001964,K00829,2025-08-23,Traktor,12495.67,2025-09-17,gewonnen,B000689,R000689
A001965,K00829,2025-08-23,Kommunaltechnik,16615.79,2025-08-31,gewonnen,B000690,R000690
A001966,K00064,2025-08-25,Traktor,43657.67,2025-09-12,gewonnen,B000691,R000691
A001967,K00583,2025-08-24,Erntemaschine,70290.33,2025-09-03,verloren,,
A001968,K00591,2025-08-29,Anbaugeraet,13159.92,2025-09-15,verloren,,
A001969,K00703,2025-08-26,Gartengeraet,2500.0,2025-09-24,verfallen,,
A001970,K00577,2025-08-28,Traktor,19353.59,2025-09-10,verloren,,
A001971,K00002,2025-08-28,Gartengeraet,2500.0,2025-09-02,gewonnen,B000692,R000692
A001972,K00137,2025-08-25,Gartengeraet,2500.0,2025-09-04,gewonnen,B000693,R000693
A001973,K00008,2025-08-23,Kommunaltechnik,46396.71,2025-09-04,verloren,,
A001974,K00137,2025-09-04,Gartengeraet,2500.0,2025-09-29,gewonnen,B000694,R000694
A001975,K00829,2025-09-01,Erntemaschine,51342.25,2025-09-26,gewonnen,B000695,R000695
A001976,K00102,2025-08-31,Anbaugeraet,9025.55,2025-09-23,verfallen,,
A001977,K00274,2025-09-05,Kommunaltechnik,42571.1,2025-09-21,verloren,,
A001978,K00071,2025-09-02,Gartengeraet,2500.0,2025-09-26,verfallen,,
A001979,K00813,2025-09-03,Anbaugeraet,21393.64,2025-09-19,verfallen,,
A001980,K00606,2025-09-01,Traktor,46747.99,2025-09-29,gewonnen,B000696,R000696
A001981,K00342,2025-08-31,Traktor,52831.2,2025-09-18,gewonnen,B000697,R000697
A001982,K00623,2025-09-03,Anbaugeraet,12169.71,2025-09-12,verfallen,,
A001983,K00807,2025-08-31,Traktor,31653.69,2025-09-10,verloren,,
A001984,K00776,2025-09-02,Traktor,25794.63,2025-09-21,gewonnen,B000698,R000698
A001985,K00184,2025-09-04,Anbaugeraet,6643.75,2025-09-20,gewonnen,B000699,R000699
A001986,K00591,2025-08-30,Traktor,20569.99,2025-09-18,verfallen,,
A001987,K00064,2025-09-01,Anbaugeraet,6919.57,2025-09-25,gewonnen,B000700,R000700
A001988,K00064,2025-09-06,Kommunaltechnik,34090.57,2025-09-19,verloren,,
A001989,K00609,2025-09-12,Traktor,19575.37,2025-10-05,gewonnen,B000701,R000701
A001990,K00064,2025-09-09,Anbaugeraet,6067.49,2025-10-19,verfallen,,
A001991,K00008,2025-09-09,Traktor,14089.21,2025-09-21,gewonnen,B000702,R000702
A001992,K00752,2025-09-10,Gartengeraet,2922.36,2025-10-03,verloren,,
A001993,K00739,2025-09-11,Kommunaltechnik,25895.67,2025-09-27,gewonnen,B000703,R000703
A001994,K00087,2025-09-09,Traktor,45275.05,2025-09-17,gewonnen,B000704,R000704
A001995,K00735,2025-09-07,Erntemaschine,56922.93,2025-09-26,verfallen,,
A001996,K00355,2025-09-07,Anbaugeraet,9302.66,2025-09-17,verloren,,
A001997,K00669,2025-09-09,Anbaugeraet,12445.45,2025-09-27,verfallen,,
A001998,K00453,2025-09-09,Erntemaschine,50330.2,2025-09-25,gewonnen,B000705,R000705
A001999,K00573,2025-09-11,Traktor,31896.84,2025-09-22,gewonnen,B000706,R000706
A002000,K00499,2025-09-12,Anbaugeraet,8195.35,2025-10-13,gewonnen,B000707,R000707
A002001,K00703,2025-09-11,Traktor,40135.38,2025-09-20,verloren,,
A002002,K00015,2025-09-10,Traktor,33680.32,2025-09-27,verfallen,,
A002003,K00829,2025-09-08,Gartengeraet,2500.0,2025-09-18,verloren,,
A002004,K00156,2025-09-10,Anbaugeraet,5553.99,2025-09-23,gewonnen,B000708,R000708
A002005,K00765,2025-09-08,Traktor,23266.24,2025-09-23,verfallen,,
A002006,K00214,2025-09-07,Anbaugeraet,6374.02,2025-09-27,verloren,,
A002007,K00525,2025-09-12,Anbaugeraet,10733.24,2025-09-23,gewonnen,B000709,R000709
A002008,K00703,2025-09-10,Traktor,39411.9,2025-10-05,gewonnen,B000710,R000710
A002009,K00453,2025-09-09,Anbaugeraet,11899.2,2025-09-24,gewonnen,B000711,R000711
A002010,K00286,2025-09-10,Anbaugeraet,3392.67,2025-10-08,verfallen,,
A002011,K00767,2025-09-09,Anbaugeraet,10454.78,2025-09-15,gewonnen,B000712,R000712
A002012,K00705,2025-09-15,Traktor,29063.32,2025-10-25,verfallen,,
A002013,K00673,2025-09-14,Kommunaltechnik,30893.29,2025-10-04,verfallen,,
A002014,K00276,2025-09-14,Erntemaschine,60656.93,2025-09-29,gewonnen,B000713,R000713
A002015,K00374,2025-09-18,Traktor,53155.75,2025-10-04,gewonnen,B000714,R000714
A002016,K00013,2025-09-17,Anbaugeraet,8059.33,2025-10-04,verfallen,,
A002017,K00222,2025-09-17,Traktor,34774.71,2025-10-03,gewonnen,B000715,R000715
A002018,K00201,2025-09-19,Anbaugeraet,8251.24,2025-10-29,verloren,,
A002019,K00473,2025-09-17,Kommunaltechnik,14696.52,2025-09-23,gewonnen,B000716,R000716
A002020,K00642,2025-09-18,Anbaugeraet,11274.07,2025-10-06,verloren,,
A002021,K00514,2025-09-15,Anbaugeraet,7387.92,2025-10-03,gewonnen,B000717,R000717
A002022,K00554,2025-09-15,Traktor,21632.76,2025-10-04,verloren,,
A002023,K00727,2025-09-19,Traktor,18249.33,2025-10-18,gewonnen,B000718,R000718
A002024,K00829,2025-09-19,Erntemaschine,83197.41,2025-10-29,verloren,,
A002025,K00703,2025-09-17,Anbaugeraet,8980.11,2025-09-29,verloren,,
A002026,K00411,2025-09-18,Traktor,34622.92,2025-09-25,gewonnen,B000719,R000719
A002027,K00137,2025-09-19,Kommunaltechnik,31596.12,2025-10-02,gewonnen,B000720,R000720
A002028,K00251,2025-09-14,Traktor,27163.42,2025-10-13,verloren,,
A002029,K00093,2025-09-15,Anbaugeraet,11408.47,2025-10-01,verloren,,
A002030,K00276,2025-09-19,Traktor,34965.96,2025-10-20,verfallen,,
A002031,K00499,2025-09-16,Traktor,62127.03,2025-10-04,verfallen,,
A002032,K00046,2025-09-17,Erntemaschine,31510.6,2025-09-27,gewonnen,B000721,R000721
A002033,K00819,2025-09-19,Traktor,32767.83,2025-10-03,gewonnen,B000722,R000722
A002034,K00709,2025-09-17,Anbaugeraet,7116.4,2025-10-12,verfallen,,
A002035,K00100,2025-09-17,Anbaugeraet,9406.64,2025-10-17,gewonnen,B000723,R000723
A002036,K00380,2025-09-13,Anbaugeraet,10454.28,2025-09-26,gewonnen,B000724,R000724
A002037,K00390,2025-09-14,Erntemaschine,118849.31,2025-09-30,verloren,,
A002038,K00239,2025-09-19,Traktor,39875.56,2025-10-01,verfallen,,
A002039,K00832,2025-09-16,Erntemaschine,115738.32,2025-10-26,gewonnen,B000725,R000725
A002040,K00807,2025-09-19,Kommunaltechnik,16007.39,2025-09-28,gewonnen,B000726,R000726
A002041,K00685,2025-09-17,Traktor,24639.57,2025-09-26,verloren,,
A002042,K00206,2025-09-18,Erntemaschine,50425.07,2025-10-13,verloren,,
A002043,K00829,2025-09-13,Gartengeraet,2581.0,2025-09-27,verloren,,
A002044,K00156,2025-09-13,Traktor,34037.9,2025-09-24,gewonnen,B000727,R000727
A002045,K00829,2025-09-20,Erntemaschine,50416.14,2025-09-26,verloren,,
A002046,K00587,2025-09-24,Gartengeraet,2500.0,2025-10-10,gewonnen,B000728,R000728
A002047,K00693,2025-09-26,Anbaugeraet,5658.74,2025-10-08,verloren,,
A002048,K00829,2025-09-21,Traktor,44385.33,2025-10-17,verloren,,
A002049,K00033,2025-09-20,Anbaugeraet,24510.9,2025-10-02,gewonnen,B000729,R000729
A002050,K00589,2025-09-25,Anbaugeraet,7534.43,2025-10-14,gewonnen,B000730,R000730
A002051,K00458,2025-09-21,Anbaugeraet,5716.88,2025-10-01,gewonnen,B000731,R000731
A002052,K00137,2025-09-20,Anbaugeraet,6789.11,2025-10-17,verloren,,
A002053,K00601,2025-09-20,Erntemaschine,48738.85,2025-10-07,gewonnen,B000732,R000732
A002054,K00152,2025-09-26,Traktor,35554.02,2025-10-05,verloren,,
A002055,K00064,2025-09-25,Anbaugeraet,10422.41,2025-10-07,verfallen,,
A002056,K00655,2025-09-24,Gartengeraet,2634.89,2025-10-02,gewonnen,B000733,R000733
A002057,K00703,2025-09-24,Traktor,41299.08,2025-10-07,gewonnen,B000734,R000734
A002058,K00041,2025-10-03,Traktor,22567.88,2025-10-23,gewonnen,B000735,R000735
A002059,K00458,2025-09-30,Anbaugeraet,4178.15,2025-10-26,verloren,,
A002060,K00432,2025-10-03,Gartengeraet,2500.0,2025-10-09,verfallen,,
A002061,K00424,2025-09-28,Traktor,22674.1,2025-10-20,verloren,,
A002062,K00703,2025-10-02,Erntemaschine,99688.47,2025-10-16,gewonnen,B000736,R000736
A002063,K00231,2025-10-03,Traktor,55169.37,2025-10-13,verloren,,
A002064,K00223,2025-09-27,Gartengeraet,2500.0,2025-10-08,gewonnen,B000737,R000737
A002065,K00458,2025-09-28,Anbaugeraet,4313.46,2025-10-16,verloren,,
A002066,K00618,2025-10-01,Traktor,61242.96,2025-10-12,verloren,,
A002067,K00388,2025-09-30,Kommunaltechnik,24864.52,2025-10-13,gewonnen,B000738,R000738
A002068,K00681,2025-10-01,Anbaugeraet,7980.37,2025-10-22,verloren,,
A002069,K00419,2025-09-30,Gartengeraet,2500.0,2025-10-15,verloren,,
A002070,K00485,2025-10-03,Kommunaltechnik,30419.77,2025-10-16,gewonnen,B000739,R000739
A002071,K00472,2025-10-03,Erntemaschine,50402.18,2025-10-18,verloren,,
A002072,K00045,2025-10-02,Erntemaschine,45456.74,2025-10-13,gewonnen,B000740,R000740
A002073,K00693,2025-09-29,Gartengeraet,6146.85,2025-10-16,gewonnen,B000741,R000741
A002074,K00584,2025-10-01,Traktor,45210.62,2025-10-10,gewonnen,B000742,R000742
A002075,K00600,2025-09-30,Anbaugeraet,7947.84,2025-10-14,verfallen,,
A002076,K00055,2025-09-30,Kommunaltechnik,19277.25,2025-10-15,verloren,,
A002077,K00539,2025-10-03,Gartengeraet,2500.0,2025-10-25,gewonnen,B000743,R000743
A002078,K00829,2025-09-28,Traktor,36436.05,2025-10-08,verfallen,,
A002079,K00792,2025-09-27,Kommunaltechnik,25885.27,2025-10-11,verfallen,,
A002080,K00335,2025-10-02,Traktor,12250.58,2025-10-15,gewonnen,B000744,R000744
A002081,K00151,2025-09-28,Traktor,27931.93,2025-10-07,verfallen,,
A002082,K00329,2025-09-27,Kommunaltechnik,9598.63,2025-10-13,verfallen,,
A002083,K00055,2025-09-28,Traktor,26954.84,2025-10-08,verloren,,
A002084,K00752,2025-09-27,Erntemaschine,55071.31,2025-10-10,gewonnen,B000745,R000745
A002085,K00810,2025-09-29,Anbaugeraet,7987.2,2025-11-08,verloren,,
A002086,K00337,2025-10-07,Anbaugeraet,13045.95,2025-10-23,gewonnen,B000746,R000746
A002087,K00696,2025-10-07,Kommunaltechnik,18313.76,2025-10-25,gewonnen,B000747,R000747
A002088,K00809,2025-10-04,Kommunaltechnik,29712.16,2025-10-15,gewonnen,B000748,R000748
A002089,K00064,2025-10-07,Anbaugeraet,9446.8,2025-10-20,verloren,,
A002090,K00450,2025-10-04,Anbaugeraet,5294.31,2025-10-22,gewonnen,B000749,R000749
A002091,K00073,2025-10-09,Anbaugeraet,7505.13,2025-10-24,gewonnen,B000750,R000750
A002092,K00577,2025-10-05,Traktor,56946.78,2025-11-10,gewonnen,B000751,R000751
A002093,K00537,2025-10-09,Anbaugeraet,7161.88,2025-10-25,gewonnen,B000752,R000752
A002094,K00379,2025-10-06,Traktor,39610.22,2025-10-15,gewonnen,B000753,R000753
A002095,K00007,2025-10-04,Erntemaschine,50348.99,2025-11-01,verfallen,,
A002096,K00154,2025-10-07,Anbaugeraet,8782.45,2025-10-17,verloren,,
A002097,K00770,2025-10-05,Anbaugeraet,10480.25,2025-11-07,gewonnen,B000754,R000754
A002098,K00517,2025-10-10,Gartengeraet,2500.0,2025-10-24,gewonnen,B000755,R000755
A002099,K00757,2025-10-07,Kommunaltechnik,14971.62,2025-10-17,gewonnen,B000756,R000756
A002100,K00610,2025-10-05,Anbaugeraet,12318.94,2025-10-15,verfallen,,
A002101,K00703,2025-10-10,Erntemaschine,67248.87,2025-10-21,verloren,,
A002102,K00445,2025-10-09,Anbaugeraet,9717.54,2025-10-19,verloren,,
A002103,K00346,2025-10-05,Gartengeraet,2500.0,2025-10-11,gewonnen,B000757,R000757
A002104,K00626,2025-10-10,Traktor,21685.07,2025-10-20,gewonnen,B000758,R000758
A002105,K00591,2025-10-12,Traktor,18812.55,2025-10-26,verloren,,
A002106,K00770,2025-10-11,Kommunaltechnik,50434.03,2025-10-30,verloren,,
A002107,K00137,2025-10-14,Kommunaltechnik,10740.44,2025-10-22,verloren,,
A002108,K00471,2025-10-15,Erntemaschine,52246.04,2025-11-05,gewonnen,B000759,R000759
A002109,K00623,2025-10-14,Anbaugeraet,8775.36,2025-10-22,gewonnen,B000760,R000760
A002110,K00703,2025-10-12,Traktor,36574.3,2025-10-23,verloren,,
A002111,K00642,2025-10-13,Anbaugeraet,4581.26,2025-10-28,gewonnen,B000761,R000761
A002112,K00829,2025-10-14,Traktor,44531.36,2025-10-31,verloren,,
A002113,K00564,2025-10-13,Erntemaschine,69673.51,2025-10-29,verloren,,
A002114,K00235,2025-10-15,Erntemaschine,80462.99,2025-11-09,verloren,,
A002115,K00353,2025-10-16,Erntemaschine,26552.62,2025-11-07,verloren,,
A002116,K00703,2025-10-14,Anbaugeraet,11974.59,2025-10-26,verfallen,,
A002117,K00832,2025-10-15,Traktor,29192.64,2025-10-25,verloren,,
A002118,K00133,2025-10-11,Erntemaschine,33038.91,2025-10-28,gewonnen,B000762,R000762
A002119,K00566,2025-10-12,Traktor,31204.91,2025-10-31,verloren,,
A002120,K00602,2025-10-13,Anbaugeraet,13387.21,2025-10-27,verloren,,
A002121,K00379,2025-10-12,Anbaugeraet,19223.35,2025-11-09,gewonnen,B000763,R000763
A002122,K00795,2025-10-16,Kommunaltechnik,11108.48,2025-11-08,gewonnen,B000764,R000764
A002123,K00105,2025-10-16,Traktor,24887.68,2025-10-29,verloren,,
A002124,K00820,2025-10-11,Traktor,31361.5,2025-10-24,gewonnen,B000765,R000765
A002125,K00751,2025-10-23,Traktor,51468.69,2025-11-13,verloren,,
A002126,K00055,2025-10-22,Erntemaschine,53203.37,2025-11-15,gewonnen,B000766,R000766
A002127,K00335,2025-10-23,Gartengeraet,2500.0,2025-10-31,verfallen,,
A002128,K00077,2025-10-23,Kommunaltechnik,29737.91,2025-11-04,gewonnen,B000767,R000767
A002129,K00810,2025-10-21,Anbaugeraet,8035.78,2025-11-08,verloren,,
A002130,K00591,2025-10-24,Gartengeraet,2560.81,2025-11-06,verloren,,
A002131,K00453,2025-10-24,Traktor,26150.12,2025-11-07,gewonnen,B000768,R000768
A002132,K00832,2025-10-23,Erntemaschine,130000.0,2025-10-29,verloren,,
A002133,K00509,2025-10-18,Traktor,27493.06,2025-11-03,verloren,,
A002134,K00007,2025-10-24,Traktor,104561.55,2025-11-13,verfallen,,
A002135,K00703,2025-10-18,Traktor,23682.55,2025-10-29,gewonnen,B000769,R000769
A002136,K00574,2025-10-20,Anbaugeraet,15286.3,2025-11-05,gewonnen,B000770,R000770
A002137,K00792,2025-10-19,Anbaugeraet,9659.46,2025-11-15,gewonnen,B000771,R000771
A002138,K00263,2025-10-23,Anbaugeraet,6524.88,2025-11-07,verloren,,
A002139,K00596,2025-10-18,Anbaugeraet,11440.23,2025-11-16,verloren,,
A002140,K00329,2025-10-20,Anbaugeraet,16956.05,2025-11-08,gewonnen,B000772,R000772
A002141,K00699,2025-10-20,Anbaugeraet,8625.11,2025-11-05,verfallen,,
A002142,K00295,2025-10-20,Anbaugeraet,7949.95,2025-10-28,verloren,,
A002143,K00809,2025-10-20,Kommunaltechnik,22571.59,2025-10-31,verloren,,
A002144,K00137,2025-10-20,Traktor,24278.1,2025-11-09,gewonnen,B000773,R000773
A002145,K00110,2025-10-19,Anbaugeraet,7669.25,2025-11-03,gewonnen,B000774,R000774
A002146,K00055,2025-10-24,Anbaugeraet,11691.9,2025-10-29,gewonnen,B000775,R000775
A002147,K00130,2025-10-20,Anbaugeraet,7025.17,2025-10-28,verloren,,
A002148,K00105,2025-10-28,Kommunaltechnik,19565.8,2025-11-04,verloren,,
A002149,K00560,2025-10-29,Traktor,59736.01,2025-11-12,verloren,,
A002150,K00499,2025-10-28,Anbaugeraet,9528.49,2025-11-12,gewonnen,B000776,R000776
A002151,K00276,2025-10-27,Anbaugeraet,11336.19,2025-11-23,gewonnen,B000777,R000777
A002152,K00693,2025-10-28,Gartengeraet,2500.0,2025-11-15,verfallen,,
A002153,K00610,2025-10-25,Traktor,31292.59,2025-11-04,gewonnen,B000778,R000778
A002154,K00808,2025-10-25,Traktor,34898.92,2025-11-04,verloren,,
A002155,K00591,2025-10-26,Erntemaschine,130000.0,2025-11-17,verloren,,
A002156,K00551,2025-10-29,Traktor,55959.98,2025-11-22,verloren,,
A002157,K00325,2025-10-29,Gartengeraet,2537.1,2025-11-07,gewonnen,B000779,R000779
A002158,K00115,2025-10-27,Erntemaschine,73858.15,2025-11-08,gewonnen,B000780,R000780
A002159,K00766,2025-10-26,Anbaugeraet,15036.67,2025-11-10,verfallen,,
A002160,K00258,2025-10-29,Traktor,27657.4,2025-11-07,verloren,,
A002161,K00829,2025-10-31,Gartengeraet,2613.27,2025-11-07,verloren,,
A002162,K00214,2025-10-28,Gartengeraet,2500.0,2025-11-07,verloren,,
A002163,K00597,2025-10-31,Kommunaltechnik,24506.49,2025-11-17,gewonnen,B000781,R000781
A002164,K00638,2025-10-30,Traktor,14105.84,2025-11-17,gewonnen,B000782,R000782
A002165,K00128,2025-10-29,Anbaugeraet,8870.11,2025-11-18,verfallen,,
A002166,K00488,2025-10-31,Anbaugeraet,9318.61,2025-11-18,verloren,,
A002167,K00356,2025-11-07,Kommunaltechnik,18570.19,2025-11-29,gewonnen,B000783,R000783
A002168,K00003,2025-11-03,Kommunaltechnik,18549.55,2025-11-25,verfallen,,
A002169,K00027,2025-11-07,Anbaugeraet,11379.69,2025-11-29,verloren,,
A002170,K00023,2025-11-02,Erntemaschine,78766.86,2025-11-28,verfallen,,
A002171,K00738,2025-11-04,Gartengeraet,2500.0,2025-11-14,gewonnen,B000784,R000784
A002172,K00703,2025-11-02,Anbaugeraet,18804.74,2025-11-12,verloren,,
A002173,K00473,2025-11-03,Traktor,28235.37,2025-11-23,verloren,,
A002174,K00427,2025-11-01,Erntemaschine,61742.14,2025-11-26,gewonnen,B000785,R000785
A002175,K00348,2025-11-02,Anbaugeraet,29018.06,2025-12-01,verloren,,
A002176,K00041,2025-11-02,Kommunaltechnik,18659.2,2025-11-12,verloren,,
A002177,K00072,2025-11-05,Traktor,35463.59,2025-12-03,gewonnen,B000786,R000786
A002178,K00829,2025-11-03,Erntemaschine,57123.32,2025-12-02,gewonnen,B000787,R000787
A002179,K00066,2025-11-04,Anbaugeraet,8377.87,2025-11-23,verloren,,
A002180,K00752,2025-11-04,Traktor,57372.34,2025-11-15,gewonnen,B000788,R000788
A002181,K00236,2025-11-13,Anbaugeraet,8999.94,2025-11-30,verfallen,,
A002182,K00271,2025-11-11,Anbaugeraet,11159.69,2025-11-25,gewonnen,B000789,R000789
A002183,K00703,2025-11-14,Traktor,21191.59,2025-12-21,verloren,,
A002184,K00829,2025-11-10,Erntemaschine,74023.16,2025-11-24,verloren,,
A002185,K00419,2025-11-12,Traktor,45492.21,2025-12-03,verloren,,
A002186,K00266,2025-11-08,Erntemaschine,85139.39,2025-11-30,verfallen,,
A002187,K00137,2025-11-08,Kommunaltechnik,19620.48,2025-11-20,gewonnen,B000790,R000790
A002188,K00117,2025-11-08,Anbaugeraet,15751.6,2025-11-17,verloren,,
A002189,K00550,2025-11-13,Kommunaltechnik,31069.89,2025-11-26,gewonnen,B000791,R000791
A002190,K00379,2025-11-11,Kommunaltechnik,29397.75,2025-11-27,verloren,,
A002191,K00485,2025-11-12,Anbaugeraet,20449.8,2025-11-17,verloren,,
A002192,K00703,2025-11-14,Anbaugeraet,17027.28,2025-11-22,gewonnen,B000792,R000792
A002193,K00620,2025-11-10,Kommunaltechnik,19880.25,2025-12-04,gewonnen,B000793,R000793
A002194,K00276,2025-11-12,Traktor,15544.3,2025-12-10,gewonnen,B000794,R000794
A002195,K00425,2025-11-10,Anbaugeraet,12957.56,2025-11-29,verloren,,
A002196,K00829,2025-11-14,Traktor,50452.67,2025-11-25,verfallen,,
A002197,K00127,2025-11-11,Anbaugeraet,3406.69,2025-11-30,verloren,,
A002198,K00703,2025-11-12,Anbaugeraet,8248.64,2025-11-24,gewonnen,B000795,R000795
A002199,K00228,2025-11-09,Kommunaltechnik,38235.58,2025-11-30,verloren,,
A002200,K00197,2025-11-19,Anbaugeraet,11106.89,2025-12-15,gewonnen,B000796,R000796
A002201,K00752,2025-11-17,Traktor,33590.21,2025-11-30,verfallen,,
A002202,K00405,2025-11-15,Traktor,26993.52,2025-11-27,verloren,,
A002203,K00616,2025-11-16,Anbaugeraet,3895.31,2025-12-02,gewonnen,B000797,R000797
A002204,K00471,2025-11-21,Traktor,32976.15,2025-12-22,gewonnen,B000798,R000798
A002205,K00505,2025-11-16,Anbaugeraet,5744.37,2025-11-26,gewonnen,B000799,R000799
A002206,K00845,2025-11-16,Kommunaltechnik,21134.24,2025-12-03,verloren,,
A002207,K00829,2025-11-15,Anbaugeraet,8652.84,2025-11-27,gewonnen,B000800,R000800
A002208,K00341,2025-11-24,Gartengeraet,2500.0,2025-12-05,verloren,,
A002209,K00118,2025-11-25,Anbaugeraet,7973.84,2025-12-04,verfallen,,
A002210,K00152,2025-11-27,Kommunaltechnik,41865.38,2025-12-28,gewonnen,B000801,R000801
A002211,K00271,2025-11-26,Traktor,32907.3,2025-12-24,verloren,,
A002212,K00398,2025-11-24,Traktor,27044.25,2025-12-01,gewonnen,B000802,R000802
A002213,K00577,2025-11-23,Traktor,39332.55,2025-12-01,verloren,,
A002214,K00652,2025-11-22,Erntemaschine,86202.07,2025-12-02,gewonnen,B000803,R000803
A002215,K00693,2025-11-24,Anbaugeraet,3913.01,2025-12-20,gewonnen,B000804,R000804
A002216,K00832,2025-11-25,Erntemaschine,67534.7,2025-12-07,verloren,,
A002217,K00445,2025-11-28,Anbaugeraet,5393.22,2025-12-17,verloren,,
A002218,K00829,2025-11-22,Anbaugeraet,5514.92,2025-12-08,verloren,,
A002219,K00703,2025-11-25,Gartengeraet,2500.0,2025-12-10,verloren,,
A002220,K00419,2025-11-25,Traktor,19507.89,2025-12-07,gewonnen,B000805,R000805
A002221,K00110,2025-11-22,Anbaugeraet,4367.85,2025-11-29,verloren,,
A002222,K00339,2025-12-01,Kommunaltechnik,43597.66,2025-12-11,verloren,,
A002223,K00167,2025-12-02,Kommunaltechnik,24317.29,2025-12-12,verloren,,
A002224,K00337,2025-11-29,Kommunaltechnik,25314.03,2025-12-09,verloren,,
A002225,K00367,2025-12-02,Gartengeraet,2500.0,2025-12-22,verloren,,
A002226,K00463,2025-11-30,Gartengeraet,2500.0,2025-12-28,verloren,,
A002227,K00523,2025-12-04,Anbaugeraet,7763.11,2025-12-18,gewonnen,B000806,R000806
A002228,K00703,2025-12-04,Anbaugeraet,7982.89,2025-12-14,verloren,,
A002229,K00555,2025-12-04,Anbaugeraet,12404.11,2025-12-15,gewonnen,B000807,R000807
A002230,K00778,2025-12-02,Gartengeraet,2500.0,2025-12-12,gewonnen,B000808,R000808
A002231,K00687,2025-11-30,Traktor,106763.8,2025-12-07,verfallen,,
A002232,K00451,2025-11-30,Kommunaltechnik,25043.17,2025-12-21,verloren,,
A002233,K00816,2025-12-05,Erntemaschine,81307.02,2025-12-25,verloren,,
A002234,K00829,2025-12-10,Anbaugeraet,5080.83,2025-12-18,verloren,,
A002235,K00034,2025-12-07,Kommunaltechnik,39161.14,2025-12-31,verfallen,,
A002236,K00703,2025-12-07,Kommunaltechnik,23504.11,2025-12-27,verloren,,
A002237,K00699,2025-12-08,Kommunaltechnik,23166.41,2025-12-27,gewonnen,B000809,R000809
A002238,K00829,2025-12-11,Traktor,88106.76,2025-12-24,verloren,,
A002239,K00699,2025-12-08,Gartengeraet,2500.0,2025-12-19,verfallen,,
A002240,K00055,2025-12-18,Kommunaltechnik,16751.86,2026-01-05,verloren,,
A002241,K00837,2025-12-13,Anbaugeraet,11616.97,2026-01-01,verloren,,
A002242,K00043,2025-12-18,Anbaugeraet,7747.55,2025-12-29,verloren,,
A002243,K00703,2025-12-19,Kommunaltechnik,10326.99,2025-12-31,verfallen,,
A002244,K00758,2025-12-18,Traktor,17505.57,2025-12-28,verloren,,
A002245,K00394,2025-12-24,Anbaugeraet,8785.41,2026-01-06,verloren,,
A002246,K00243,2025-12-22,Anbaugeraet,22839.09,2026-01-06,verloren,,
A002247,K00331,2025-12-20,Anbaugeraet,4047.47,2026-01-10,gewonnen,B000810,R000810
A002248,K00593,2025-12-22,Gartengeraet,4593.4,2026-01-12,verloren,,
A002249,K00757,2025-12-25,Anbaugeraet,13414.15,2026-01-07,gewonnen,B000811,R000811
A002250,K00313,2025-12-25,Anbaugeraet,7333.84,2026-01-03,verloren,,
A002251,K00364,2025-12-20,Traktor,37655.87,2026-01-13,verloren,,
A002252,K00419,2025-12-21,Anbaugeraet,4765.21,2026-01-01,verloren,,
A002253,K00055,2025-12-25,Traktor,47550.78,2026-01-17,gewonnen,B000812,R000812
A002254,K00024,2025-12-27,Anbaugeraet,4583.94,2026-01-06,verloren,,
A002255,K00703,2026-01-02,Traktor,26471.63,2026-01-14,gewonnen,B000813,R000813
A002256,K00600,2025-12-28,Gartengeraet,3638.34,2026-01-05,verloren,,
A002257,K00727,2026-01-01,Traktor,15111.01,2026-01-10,gewonnen,B000814,R000814
A002258,K00087,2026-01-02,Anbaugeraet,11042.23,2026-01-10,verloren,,
A002259,K00318,2025-12-31,Anbaugeraet,5053.33,2026-01-17,verloren,,
A002260,K00703,2025-12-28,Traktor,61500.34,2026-01-04,verfallen,,
A002261,K00614,2025-12-28,Traktor,23552.23,2026-01-22,verfallen,,
A002262,K00735,2026-01-01,Kommunaltechnik,24526.15,2026-02-01,verloren,,
A002263,K00290,2025-12-27,Erntemaschine,61048.35,2026-01-06,verfallen,,
A002264,K00703,2025-12-29,Traktor,40844.31,2026-01-06,verloren,,
A002265,K00703,2026-01-02,Erntemaschine,53713.76,2026-01-23,gewonnen,B000815,R000815
A002266,K00743,2025-12-31,Gartengeraet,2500.0,2026-01-15,verfallen,,
A002267,K00603,2026-01-01,Gartengeraet,3483.2,2026-01-21,gewonnen,B000816,R000816
A002268,K00255,2025-12-30,Anbaugeraet,7874.17,2026-02-08,verfallen,,
A002269,K00432,2026-01-07,Kommunaltechnik,34376.99,2026-01-15,gewonnen,B000817,R000817
A002270,K00703,2026-01-09,Kommunaltechnik,35979.0,2026-01-20,gewonnen,B000818,R000818
A002271,K00001,2026-01-04,Anbaugeraet,9833.31,2026-01-14,gewonnen,B000819,R000819
A002272,K00419,2026-01-08,Traktor,17263.25,2026-01-25,verloren,,
A002273,K00413,2026-01-06,Anbaugeraet,8789.18,2026-01-11,verloren,,
A002274,K00618,2026-01-04,Anbaugeraet,24133.21,2026-01-23,verloren,,
A002275,K00514,2026-01-07,Anbaugeraet,5754.9,2026-01-23,verfallen,,
A002276,K00083,2026-01-10,Anbaugeraet,9812.17,2026-01-25,verfallen,,
A002277,K00611,2026-01-13,Anbaugeraet,7643.77,2026-01-30,verfallen,,
A002278,K00263,2026-01-14,Erntemaschine,37609.53,2026-02-16,verfallen,,
A002279,K00134,2026-01-15,Erntemaschine,56955.45,2026-02-05,verloren,,
A002280,K00638,2026-01-11,Traktor,19366.91,2026-01-21,verloren,,
A002281,K00518,2026-01-10,Erntemaschine,49338.8,2026-01-18,gewonnen,B000820,R000820
A002282,K00055,2026-01-15,Traktor,12688.27,2026-01-27,gewonnen,B000821,R000821
A002283,K00703,2026-01-16,Erntemaschine,58693.18,2026-02-07,verloren,,
A002284,K00607,2026-01-10,Anbaugeraet,10570.16,2026-01-25,gewonnen,B000822,R000822
A002285,K00374,2026-01-19,Anbaugeraet,12839.9,2026-02-03,verloren,,
A002286,K00134,2026-01-21,Anbaugeraet,8610.09,2026-02-01,gewonnen,B000823,R000823
A002287,K00319,2026-01-22,Traktor,52718.34,2026-03-03,verloren,,
A002288,K00280,2026-01-17,Kommunaltechnik,19736.77,2026-02-08,verloren,,
A002289,K00829,2026-01-22,Erntemaschine,86858.85,2026-02-03,gewonnen,B000824,R000824
A002290,K00346,2026-01-18,Gartengeraet,2500.0,2026-01-26,gewonnen,B000825,R000825
A002291,K00492,2026-01-29,Kommunaltechnik,25260.15,2026-02-13,verloren,,
A002292,K00354,2026-01-27,Traktor,19207.85,2026-02-13,verloren,,
A002293,K00761,2026-01-29,Erntemaschine,45646.22,2026-02-12,verloren,,
A002294,K00072,2026-01-25,Traktor,24494.21,2026-02-13,verloren,,
A002295,K00699,2026-01-26,Anbaugeraet,9152.48,2026-02-01,gewonnen,B000826,R000826
A002296,K00182,2026-01-24,Traktor,85840.48,2026-02-07,gewonnen,B000827,R000827
A002297,K00751,2026-01-30,Kommunaltechnik,15538.5,2026-02-13,gewonnen,B000828,R000828
A002298,K00829,2026-01-30,Kommunaltechnik,19877.32,2026-02-19,verloren,,
A002299,K00551,2026-01-26,Erntemaschine,81109.11,2026-02-20,verloren,,
A002300,K00001,2026-01-27,Gartengeraet,2500.0,2026-02-19,verloren,,
A002301,K00092,2026-01-24,Anbaugeraet,6466.8,2026-02-16,verloren,,
A002302,K00156,2026-01-24,Traktor,15829.01,2026-02-10,verloren,,
A002303,K00577,2026-01-29,Erntemaschine,84447.94,2026-02-09,verloren,,
A002304,K00587,2026-02-02,Anbaugeraet,6986.92,2026-02-19,gewonnen,B000829,R000829
A002305,K00433,2026-02-06,Anbaugeraet,9188.36,2026-02-13,verfallen,,
A002306,K00620,2026-01-31,Anbaugeraet,8786.57,2026-03-05,verfallen,,
A002307,K00159,2026-01-31,Erntemaschine,51832.53,2026-02-21,gewonnen,B000830,R000830
A002308,K00703,2026-02-01,Anbaugeraet,7722.01,2026-02-15,gewonnen,B000831,R000831
A002309,K00738,2026-02-06,Traktor,38458.32,2026-02-19,verfallen,,
A002310,K00813,2026-02-04,Kommunaltechnik,36369.69,2026-02-21,gewonnen,B000832,R000832
A002311,K00047,2026-02-06,Traktor,13823.86,2026-02-27,verloren,,
A002312,K00130,2026-02-01,Kommunaltechnik,29782.53,2026-02-27,gewonnen,B000833,R000833
A002313,K00367,2026-02-07,Traktor,30988.62,2026-02-17,gewonnen,B000834,R000834
A002314,K00375,2026-02-11,Kommunaltechnik,49805.87,2026-02-27,verloren,,
A002315,K00564,2026-02-11,Anbaugeraet,6512.13,2026-03-02,verfallen,,
A002316,K00029,2026-02-09,Traktor,25653.04,2026-02-20,verloren,,
A002317,K00829,2026-02-13,Anbaugeraet,13594.97,2026-02-24,verloren,,
A002318,K00135,2026-02-09,Erntemaschine,78943.25,2026-03-14,verloren,,
A002319,K00829,2026-02-13,Kommunaltechnik,76848.61,2026-03-10,gewonnen,B000835,R000835
A002320,K00364,2026-02-08,Erntemaschine,41915.94,2026-02-18,verloren,,
A002321,K00013,2026-02-12,Anbaugeraet,12326.56,2026-02-18,verfallen,,
A002322,K00451,2026-02-07,Gartengeraet,3695.69,2026-02-14,verloren,,
A002323,K00137,2026-02-11,Anbaugeraet,3491.29,2026-03-01,gewonnen,B000836,R000836
A002324,K00563,2026-02-08,Traktor,41643.17,2026-02-23,verloren,,
A002325,K00666,2026-02-07,Anbaugeraet,12999.1,2026-02-21,verloren,,
A002326,K00693,2026-02-09,Erntemaschine,23445.61,2026-03-09,verfallen,,
A002327,K00693,2026-02-08,Traktor,61269.89,2026-02-25,verfallen,,
A002328,K00693,2026-02-10,Kommunaltechnik,20198.29,2026-03-13,gewonnen,B000837,R000837
A002329,K00080,2026-02-08,Kommunaltechnik,20389.33,2026-02-27,verloren,,
A002330,K00829,2026-02-08,Erntemaschine,130000.0,2026-03-10,verloren,,
A002331,K00703,2026-02-07,Kommunaltechnik,16083.33,2026-02-12,verloren,,
A002332,K00620,2026-02-16,Traktor,51245.69,2026-03-04,verloren,,
A002333,K00776,2026-02-14,Traktor,33652.02,2026-03-26,gewonnen,B000838,R000838
A002334,K00172,2026-02-14,Anbaugeraet,9283.54,2026-03-01,verloren,,
A002335,K00156,2026-02-17,Anbaugeraet,13721.31,2026-02-28,gewonnen,B000839,R000839
A002336,K00429,2026-02-20,Traktor,20684.0,2026-03-15,gewonnen,B000840,R000840
A002337,K00410,2026-02-27,Anbaugeraet,5992.84,2026-03-15,gewonnen,B000841,R000841
A002338,K00419,2026-02-22,Anbaugeraet,4221.66,2026-03-03,verloren,,
A002339,K00551,2026-02-24,Traktor,24920.21,2026-03-03,verfallen,,
A002340,K00104,2026-02-26,Traktor,53216.15,2026-03-08,gewonnen,B000842,R000842
A002341,K00286,2026-02-23,Gartengeraet,2500.0,2026-03-01,verloren,,
A002342,K00040,2026-02-21,Kommunaltechnik,34502.85,2026-03-31,gewonnen,B000843,R000843
A002343,K00199,2026-02-21,Erntemaschine,36832.79,2026-03-21,verfallen,,
A002344,K00631,2026-02-24,Kommunaltechnik,16479.45,2026-03-13,verfallen,,
A002345,K00419,2026-02-24,Erntemaschine,89950.88,2026-03-08,verloren,,
A002346,K00479,2026-02-26,Traktor,104713.41,2026-03-17,verfallen,,
A002347,K00079,2026-02-21,Erntemaschine,50275.53,2026-02-28,gewonnen,B000844,R000844
A002348,K00244,2026-03-06,Kommunaltechnik,24361.19,2026-03-22,verfallen,,
A002349,K00413,2026-03-03,Traktor,40937.5,2026-03-16,verloren,,
A002350,K00078,2026-03-02,Kommunaltechnik,24691.76,2026-03-10,verloren,,
A002351,K00079,2026-03-01,Anbaugeraet,9601.29,2026-03-15,gewonnen,B000845,R000845
A002352,K00064,2026-03-03,Kommunaltechnik,22142.05,2026-03-14,verloren,,
A002353,K00458,2026-03-06,Anbaugeraet,5655.73,2026-03-15,verloren,,
A002354,K00680,2026-03-01,Gartengeraet,4934.65,2026-03-15,gewonnen,B000846,R000846
A002355,K00600,2026-03-04,Kommunaltechnik,17925.45,2026-03-13,verloren,,
A002356,K00750,2026-03-04,Erntemaschine,66436.3,2026-03-15,verfallen,,
A002357,K00793,2026-03-11,Gartengeraet,4279.69,2026-03-28,verloren,,
A002358,K00829,2026-03-10,Anbaugeraet,7236.55,2026-03-26,gewonnen,B000847,R000847
A002359,K00463,2026-03-12,Anbaugeraet,7647.28,2026-03-19,gewonnen,B000848,R000848
A002360,K00652,2026-03-12,Erntemaschine,80178.55,2026-03-17,verloren,,
A002361,K00525,2026-03-10,Gartengeraet,2500.0,2026-04-03,verloren,,
A002362,K00832,2026-03-13,Traktor,44146.63,2026-04-22,verloren,,
A002363,K00757,2026-03-11,Anbaugeraet,8085.93,2026-04-03,gewonnen,B000849,R000849
A002364,K00829,2026-03-08,Kommunaltechnik,13140.52,2026-03-18,verloren,,
A002365,K00842,2026-03-10,Erntemaschine,48204.76,2026-03-22,verloren,,
A002366,K00832,2026-03-07,Kommunaltechnik,17819.91,2026-03-31,verfallen,,
A002367,K00374,2026-03-08,Traktor,20147.12,2026-03-27,gewonnen,B000850,R000850
A002368,K00234,2026-03-10,Gartengeraet,2500.0,2026-03-22,verloren,,
A002369,K00138,2026-03-09,Traktor,15401.04,2026-03-17,gewonnen,B000851,R000851
A002370,K00703,2026-03-09,Erntemaschine,63991.01,2026-03-14,gewonnen,B000852,R000852
A002371,K00654,2026-03-07,Erntemaschine,85513.22,2026-03-18,verloren,,
A002372,K00673,2026-03-12,Traktor,37915.09,2026-03-26,gewonnen,B000853,R000853
A002373,K00551,2026-03-10,Traktor,90172.62,2026-03-21,verloren,,
A002374,K00234,2026-03-11,Traktor,43620.37,2026-03-27,verloren,,
A002375,K00703,2026-03-10,Anbaugeraet,7243.09,2026-04-10,verloren,,
A002376,K00580,2026-03-08,Traktor,31919.87,2026-03-13,verloren,,
A002377,K00068,2026-03-12,Kommunaltechnik,17781.06,2026-03-25,gewonnen,B000854,R000854
A002378,K00679,2026-03-07,Traktor,38819.1,2026-04-16,gewonnen,B000855,R000855
A002379,K00123,2026-03-08,Erntemaschine,40767.42,2026-03-26,gewonnen,B000856,R000856
A002380,K00137,2026-03-10,Erntemaschine,60866.94,2026-04-16,verfallen,,
A002381,K00703,2026-03-10,Traktor,33779.24,2026-04-05,verloren,,
A002382,K00620,2026-03-20,Kommunaltechnik,35073.38,2026-04-08,gewonnen,B000857,R000857
A002383,K00565,2026-03-14,Gartengeraet,3213.23,2026-04-01,gewonnen,B000858,R000858
A002384,K00180,2026-03-19,Gartengeraet,2500.0,2026-03-30,verloren,,
A002385,K00391,2026-03-14,Anbaugeraet,7550.67,2026-03-20,gewonnen,B000859,R000859
A002386,K00421,2026-03-14,Traktor,23704.16,2026-03-20,verloren,,
A002387,K00024,2026-03-17,Gartengeraet,2500.0,2026-04-01,verfallen,,
A002388,K00600,2026-03-20,Erntemaschine,66458.37,2026-04-05,gewonnen,B000860,R000860
A002389,K00728,2026-03-17,Traktor,39799.39,2026-04-24,gewonnen,B000861,R000861
A002390,K00846,2026-03-14,Kommunaltechnik,15623.28,2026-03-24,verfallen,,
A002391,K00508,2026-03-18,Anbaugeraet,12903.57,2026-04-06,gewonnen,B000862,R000862
A002392,K00316,2026-03-16,Anbaugeraet,14707.7,2026-04-02,gewonnen,B000863,R000863
A002393,K00535,2026-03-18,Erntemaschine,52201.9,2026-04-04,gewonnen,B000864,R000864
A002394,K00348,2026-03-18,Traktor,23910.98,2026-04-04,gewonnen,B000865,R000865
A002395,K00516,2026-03-20,Anbaugeraet,7881.51,2026-03-29,verloren,,
A002396,K00839,2026-03-17,Anbaugeraet,11666.5,2026-03-31,verloren,,
A002397,K00432,2026-03-18,Kommunaltechnik,39887.88,2026-04-26,verfallen,,
A002398,K00837,2026-03-15,Gartengeraet,2500.0,2026-04-02,verloren,,
A002399,K00209,2026-03-18,Anbaugeraet,17291.46,2026-04-09,verfallen,,
A002400,K00132,2026-03-27,Traktor,42104.94,2026-04-22,gewonnen,B000866,R000866
A002401,K00733,2026-03-23,Traktor,42481.07,2026-04-03,gewonnen,B000867,R000867
A002402,K00419,2026-03-22,Erntemaschine,38934.39,2026-04-08,verfallen,,
A002403,K00169,2026-03-23,Anbaugeraet,20967.3,2026-04-12,gewonnen,B000868,R000868
A002404,K00374,2026-03-26,Anbaugeraet,3661.42,2026-04-04,verfallen,,
A002405,K00500,2026-03-26,Gartengeraet,2500.0,2026-04-14,gewonnen,B000869,R000869
A002406,K00752,2026-03-21,Anbaugeraet,5917.43,2026-03-26,verloren,,
A002407,K00348,2026-03-25,Anbaugeraet,9480.85,2026-04-06,verloren,,
A002408,K00414,2026-03-24,Traktor,44255.84,2026-04-12,verloren,,
A002409,K00362,2026-03-21,Erntemaschine,74577.76,2026-04-05,verloren,,
A002410,K00250,2026-03-27,Erntemaschine,30970.09,2026-05-02,verfallen,,
A002411,K00751,2026-03-26,Gartengeraet,2924.43,2026-04-06,gewonnen,B000870,R000870
A002412,K00137,2026-03-23,Anbaugeraet,16792.65,2026-04-11,verloren,,
A002413,K00793,2026-03-24,Kommunaltechnik,25290.33,2026-04-11,gewonnen,B000871,R000871
A002414,K00843,2026-03-23,Anbaugeraet,6076.21,2026-04-09,gewonnen,B000872,R000872
A002415,K00750,2026-03-27,Anbaugeraet,10163.6,2026-04-03,verloren,,
A002416,K00493,2026-03-27,Anbaugeraet,8096.01,2026-05-03,verloren,,
A002417,K00752,2026-03-27,Anbaugeraet,8233.54,2026-04-06,verloren,,
A002418,K00038,2026-03-30,Traktor,25154.43,2026-04-09,verloren,,
A002419,K00048,2026-03-28,Anbaugeraet,16163.93,2026-04-04,gewonnen,B000873,R000873
A002420,K00808,2026-04-02,Anbaugeraet,13361.44,2026-04-20,verloren,,
A002421,K00458,2026-03-30,Traktor,49687.09,2026-04-06,gewonnen,B000874,R000874
A002422,K00333,2026-03-30,Traktor,44640.07,2026-04-09,verloren,,
A002423,K00141,2026-04-01,Anbaugeraet,10033.12,2026-04-29,verloren,,
A002424,K00703,2026-03-28,Traktor,45548.98,2026-04-13,verloren,,
A002425,K00285,2026-04-03,Anbaugeraet,11464.01,2026-04-12,verfallen,,
A002426,K00236,2026-04-01,Traktor,17604.8,2026-04-30,verfallen,,
A002427,K00752,2026-04-02,Traktor,17841.38,2026-04-24,verfallen,,
A002428,K00694,2026-03-29,Kommunaltechnik,30670.17,2026-04-17,verloren,,
A002429,K00154,2026-03-30,Kommunaltechnik,9922.34,2026-04-14,verfallen,,
A002430,K00565,2026-03-31,Anbaugeraet,8564.94,2026-04-14,gewonnen,B000875,R000875
A002431,K00520,2026-04-01,Kommunaltechnik,38746.09,2026-04-24,verloren,,
A002432,K00610,2026-03-31,Traktor,41875.38,2026-04-06,gewonnen,B000876,R000876
A002433,K00480,2026-04-03,Traktor,31469.1,2026-04-11,verloren,,
A002434,K00757,2026-03-28,Gartengeraet,3205.03,2026-04-16,gewonnen,B000877,R000877
A002435,K00073,2026-03-30,Anbaugeraet,8023.58,2026-04-07,verloren,,
A002436,K00419,2026-03-30,Traktor,25181.11,2026-04-24,verfallen,,
A002437,K00703,2026-04-03,Kommunaltechnik,41466.07,2026-04-19,verloren,,
A002438,K00738,2026-04-02,Erntemaschine,24580.86,2026-04-21,gewonnen,B000878,R000878
A002439,K00463,2026-03-31,Kommunaltechnik,21637.31,2026-04-10,gewonnen,B000879,R000879
A002440,K00699,2026-04-01,Traktor,31871.99,2026-04-12,gewonnen,B000880,R000880
A002441,K00380,2026-03-31,Anbaugeraet,13011.74,2026-04-13,gewonnen,B000881,R000881
A002442,K00574,2026-03-29,Erntemaschine,109805.89,2026-04-30,verloren,,
A002443,K00414,2026-03-31,Erntemaschine,68778.33,2026-04-10,gewonnen,B000882,R000882
A002444,K00538,2026-04-10,Kommunaltechnik,41411.89,2026-04-24,gewonnen,B000883,R000883
A002445,K00379,2026-04-06,Kommunaltechnik,32772.7,2026-04-22,verloren,,
A002446,K00210,2026-04-07,Anbaugeraet,10640.64,2026-04-16,verloren,,
A002447,K00375,2026-04-06,Traktor,36643.04,2026-04-18,verfallen,,
A002448,K00414,2026-04-10,Kommunaltechnik,44044.77,2026-05-05,verloren,,
A002449,K00064,2026-04-09,Anbaugeraet,9445.44,2026-04-29,verloren,,
A002450,K00777,2026-04-09,Kommunaltechnik,34995.03,2026-04-24,gewonnen,B000884,R000884
A002451,K00499,2026-04-05,Anbaugeraet,11373.26,2026-04-14,gewonnen,B000885,R000885
A002452,K00698,2026-04-06,Erntemaschine,43191.74,2026-04-17,gewonnen,B000886,R000886
A002453,K00732,2026-04-06,Erntemaschine,63664.69,2026-04-12,gewonnen,B000887,R000887
A002454,K00793,2026-04-06,Anbaugeraet,4173.63,2026-04-15,gewonnen,B000888,R000888
A002455,K00339,2026-04-09,Anbaugeraet,20218.57,2026-04-30,verfallen,,
A002456,K00210,2026-04-06,Traktor,22049.99,2026-04-28,verloren,,
A002457,K00106,2026-04-08,Traktor,61385.9,2026-04-23,gewonnen,B000889,R000889
A002458,K00190,2026-04-06,Traktor,35202.27,2026-04-29,gewonnen,B000890,R000890
A002459,K00610,2026-04-08,Anbaugeraet,11562.95,2026-04-22,verfallen,,
A002460,K00445,2026-04-08,Anbaugeraet,7336.26,2026-04-15,verloren,,
A002461,K00721,2026-04-10,Anbaugeraet,7798.53,2026-04-23,gewonnen,B000891,R000891
A002462,K00829,2026-04-08,Anbaugeraet,8051.86,2026-04-19,gewonnen,B000892,R000892
A002463,K00263,2026-04-07,Anbaugeraet,8461.62,2026-04-25,gewonnen,B000893,R000893
A002464,K00626,2026-04-12,Erntemaschine,67806.48,2026-05-22,verloren,,
A002465,K00756,2026-04-13,Anbaugeraet,10937.57,2026-04-26,verloren,,
A002466,K00463,2026-04-17,Traktor,34673.08,2026-04-25,verloren,,
A002467,K00463,2026-04-15,Anbaugeraet,6669.72,2026-04-29,verloren,,
A002468,K00130,2026-04-11,Traktor,16844.88,2026-05-03,verloren,,
A002469,K00762,2026-04-12,Anbaugeraet,10730.62,2026-04-26,verloren,,
A002470,K00055,2026-04-12,Erntemaschine,40889.21,2026-04-29,gewonnen,B000894,R000894
A002471,K00636,2026-04-15,Anbaugeraet,4277.51,2026-04-24,verloren,,
A002472,K00157,2026-04-11,Kommunaltechnik,32184.62,2026-04-24,gewonnen,B000895,R000895
A002473,K00776,2026-04-12,Erntemaschine,41661.97,2026-04-28,verloren,,
A002474,K00589,2026-04-17,Kommunaltechnik,24852.44,2026-04-30,gewonnen,B000896,R000896
A002475,K00100,2026-04-11,Anbaugeraet,5040.71,2026-04-20,verloren,,
A002476,K00522,2026-04-15,Gartengeraet,2500.0,2026-04-26,gewonnen,B000897,R000897
A002477,K00261,2026-04-15,Anbaugeraet,18671.78,2026-04-22,gewonnen,B000898,R000898
A002478,K00375,2026-04-14,Kommunaltechnik,22024.45,2026-05-06,verloren,,
A002479,K00656,2026-04-14,Gartengeraet,3572.75,2026-04-27,gewonnen,B000899,R000899
A002480,K00419,2026-04-14,Erntemaschine,84900.16,2026-05-10,gewonnen,B000900,R000900
A002481,K00039,2026-04-12,Kommunaltechnik,25196.92,2026-05-11,gewonnen,B000901,R000901
A002482,K00660,2026-04-13,Traktor,41540.15,2026-05-03,verfallen,,
A002483,K00073,2026-04-17,Anbaugeraet,9460.47,2026-04-29,gewonnen,B000902,R000902
A002484,K00656,2026-04-15,Kommunaltechnik,26069.28,2026-05-01,verloren,,
A002485,K00294,2026-04-17,Traktor,30292.0,2026-04-25,gewonnen,B000903,R000903
A002486,K00339,2026-04-16,Anbaugeraet,11560.23,2026-04-27,verloren,,
A002487,K00251,2026-04-11,Kommunaltechnik,14245.73,2026-04-21,verfallen,,
A002488,K00413,2026-04-14,Anbaugeraet,7396.15,2026-05-08,gewonnen,B000904,R000904
A002489,K00102,2026-04-15,Erntemaschine,37910.8,2026-05-03,verfallen,,
A002490,K00427,2026-04-12,Erntemaschine,79535.99,2026-05-01,gewonnen,B000905,R000905
A002491,K00648,2026-04-12,Erntemaschine,58767.93,2026-04-25,verloren,,
A002492,K00610,2026-04-20,Traktor,24858.83,2026-05-01,gewonnen,B000906,R000906
A002493,K00498,2026-04-21,Traktor,22560.79,2026-05-03,verloren,,
A002494,K00638,2026-04-19,Erntemaschine,54117.03,2026-05-08,gewonnen,B000907,R000907
A002495,K00829,2026-04-21,Kommunaltechnik,41510.5,2026-05-16,verfallen,,
A002496,K00338,2026-04-24,Erntemaschine,62065.36,2026-05-21,verloren,,
A002497,K00058,2026-04-19,Kommunaltechnik,15597.8,2026-05-06,gewonnen,B000908,R000908
A002498,K00780,2026-04-20,Erntemaschine,53956.44,2026-05-05,verfallen,,
A002499,K00539,2026-04-18,Traktor,35946.29,2026-04-30,gewonnen,B000909,R000909
A002500,K00413,2026-04-22,Traktor,26961.65,2026-05-16,gewonnen,B000910,R000910
A002501,K00750,2026-04-19,Traktor,30104.38,2026-04-26,verloren,,
A002502,K00154,2026-04-23,Traktor,29664.6,2026-05-05,gewonnen,B000911,R000911
A002503,K00703,2026-04-24,Traktor,29517.41,2026-05-08,gewonnen,B000912,R000912
A002504,K00713,2026-04-22,Traktor,21824.86,2026-04-29,verloren,,
A002505,K00263,2026-04-24,Traktor,59224.11,2026-05-05,gewonnen,B000913,R000913
A002506,K00693,2026-04-19,Traktor,39835.96,2026-05-14,gewonnen,B000914,R000914
A002507,K00820,2026-04-21,Anbaugeraet,10572.12,2026-05-04,verloren,,
A002508,K00433,2026-04-19,Anbaugeraet,5537.86,2026-04-27,verloren,,
A002509,K00236,2026-04-21,Traktor,42266.21,2026-05-11,verloren,,
A002510,K00607,2026-04-18,Gartengeraet,2500.0,2026-05-04,verloren,,
A002511,K00753,2026-04-21,Traktor,20850.08,2026-05-07,gewonnen,B000915,R000915
A002512,K00353,2026-04-28,Traktor,20543.37,2026-06-06,verloren,,
A002513,K00741,2026-05-01,Erntemaschine,38246.2,2026-05-15,verloren,,
A002514,K00080,2026-04-25,Kommunaltechnik,19047.16,2026-05-06,verloren,,
A002515,K00041,2026-04-25,Anbaugeraet,8514.06,2026-05-09,verloren,,
A002516,K00829,2026-04-27,Kommunaltechnik,39032.73,2026-05-17,verloren,,
A002517,K00482,2026-04-25,Erntemaschine,72695.12,2026-05-13,verloren,,
A002518,K00696,2026-04-30,Kommunaltechnik,41797.31,2026-05-08,gewonnen,B000916,R000916
A002519,K00348,2026-04-26,Erntemaschine,27960.16,2026-05-04,gewonnen,B000917,R000917
A002520,K00456,2026-04-26,Anbaugeraet,7652.0,2026-05-20,gewonnen,B000918,R000918
A002521,K00577,2026-04-26,Anbaugeraet,6345.91,2026-05-14,gewonnen,B000919,R000919
A002522,K00146,2026-04-25,Anbaugeraet,15841.03,2026-05-23,verloren,,
A002523,K00657,2026-04-26,Anbaugeraet,10157.07,2026-06-05,gewonnen,B000920,R000920
A002524,K00348,2026-04-26,Anbaugeraet,3804.59,2026-05-01,gewonnen,B000921,R000921
A002525,K00752,2026-04-30,Anbaugeraet,7583.98,2026-05-12,verfallen,,
A002526,K00434,2026-04-29,Anbaugeraet,7490.29,2026-05-16,gewonnen,B000922,R000922
A002527,K00445,2026-05-01,Anbaugeraet,7048.98,2026-05-08,verloren,,
A002528,K00445,2026-04-29,Anbaugeraet,9056.36,2026-05-15,gewonnen,B000923,R000923
A002529,K00290,2026-04-27,Anbaugeraet,10135.56,2026-05-03,verloren,,
A002530,K00493,2026-04-30,Traktor,27524.98,2026-05-17,gewonnen,B000924,R000924
A002531,K00154,2026-05-01,Anbaugeraet,6908.25,2026-05-15,gewonnen,B000925,R000925
A002532,K00178,2026-04-29,Kommunaltechnik,35850.24,2026-05-11,verloren,,
A002533,K00219,2026-05-01,Traktor,36732.99,2026-05-11,verfallen,,
A002534,K00514,2026-04-30,Gartengeraet,2500.0,2026-05-07,gewonnen,B000926,R000926
A002535,K00419,2026-04-25,Anbaugeraet,10876.24,2026-05-06,verfallen,,
A002536,K00294,2026-04-30,Kommunaltechnik,14059.41,2026-05-10,gewonnen,B000927,R000927
A002537,K00244,2026-04-26,Traktor,29312.65,2026-05-03,gewonnen,B000928,R000928
A002538,K00807,2026-04-26,Traktor,57887.21,2026-05-16,gewonnen,B000929,R000929
A002539,K00403,2026-05-08,Anbaugeraet,9201.26,2026-05-17,gewonnen,B000930,R000930
A002540,K00553,2026-05-04,Gartengeraet,2500.0,2026-05-11,verloren,,
A002541,K00703,2026-05-02,Anbaugeraet,10974.79,2026-05-18,verfallen,,
A002542,K00300,2026-05-02,Erntemaschine,73780.19,2026-06-01,verloren,,
A002543,K00354,2026-05-02,Traktor,27234.33,2026-05-11,gewonnen,B000931,R000931
A002544,K00615,2026-05-05,Anbaugeraet,4977.88,2026-05-30,gewonnen,B000932,
A002545,K00680,2026-05-04,Anbaugeraet,5210.12,2026-05-14,gewonnen,B000933,R000932
A002546,K00458,2026-05-07,Gartengeraet,2500.0,2026-06-02,gewonnen,B000934,R000933
A002547,K00494,2026-05-04,Kommunaltechnik,25028.16,2026-05-11,verloren,,
A002548,K00196,2026-05-05,Gartengeraet,2500.0,2026-05-21,verfallen,,
A002549,K00093,2026-05-02,Kommunaltechnik,30212.95,2026-05-21,verloren,,
A002550,K00342,2026-05-07,Anbaugeraet,11760.48,2026-05-15,gewonnen,B000935,R000934
A002551,K00364,2026-05-04,Traktor,86271.71,2026-05-31,verloren,,
A002552,K00474,2026-05-08,Anbaugeraet,5581.04,2026-05-17,verloren,,
A002553,K00139,2026-05-05,Anbaugeraet,4791.89,2026-05-21,gewonnen,B000936,R000935
A002554,K00627,2026-05-03,Kommunaltechnik,27679.4,2026-05-13,verloren,,
A002555,K00102,2026-05-02,Kommunaltechnik,19605.54,2026-05-14,verfallen,,
A002556,K00752,2026-05-06,Anbaugeraet,8368.41,2026-05-21,verloren,,
A002557,K00542,2026-05-04,Anbaugeraet,6864.62,2026-05-11,verloren,,
A002558,K00196,2026-05-06,Erntemaschine,66157.83,2026-05-16,verfallen,,
A002559,K00758,2026-05-08,Kommunaltechnik,25118.88,2026-05-20,verloren,,
A002560,K00591,2026-05-06,Erntemaschine,60620.94,2026-06-06,verfallen,,
A002561,K00563,2026-05-06,Traktor,29586.66,2026-05-11,verloren,,
A002562,K00456,2026-05-07,Anbaugeraet,6788.73,2026-06-10,gewonnen,B000937,
A002563,K00829,2026-05-04,Anbaugeraet,6721.23,2026-05-13,verfallen,,
A002564,K00411,2026-05-11,Traktor,25277.37,2026-05-19,gewonnen,B000938,R000936
A002565,K00257,2026-05-11,Anbaugeraet,5420.42,2026-06-03,gewonnen,B000939,R000937
A002566,K00626,2026-05-15,Anbaugeraet,8750.32,2026-05-26,gewonnen,B000940,
A002567,K00063,2026-05-15,Anbaugeraet,6263.81,2026-06-03,verfallen,,
A002568,K00297,2026-05-09,Kommunaltechnik,18780.58,2026-05-20,gewonnen,B000941,R000938
A002569,K00626,2026-05-14,Traktor,32774.69,2026-05-31,gewonnen,B000942,
A002570,K00776,2026-05-15,Kommunaltechnik,33296.82,2026-05-28,verloren,,
A002571,K00180,2026-05-12,Anbaugeraet,5268.63,2026-05-20,verfallen,,
A002572,K00396,2026-05-13,Traktor,37308.89,2026-05-22,verloren,,
A002573,K00829,2026-05-14,Traktor,18958.6,2026-05-23,verloren,,
A002574,K00079,2026-05-15,Traktor,25589.46,2026-05-24,gewonnen,B000943,R000939
A002575,K00039,2026-05-09,Anbaugeraet,11966.46,2026-05-20,gewonnen,B000944,R000940
A002576,K00110,2026-05-15,Gartengeraet,2500.0,2026-05-29,verfallen,,
A002577,K00206,2026-05-13,Anbaugeraet,7285.1,2026-05-29,gewonnen,B000945,
A002578,K00703,2026-05-09,Anbaugeraet,6922.62,2026-05-15,verfallen,,
A002579,K00587,2026-05-09,Kommunaltechnik,22473.42,2026-05-28,gewonnen,B000946,
A002580,K00600,2026-05-10,Anbaugeraet,10191.26,2026-05-20,gewonnen,B000947,R000941
A002581,K00829,2026-05-15,Traktor,21939.99,2026-05-31,gewonnen,B000948,
A002582,K00700,2026-05-12,Kommunaltechnik,20285.06,2026-05-20,gewonnen,B000949,R000942
A002583,K00703,2026-05-11,Traktor,41678.35,2026-05-27,verfallen,,
A002584,K00519,2026-05-11,Traktor,19981.9,2026-06-20,verfallen,,
A002585,K00419,2026-05-09,Anbaugeraet,5282.59,2026-05-17,verloren,,
A002586,K00474,2026-05-15,Anbaugeraet,9205.98,2026-05-22,gewonnen,B000950,R000943
A002587,K00574,2026-05-13,Anbaugeraet,5179.95,2026-05-18,verfallen,,
A002588,K00114,2026-05-13,Traktor,26931.31,2026-05-31,gewonnen,B000951,R000944
A002589,K00808,2026-05-10,Gartengeraet,3112.94,2026-05-20,gewonnen,B000952,R000945
A002590,K00432,2026-05-11,Erntemaschine,57381.47,2026-05-26,gewonnen,B000953,
A002591,K00611,2026-05-14,Kommunaltechnik,20115.66,2026-05-21,gewonnen,B000954,R000946
A002592,K00469,2026-05-10,Erntemaschine,38611.07,2026-05-24,verloren,,
A002593,K00451,2026-05-15,Traktor,35592.24,2026-05-26,verloren,,
A002594,K00358,2026-05-14,Traktor,32645.64,2026-05-28,gewonnen,B000955,R000947
A002595,K00064,2026-05-13,Anbaugeraet,6535.78,2026-05-27,gewonnen,B000956,
A002596,K00548,2026-05-22,Erntemaschine,46351.82,2026-06-05,verloren,,
A002597,K00829,2026-05-17,Gartengeraet,3278.08,2026-06-10,verloren,,
A002598,K00451,2026-05-18,Traktor,47495.6,2026-05-29,gewonnen,B000957,
A002599,K00776,2026-05-22,Erntemaschine,106651.11,2026-07-01,offen,,
A002600,K00693,2026-05-16,Gartengeraet,2500.0,2026-05-27,gewonnen,B000958,R000948
A002601,K00829,2026-05-22,Erntemaschine,35511.24,2026-06-23,gewonnen,B000959,
A002602,K00029,2026-05-17,Gartengeraet,2500.0,2026-06-07,gewonnen,B000960,
A002603,K00405,2026-05-18,Erntemaschine,88573.76,2026-05-28,gewonnen,B000961,
A002604,K00499,2026-05-18,Erntemaschine,44869.25,2026-06-02,verloren,,
A002605,K00096,2026-05-19,Traktor,23582.62,2026-06-03,verloren,,
A002606,K00008,2026-05-18,Kommunaltechnik,33996.57,2026-05-27,verloren,,
A002607,K00669,2026-05-20,Erntemaschine,34059.68,2026-06-02,verloren,,
A002608,K00108,2026-05-18,Anbaugeraet,9069.32,2026-06-01,verfallen,,
A002609,K00642,2026-05-18,Kommunaltechnik,45255.6,2026-06-03,gewonnen,B000962,R000949
A002610,K00615,2026-05-17,Anbaugeraet,5392.12,2026-05-28,gewonnen,B000963,
A002611,K00703,2026-05-16,Traktor,24313.25,2026-06-20,gewonnen,B000964,
A002612,K00077,2026-05-20,Traktor,36103.67,2026-06-05,gewonnen,B000965,
A002613,K00729,2026-05-28,Kommunaltechnik,16808.67,2026-06-10,gewonnen,B000966,
A002614,K00348,2026-05-25,Kommunaltechnik,36949.79,2026-06-20,gewonnen,B000967,
A002615,K00778,2026-05-27,Anbaugeraet,11357.63,2026-06-15,verfallen,,
A002616,K00660,2026-05-23,Traktor,44313.09,2026-06-11,gewonnen,B000968,
A002617,K00388,2026-05-24,Anbaugeraet,6183.0,2026-06-01,gewonnen,B000969,R000950
A002618,K00703,2026-05-23,Anbaugeraet,6856.77,2026-06-02,gewonnen,B000970,R000951
A002619,K00137,2026-05-27,Traktor,13184.76,2026-06-04,gewonnen,B000971,R000952
A002620,K00499,2026-05-24,Traktor,33652.42,2026-06-14,verloren,,
A002621,K00240,2026-05-26,Anbaugeraet,8898.28,2026-06-05,verfallen,,
A002622,K00271,2026-05-29,Anbaugeraet,3412.45,2026-06-09,gewonnen,B000972,
A002623,K00416,2026-05-27,Anbaugeraet,8438.4,2026-06-07,verloren,,
A002624,K00634,2026-05-24,Traktor,37942.74,2026-06-03,verfallen,,
A002625,K00607,2026-05-23,Traktor,37873.23,2026-06-18,verloren,,
A002626,K00703,2026-05-26,Anbaugeraet,5059.4,2026-06-01,gewonnen,B000973,R000953
A002627,K00777,2026-05-26,Anbaugeraet,3905.11,2026-06-07,gewonnen,B000974,
A002628,K00703,2026-05-29,Traktor,40907.98,2026-06-22,verloren,,
A002629,K00809,2026-05-23,Traktor,39765.9,2026-06-18,verloren,,
A002630,K00419,2026-06-03,Anbaugeraet,3691.47,2026-06-17,verloren,,
A002631,K00703,2026-06-04,Kommunaltechnik,55120.92,2026-06-14,verfallen,,
A002632,K00137,2026-06-01,Erntemaschine,39146.03,2026-06-20,verloren,,
A002633,K00829,2026-05-30,Kommunaltechnik,43597.03,2026-06-11,verfallen,,
A002634,K00305,2026-06-01,Traktor,39102.0,2026-06-09,gewonnen,B000975,
A002635,K00156,2026-05-30,Traktor,29214.59,2026-06-15,gewonnen,B000976,
A002636,K00068,2026-06-05,Traktor,28113.01,2026-07-15,offen,,
A002637,K00829,2026-06-01,Erntemaschine,73643.42,2026-06-11,verfallen,,
A002638,K00743,2026-06-04,Anbaugeraet,9786.16,2026-06-18,gewonnen,B000977,
A002639,K00591,2026-06-02,Kommunaltechnik,26453.6,2026-06-18,gewonnen,B000978,
A002640,K00735,2026-06-04,Anbaugeraet,7260.09,2026-06-16,verloren,,
A002641,K00180,2026-05-31,Traktor,30448.39,2026-06-24,gewonnen,B000979,
A002642,K00388,2026-05-31,Gartengeraet,2856.54,2026-06-05,gewonnen,B000980,R000954
A002643,K00559,2026-06-01,Gartengeraet,3603.24,2026-06-09,gewonnen,B000981,
A002644,K00001,2026-06-03,Traktor,52481.75,2026-06-30,verfallen,,
A002645,K00780,2026-06-03,Anbaugeraet,2655.45,2026-06-17,verfallen,,
A002646,K00829,2026-06-05,Anbaugeraet,4468.64,2026-06-18,gewonnen,B000982,
A002647,K00780,2026-05-31,Anbaugeraet,7793.82,2026-06-21,verloren,,
A002648,K00661,2026-06-02,Anbaugeraet,7066.8,2026-06-10,verloren,,
A002649,K00829,2026-05-30,Anbaugeraet,6290.72,2026-06-11,verloren,,
A002650,K00411,2026-06-02,Traktor,61458.33,2026-06-19,verloren,,
A002651,K00324,2026-05-31,Kommunaltechnik,28980.95,2026-06-17,verloren,,
A002652,K00819,2026-05-30,Kommunaltechnik,16422.84,2026-06-06,verfallen,,
A002653,K00243,2026-06-02,Anbaugeraet,6466.39,2026-07-01,offen,,
A002654,K00295,2026-06-07,Traktor,31257.0,2026-06-30,verfallen,,
A002655,K00046,2026-06-11,Anbaugeraet,4837.76,2026-07-06,offen,,
A002656,K00003,2026-06-11,Erntemaschine,33558.16,2026-06-30,gewonnen,,
A002657,K00693,2026-06-06,Anbaugeraet,8521.98,2026-06-30,verloren,,
A002658,K00703,2026-06-10,Kommunaltechnik,33062.01,2026-06-27,gewonnen,B000983,
A002659,K00154,2026-06-10,Gartengeraet,2500.0,2026-07-02,offen,,
A002660,K00103,2026-06-11,Anbaugeraet,11339.72,2026-06-25,gewonnen,B000984,
A002661,K00757,2026-06-07,Traktor,43151.29,2026-06-19,gewonnen,B000985,
A002662,K00846,2026-06-11,Traktor,26983.72,2026-06-22,verloren,,
A002663,K00751,2026-06-12,Anbaugeraet,5478.76,2026-06-27,verfallen,,
A002664,K00132,2026-06-08,Traktor,42199.1,2026-06-22,gewonnen,B000986,
A002665,K00100,2026-06-12,Anbaugeraet,7996.98,2026-06-19,verfallen,,
A002666,K00703,2026-06-16,Traktor,42064.94,2026-06-26,gewonnen,B000987,
A002667,K00154,2026-06-19,Anbaugeraet,3955.2,2026-06-30,gewonnen,,
A002668,K00703,2026-06-17,Anbaugeraet,6987.59,2026-07-15,offen,,
A002669,K00838,2026-06-18,Anbaugeraet,8159.37,2026-06-28,verfallen,,
A002670,K00807,2026-06-15,Traktor,14395.3,2026-07-11,offen,,
A002671,K00472,2026-06-17,Traktor,58181.6,2026-06-24,verloren,,
A002672,K00666,2026-06-16,Anbaugeraet,11438.12,2026-06-23,gewonnen,B000988,
A002673,K00101,2026-06-17,Gartengeraet,2747.48,2026-07-08,offen,,
A002674,K00799,2026-06-19,Anbaugeraet,7449.75,2026-07-02,offen,,
A002675,K00010,2026-06-15,Gartengeraet,2500.0,2026-06-30,verfallen,,
A002676,K00703,2026-06-14,Traktor,24198.99,2026-07-09,offen,,
A002677,K00715,2026-06-14,Traktor,21488.13,2026-06-24,gewonnen,B000989,
A002678,K00246,2026-06-16,Gartengeraet,2500.0,2026-07-05,offen,,
A002679,K00184,2026-06-13,Erntemaschine,38336.05,2026-06-21,verloren,,
A002680,K00703,2026-06-15,Traktor,18842.73,2026-06-28,gewonnen,B000990,
A002681,K00793,2026-06-15,Erntemaschine,68711.22,2026-07-06,offen,,
A002682,K00452,2026-06-15,Erntemaschine,40475.5,2026-06-24,gewonnen,B000991,
A002683,K00600,2026-06-16,Anbaugeraet,8217.38,2026-07-03,offen,,
A002684,K00547,2026-06-14,Anbaugeraet,7845.1,2026-06-24,verloren,,
A002685,K00648,2026-06-15,Traktor,46085.86,2026-06-20,verfallen,,
A002686,K00591,2026-06-19,Kommunaltechnik,16432.2,2026-07-06,offen,,
A002687,K00453,2026-06-18,Kommunaltechnik,33471.39,2026-07-11,offen,,
A002688,K00346,2026-06-22,Erntemaschine,54331.32,2026-07-01,offen,,
A002689,K00190,2026-06-24,Anbaugeraet,4873.27,2026-07-17,offen,,
A002690,K00778,2026-06-23,Anbaugeraet,6457.2,2026-07-25,offen,,
A002691,K00159,2026-06-24,Traktor,34091.07,2026-07-04,offen,,
A002692,K00752,2026-06-21,Anbaugeraet,7727.59,2026-06-30,verfallen,,
A002693,K00609,2026-06-24,Traktor,29086.24,2026-07-13,offen,,
A002694,K00750,2026-06-25,Traktor,20152.14,2026-07-04,offen,,
A002695,K00703,2026-06-24,Gartengeraet,2500.0,2026-07-03,offen,,
A002696,K00829,2026-06-23,Traktor,25368.06,2026-07-03,offen,,
A002697,K00426,2026-06-22,Anbaugeraet,4138.11,2026-07-03,offen,,
A002698,K00589,2026-06-26,Traktor,36152.79,2026-07-13,offen,,
A002699,K00499,2026-06-21,Anbaugeraet,11472.56,2026-06-26,verfallen,,
A002700,K00421,2026-06-25,Traktor,34633.31,2026-07-14,offen,,
A002701,K00733,2026-06-21,Gartengeraet,2907.87,2026-07-06,offen,,
A002702,K00398,2026-06-21,Anbaugeraet,9282.68,2026-07-09,offen,,
A002703,K00226,2026-06-21,Traktor,17752.16,2026-07-22,offen,,
A002704,K00339,2026-06-26,Traktor,48447.03,2026-07-14,offen,,
A002705,K00703,2026-06-24,Anbaugeraet,14525.41,2026-07-04,offen,,
A002706,K00812,2026-06-26,Kommunaltechnik,10814.11,2026-07-24,offen,,
A002707,K00846,2026-06-22,Anbaugeraet,15895.93,2026-07-06,offen,,
A002708,K00152,2026-06-24,Kommunaltechnik,30002.5,2026-07-08,offen,,
A002709,K00179,2026-06-20,Anbaugeraet,8037.92,2026-07-02,offen,,
A002710,K00379,2026-06-23,Traktor,43537.61,2026-07-05,offen,,
A002711,K00752,2026-06-25,Kommunaltechnik,25731.5,2026-07-11,offen,,
A002712,K00510,2026-06-20,Anbaugeraet,8340.38,2026-07-15,offen,,
A002713,K00434,2026-06-27,Traktor,44108.61,2026-07-04,offen,,
A002714,K00210,2026-06-28,Erntemaschine,42339.95,2026-07-14,offen,,
A002715,K00703,2026-06-27,Gartengeraet,2500.0,2026-07-12,offen,,
A002716,K00485,2026-06-27,Anbaugeraet,9878.8,2026-07-11,offen,,
A002717,K00331,2026-06-28,Anbaugeraet,12037.11,2026-07-10,offen,,
A002718,K00571,2026-06-28,Gartengeraet,2500.0,2026-07-06,offen,,
A002719,K00532,2026-06-29,Gartengeraet,4138.27,2026-07-27,offen,,
