bestellungs_id,lieferanten_id,geschaeftsbereich,materialkategorie,angebots_id,bestelldatum,bestellwert,erwarteter_wareneingang,tatsaechlicher_wareneingang,zahlungsziel_tage,faelligkeitsdatum,skontofrist_tage,skontosatz,zahlungsdatum_ist,bezahlter_betrag
B000001,L001,Neumaschinen,,A000001,2023-07-18,10080.74,2023-08-09,2023-08-11,60,2023-10-12,14,2.5,2023-09-07,10080.74
B000002,L007,Neumaschinen,,A000008,2023-08-15,6972.36,2023-09-02,2023-09-02,30,2023-10-04,14,2.6,2023-10-02,6972.36
B000003,L003,Neumaschinen,,A000011,2023-07-16,11205.13,2023-08-08,2023-08-08,45,2023-09-23,14,2.4,2023-08-22,10936.21
B000004,L005,Neumaschinen,,A000012,2023-07-16,17769.44,2023-08-14,2023-08-14,30,2023-09-13,14,2.4,2023-09-11,17769.44
B000005,L006,Neumaschinen,,A000015,2023-07-17,8306.29,2023-08-12,2023-08-12,45,2023-09-26,14,2.1,2023-08-24,8131.86
B000006,L006,Neumaschinen,,A000018,2023-07-27,14283.16,2023-08-15,2023-08-15,45,2023-10-01,14,2.1,2023-08-31,13983.21
B000007,L006,Neumaschinen,,A000022,2023-07-15,9006.13,2023-08-04,2023-08-04,45,2023-09-20,14,2.1,2023-08-17,8817.0
B000008,L008,Neumaschinen,,A000023,2023-07-24,24042.46,2023-08-11,2023-08-11,60,2023-10-12,14,2.1,2023-08-24,23537.57
B000009,L002,Neumaschinen,,A000024,2023-07-23,4040.74,2023-08-06,2023-08-06,45,2023-09-20,14,2.2,2023-08-20,3951.84
B000010,L008,Neumaschinen,,A000026,2023-07-29,1892.54,2023-08-24,2023-08-24,60,2023-10-25,14,2.1,2023-09-08,1852.8
B000011,L008,Neumaschinen,,A000028,2023-07-18,5897.07,2023-08-07,2023-08-07,60,2023-10-06,14,2.1,2023-08-20,5773.23
B000012,L008,Neumaschinen,,A000039,2023-07-30,20916.25,2023-08-30,2023-08-30,60,2023-10-30,14,2.1,2023-09-14,20477.01
B000013,L001,Neumaschinen,,A000053,2023-08-07,5369.63,2023-09-05,2023-09-14,60,2023-11-13,14,2.5,2023-09-28,5235.39
B000014,L003,Neumaschinen,,A000054,2023-08-11,3302.7,2023-08-31,2023-09-02,45,2023-10-19,14,2.4,2023-09-16,3223.44
B000015,L006,Neumaschinen,,A000058,2023-08-08,1943.09,2023-09-04,2023-09-04,45,2023-10-21,14,2.1,2023-09-20,1902.29
B000016,L002,Neumaschinen,,A000060,2023-08-02,15014.51,2023-08-27,2023-08-29,45,2023-10-13,14,2.2,2023-09-09,14684.19
B000017,L008,Neumaschinen,,A000063,2023-08-09,6639.74,2023-09-03,2023-09-03,60,2023-11-03,14,2.1,2023-09-18,6500.31
B000018,L007,Neumaschinen,,A000066,2023-08-08,17041.66,2023-08-29,2023-08-29,30,2023-09-29,14,2.6,2023-09-10,16598.58
B000019,L001,Neumaschinen,,A000071,2023-08-17,50088.33,2023-08-31,2023-08-31,60,2023-10-30,14,2.5,2023-09-13,48836.12
B000020,L003,Neumaschinen,,A000072,2023-08-08,6613.08,2023-09-05,2023-09-05,45,2023-10-20,14,2.4,2023-09-16,6454.37
B000021,L006,Neumaschinen,,A000078,2023-08-23,7493.57,2023-09-16,2023-09-16,45,2023-11-01,14,2.1,2023-10-01,7336.21
B000022,L005,Neumaschinen,,A000079,2023-08-15,9300.99,2023-09-09,2023-09-18,30,2023-10-19,14,2.4,2023-10-01,9077.77
B000023,L002,Neumaschinen,,A000081,2023-08-28,35066.13,2023-09-13,2023-09-13,45,2023-10-28,14,2.2,2023-09-27,34294.68
B000024,L001,Neumaschinen,,A000084,2023-08-22,52467.42,2023-09-13,2023-09-13,60,2023-11-12,14,2.5,2023-09-27,51155.73
B000025,L008,Neumaschinen,,A000085,2023-08-24,9099.63,2023-09-12,2023-09-12,60,2023-11-11,14,2.1,2023-10-12,9099.63
B000026,L005,Neumaschinen,,A000086,2023-08-21,19273.36,2023-09-20,2023-09-20,30,2023-10-20,14,2.4,2023-10-03,18810.8
B000027,L003,Neumaschinen,,A000091,2023-08-15,25971.13,2023-09-09,2023-09-14,45,2023-10-30,14,2.4,2023-10-17,25971.13
B000028,L004,Neumaschinen,,A000093,2023-08-29,11156.08,2023-09-29,2023-10-04,30,2023-11-03,14,2.5,2023-10-16,10877.18
B000029,L005,Neumaschinen,,A000094,2023-08-30,23409.09,2023-09-23,2023-09-23,30,2023-10-23,14,2.4,2023-10-22,23409.09
B000030,L008,Neumaschinen,,A000096,2023-09-07,8103.73,2023-10-05,2023-10-05,60,2023-12-05,14,2.1,2023-10-19,7933.55
B000031,L007,Neumaschinen,,A000097,2023-08-23,6746.8,2023-09-11,2023-09-13,30,2023-10-13,14,2.6,2023-09-24,6571.38
B000032,L005,Neumaschinen,,A000099,2023-08-31,17323.94,2023-09-29,2023-09-29,30,2023-10-30,14,2.4,2023-10-14,16908.17
B000033,L005,Neumaschinen,,A000105,2023-08-29,12504.17,2023-09-27,2023-09-27,30,2023-10-29,14,2.4,2023-10-11,12204.07
B000034,L003,Neumaschinen,,A000108,2023-09-02,58730.69,2023-09-29,2023-09-29,45,2023-11-14,14,2.4,2023-10-12,57321.15
B000035,L008,Neumaschinen,,A000113,2023-08-25,29840.93,2023-09-20,2023-09-20,60,2023-11-20,14,2.1,2023-10-03,29214.27
B000036,L004,Neumaschinen,,A000117,2023-09-07,28112.04,2023-10-09,2023-10-09,30,2023-11-09,14,2.5,2023-10-23,27409.24
B000037,L001,Neumaschinen,,A000122,2023-09-17,7851.29,2023-10-18,2023-10-27,60,2023-12-27,14,2.5,2023-11-11,7655.01
B000038,L001,Neumaschinen,,A000125,2023-09-08,23147.7,2023-10-05,2023-10-05,60,2023-12-06,14,2.5,2023-10-18,22569.01
B000039,L004,Neumaschinen,,A000126,2023-09-11,26082.52,2023-10-01,2023-10-03,30,2023-11-04,14,2.5,2023-10-19,25430.46
B000040,L004,Neumaschinen,,A000132,2023-10-09,11552.42,2023-11-07,2023-11-07,30,2023-12-07,14,2.5,2023-11-30,11552.42
B000041,L005,Neumaschinen,,A000133,2023-10-10,29460.9,2023-11-03,2023-11-05,30,2023-12-07,14,2.4,2023-11-20,28753.84
B000042,L008,Neumaschinen,,A000134,2023-09-22,4944.86,2023-10-12,2023-10-12,60,2023-12-11,14,2.1,2023-11-08,4944.86
B000043,L006,Neumaschinen,,A000135,2023-09-11,72316.88,2023-10-19,2023-10-19,45,2023-12-05,14,2.1,2023-11-03,70798.23
B000044,L002,Neumaschinen,,A000141,2023-09-20,10345.74,2023-10-22,2023-10-22,45,2023-12-06,14,2.2,2023-11-06,10345.74
B000045,L008,Neumaschinen,,A000142,2023-09-26,39212.69,2023-10-30,2023-10-30,60,2023-12-29,14,2.1,2023-11-12,38389.22
B000046,L002,Neumaschinen,,A000144,2023-09-06,2499.16,2023-10-03,2023-10-03,45,2023-11-17,14,2.2,2023-10-17,2444.18
B000047,L005,Neumaschinen,,A000145,2023-09-14,21966.38,2023-10-18,2023-10-18,30,2023-11-19,14,2.4,2023-10-31,21439.19
B000048,L002,Neumaschinen,,A000147,2023-09-13,3009.45,2023-10-16,2023-10-16,45,2023-11-30,14,2.2,2023-10-27,2943.24
B000049,L001,Neumaschinen,,A000150,2023-09-25,1912.24,2023-10-29,2023-10-29,60,2023-12-28,14,2.5,2023-11-12,1864.43
B000050,L008,Neumaschinen,,A000153,2023-09-22,6241.55,2023-10-16,2023-10-16,60,2023-12-17,14,2.1,2023-11-01,6110.48
B000051,L004,Neumaschinen,,A000155,2023-09-19,23890.85,2023-10-17,2023-10-17,30,2023-11-17,14,2.5,2023-10-31,23293.58
B000052,L006,Neumaschinen,,A000157,2023-09-20,30236.48,2023-10-29,2023-10-29,45,2023-12-14,14,2.1,2023-11-10,29601.51
B000053,L004,Neumaschinen,,A000159,2023-09-12,29371.69,2023-10-10,2023-10-12,30,2023-11-13,14,2.5,2023-10-28,28637.4
B000054,L002,Neumaschinen,,A000160,2023-09-21,4686.27,2023-10-26,2023-10-26,45,2023-12-10,14,2.2,2023-11-06,4583.17
B000055,L001,Neumaschinen,,A000163,2023-09-25,8406.7,2023-11-01,2023-11-01,60,2023-12-31,14,2.5,2023-11-14,8196.53
B000056,L007,Neumaschinen,,A000164,2023-09-22,18326.92,2023-10-30,2023-10-30,30,2023-11-29,14,2.6,2023-11-11,17850.42
B000057,L005,Neumaschinen,,A000166,2023-10-14,24084.46,2023-11-06,2023-11-06,30,2023-12-06,14,2.4,2023-11-19,23506.43
B000058,L001,Neumaschinen,,A000168,2023-09-24,16246.98,2023-10-18,2023-10-18,60,2023-12-19,14,2.5,2023-11-03,15840.81
B000059,L001,Neumaschinen,,A000169,2023-10-14,71859.47,2023-11-04,2023-11-04,60,2024-01-03,14,2.5,2023-11-18,70062.98
B000060,L008,Neumaschinen,,A000170,2023-09-20,6280.87,2023-10-23,2023-10-23,60,2023-12-22,14,2.1,2023-11-23,6280.87
B000061,L008,Neumaschinen,,A000176,2023-09-22,15404.07,2023-10-22,2023-10-22,60,2023-12-22,14,2.1,2023-11-05,15080.58
B000062,L002,Neumaschinen,,A000177,2023-10-01,1884.2,2023-11-06,2023-11-06,45,2023-12-21,14,2.2,2023-11-17,1842.75
B000063,L001,Neumaschinen,,A000179,2023-09-23,21139.11,2023-10-19,2023-10-19,60,2023-12-19,14,2.5,2023-11-01,20610.63
B000064,L006,Neumaschinen,,A000181,2023-09-28,21293.87,2023-10-21,2023-10-21,45,2023-12-06,14,2.1,2023-11-05,20846.7
B000065,L001,Neumaschinen,,A000182,2023-09-19,1909.07,2023-10-19,2023-10-19,60,2023-12-20,14,2.5,2023-12-14,1909.07
B000066,L001,Neumaschinen,,A000186,2023-10-03,1944.38,2023-11-02,2023-11-07,60,2024-01-07,14,2.5,2023-11-20,1895.77
B000067,L007,Neumaschinen,,A000190,2023-09-26,18412.72,2023-10-31,2023-10-31,30,2023-12-01,14,2.6,2023-11-12,17933.99
B000068,L007,Neumaschinen,,A000191,2023-10-03,94928.94,2023-10-25,2023-11-03,30,2023-12-05,14,2.6,2023-11-16,92460.79
B000069,L007,Neumaschinen,,A000192,2023-10-09,4376.34,2023-11-11,2023-11-11,30,2023-12-13,14,2.6,2023-11-26,4262.56
B000070,L007,Neumaschinen,,A000195,2023-10-05,22835.64,2023-10-28,2023-10-28,30,2023-11-28,14,2.6,2023-11-09,22241.91
B000071,L003,Neumaschinen,,A000196,2023-10-03,25962.62,2023-10-23,2023-10-25,45,2023-12-09,14,2.4,2023-11-06,25339.52
B000072,L005,Neumaschinen,,A000199,2023-10-03,26200.31,2023-10-26,2023-10-31,30,2023-12-01,14,2.4,2023-11-12,25571.5
B000073,L002,Neumaschinen,,A000202,2023-09-27,8979.63,2023-10-21,2023-10-21,45,2023-12-07,14,2.2,2023-11-04,8782.08
B000074,L001,Neumaschinen,,A000207,2023-10-17,10864.62,2023-11-09,2023-11-09,60,2024-01-08,14,2.5,2023-11-23,10593.0
B000075,L006,Neumaschinen,,A000210,2023-10-15,10149.15,2023-11-19,2023-11-19,45,2024-01-03,14,2.1,2023-12-02,9936.02
B000076,L008,Neumaschinen,,A000214,2023-10-11,51385.79,2023-11-19,2023-11-19,60,2024-01-19,14,2.1,2023-12-01,50306.69
B000077,L006,Neumaschinen,,A000218,2023-10-17,6754.5,2023-11-19,2023-11-19,45,2024-01-04,14,2.1,2023-12-01,6612.66
B000078,L007,Neumaschinen,,A000219,2023-10-12,43360.36,2023-11-06,2023-11-15,30,2023-12-16,14,2.6,2023-11-27,42232.99
B000079,L001,Neumaschinen,,A000222,2023-10-13,8860.25,2023-11-05,2023-11-07,60,2024-01-07,14,2.5,2023-11-22,8638.74
B000080,L003,Neumaschinen,,A000223,2023-10-13,28832.08,2023-11-16,2023-11-16,45,2023-12-31,14,2.4,2023-11-29,28140.11
B000081,L004,Neumaschinen,,A000224,2023-10-25,46776.79,2023-11-26,2023-11-26,30,2023-12-28,14,2.5,2023-12-15,46776.79
B000082,L005,Neumaschinen,,A000225,2023-10-07,2475.87,2023-11-07,2023-11-07,30,2023-12-07,14,2.4,2023-11-21,2416.45
B000083,L003,Neumaschinen,,A000228,2023-10-27,72507.66,2023-11-25,2023-11-25,45,2024-01-10,14,2.4,2023-12-07,70767.48
B000084,L004,Neumaschinen,,A000231,2023-10-23,6920.0,2023-11-19,2023-11-19,30,2023-12-20,14,2.5,2023-12-04,6747.0
B000085,L007,Neumaschinen,,A000233,2023-10-13,19165.72,2023-11-09,2023-11-09,30,2023-12-10,14,2.6,2023-11-23,18667.41
B000086,L004,Neumaschinen,,A000234,2023-10-23,32185.66,2023-11-13,2023-11-13,30,2023-12-14,14,2.5,2023-12-08,32185.66
B000087,L005,Neumaschinen,,A000235,2023-10-19,4034.16,2023-11-11,2023-11-11,30,2023-12-13,14,2.4,2023-11-24,3937.34
B000088,L004,Neumaschinen,,A000244,2023-10-14,4737.07,2023-11-17,2023-11-22,30,2023-12-22,14,2.5,2023-12-03,4618.64
B000089,L006,Neumaschinen,,A000245,2023-10-12,9814.46,2023-11-16,2023-11-25,45,2024-01-09,14,2.1,2023-12-06,9608.36
B000090,L004,Neumaschinen,,A000249,2023-10-22,96918.68,2023-11-26,2023-11-26,30,2023-12-28,14,2.5,2023-12-10,94495.71
B000091,L007,Neumaschinen,,A000250,2023-10-24,38987.72,2023-11-25,2023-11-25,30,2023-12-25,14,2.6,2023-12-08,37974.04
B000092,L003,Neumaschinen,,A000251,2023-10-23,1886.06,2023-11-25,2023-11-25,45,2024-01-10,14,2.4,2023-12-08,1840.79
B000093,L005,Neumaschinen,,A000256,2023-11-08,3732.48,2023-12-08,2023-12-08,30,2024-01-07,14,2.4,2023-12-28,3732.48
B000094,L001,Neumaschinen,,A000257,2023-11-16,15780.99,2023-12-17,2023-12-17,60,2024-02-17,14,2.5,2024-01-02,15386.47
B000095,L008,Neumaschinen,,A000263,2023-10-24,8682.47,2023-12-01,2023-12-01,60,2024-01-31,14,2.1,2023-12-13,8500.14
B000096,L006,Neumaschinen,,A000266,2023-11-11,27283.5,2023-12-03,2023-12-03,45,2024-01-19,14,2.1,2023-12-20,27283.5
B000097,L006,Neumaschinen,,A000268,2023-11-01,2748.48,2023-11-17,2023-11-17,45,2024-01-03,14,2.1,2023-12-01,2690.76
B000098,L002,Neumaschinen,,A000272,2023-10-29,12890.4,2023-11-26,2023-11-26,45,2024-01-10,14,2.2,2023-12-08,12606.81
B000099,L007,Neumaschinen,,A000275,2023-11-02,14833.61,2023-12-01,2023-12-01,30,2024-01-01,14,2.6,2023-12-13,14447.94
B000100,L008,Neumaschinen,,A000284,2023-10-28,6806.96,2023-11-26,2023-11-26,60,2024-01-25,14,2.1,2023-12-07,6664.01
B000101,L007,Neumaschinen,,A000289,2023-11-04,21368.0,2023-11-21,2023-11-21,30,2023-12-22,14,2.6,2023-12-06,20812.43
B000102,L005,Neumaschinen,,A000291,2023-10-31,17634.25,2023-12-03,2023-12-12,30,2024-01-13,14,2.4,2023-12-26,17211.03
B000103,L006,Neumaschinen,,A000292,2023-10-29,15707.01,2023-11-26,2023-11-26,45,2024-01-11,14,2.1,2023-12-08,15377.16
B000104,L006,Neumaschinen,,A000295,2023-11-02,38160.86,2023-11-30,2023-11-30,45,2024-01-15,14,2.1,2023-12-14,37359.48
B000105,L007,Neumaschinen,,A000302,2023-11-26,1833.14,2023-12-21,2023-12-21,30,2024-01-22,14,2.6,2024-01-03,1785.48
B000106,L008,Neumaschinen,,A000305,2023-11-29,25912.43,2023-12-22,2023-12-24,60,2024-02-23,14,2.1,2024-01-08,25368.27
B000107,L004,Neumaschinen,,A000311,2023-11-09,33291.11,2023-12-05,2023-12-05,30,2024-01-05,14,2.5,2023-12-20,32458.83
B000108,L002,Neumaschinen,,A000312,2023-11-18,2160.6,2023-12-15,2023-12-15,45,2024-01-29,14,2.2,2023-12-26,2113.07
B000109,L007,Neumaschinen,,A000314,2023-12-06,30783.05,2023-12-30,2024-01-04,30,2024-02-04,14,2.6,2024-01-16,29982.69
B000110,L008,Neumaschinen,,A000316,2023-11-14,20608.51,2023-12-12,2023-12-21,60,2024-02-21,14,2.1,2024-01-05,20175.73
B000111,L001,Neumaschinen,,A000318,2023-11-13,30173.73,2023-12-08,2023-12-08,60,2024-02-07,14,2.5,2023-12-21,29419.39
B000112,L007,Neumaschinen,,A000320,2023-11-06,36884.26,2023-12-04,2023-12-04,30,2024-01-05,14,2.6,2023-12-19,35925.27
B000113,L003,Neumaschinen,,A000329,2023-11-11,5722.53,2023-12-02,2023-12-02,45,2024-01-18,14,2.4,2023-12-15,5585.19
B000114,L004,Neumaschinen,,A000332,2023-11-23,1832.14,2023-12-14,2023-12-16,30,2024-01-17,14,2.5,2023-12-31,1786.34
B000115,L006,Neumaschinen,,A000334,2023-12-04,28679.24,2023-12-19,2023-12-21,45,2024-02-04,14,2.1,2024-01-18,28679.24
B000116,L001,Neumaschinen,,A000337,2023-12-02,4353.69,2024-01-02,2024-01-07,60,2024-03-09,14,2.5,2024-01-22,4244.85
B000117,L008,Neumaschinen,,A000341,2023-11-24,20850.41,2023-12-19,2023-12-19,60,2024-02-19,14,2.1,2024-01-02,20412.55
B000118,L005,Neumaschinen,,A000347,2023-11-18,16950.63,2023-12-05,2023-12-05,30,2024-01-04,14,2.4,2023-12-16,16543.81
B000119,L008,Neumaschinen,,A000348,2023-12-23,13887.31,2024-01-18,2024-01-18,60,2024-03-18,14,2.1,2024-01-31,13595.68
B000120,L008,Neumaschinen,,A000356,2023-11-18,22249.71,2023-12-08,2023-12-08,60,2024-02-08,14,2.1,2023-12-21,21782.47
B000121,L008,Neumaschinen,,A000357,2023-11-19,14774.97,2023-12-05,2023-12-05,60,2024-02-03,14,2.1,2023-12-18,14464.7
B000122,L003,Neumaschinen,,A000361,2023-11-27,41570.61,2023-12-12,2023-12-12,45,2024-01-26,14,2.4,2023-12-24,40572.92
B000123,L005,Neumaschinen,,A000362,2023-11-27,15401.71,2023-12-21,2023-12-21,30,2024-01-21,14,2.4,2024-01-03,15032.07
B000124,L001,Neumaschinen,,A000368,2023-11-29,12300.25,2023-12-18,2023-12-18,60,2024-02-16,14,2.5,2023-12-30,11992.74
B000125,L006,Neumaschinen,,A000370,2023-12-06,23242.97,2024-01-02,2024-01-07,45,2024-02-23,14,2.1,2024-02-17,23242.97
B000126,L008,Neumaschinen,,A000372,2023-12-11,5187.39,2023-12-29,2023-12-29,60,2024-02-27,14,2.1,2024-02-03,5187.39
B000127,L006,Neumaschinen,,A000373,2023-11-24,18294.14,2023-12-23,2023-12-23,45,2024-02-06,14,2.1,2024-01-04,17909.96
B000128,L005,Neumaschinen,,A000374,2023-12-02,6119.01,2023-12-23,2023-12-23,30,2024-01-24,14,2.4,2024-01-06,5972.15
B000129,L004,Neumaschinen,,A000375,2023-12-02,16224.2,2023-12-18,2023-12-18,30,2024-01-19,14,2.5,2024-01-02,15818.6
B000130,L008,Neumaschinen,,A000385,2023-12-07,6032.99,2023-12-27,2023-12-27,60,2024-02-25,14,2.1,2024-01-08,5906.3
B000131,L008,Neumaschinen,,A000386,2023-12-16,1862.07,2024-01-04,2024-01-04,60,2024-03-04,14,2.1,2024-01-15,1822.97
B000132,L004,Neumaschinen,,A000387,2023-12-20,21123.97,2024-01-10,2024-01-10,30,2024-02-11,14,2.5,2024-02-10,21123.97
B000133,L008,Neumaschinen,,A000390,2023-12-09,1931.12,2023-12-31,2023-12-31,60,2024-03-02,14,2.1,2024-01-16,1890.57
B000134,L006,Neumaschinen,,A000393,2023-12-21,46118.35,2024-01-16,2024-01-16,45,2024-03-01,14,2.1,2024-01-30,45149.86
B000135,L006,Neumaschinen,,A000398,2023-12-03,6766.01,2023-12-30,2023-12-30,45,2024-02-14,14,2.1,2024-01-27,6766.01
B000136,L006,Neumaschinen,,A000401,2023-12-07,43531.75,2024-01-02,2024-01-02,45,2024-02-18,14,2.1,2024-01-18,42617.58
B000137,L001,Neumaschinen,,A000405,2023-12-18,22053.53,2024-01-15,2024-01-15,60,2024-03-17,14,2.5,2024-01-28,21502.19
B000138,L007,Neumaschinen,,A000409,2023-12-17,32128.3,2024-01-15,2024-01-15,30,2024-02-14,14,2.6,2024-02-14,32128.3
B000139,L001,Neumaschinen,,A000415,2024-01-04,11442.19,2024-02-02,2024-02-02,60,2024-04-02,14,2.5,2024-02-14,11156.14
B000140,L008,Neumaschinen,,A000416,2024-01-03,12220.38,2024-01-25,2024-01-25,60,2024-03-26,14,2.1,2024-02-08,11963.75
B000141,L004,Neumaschinen,,A000420,2023-12-13,38191.52,2024-01-07,2024-01-09,30,2024-02-09,14,2.5,2024-01-23,37236.73
B000142,L002,Neumaschinen,,A000425,2024-01-04,55901.94,2024-02-02,2024-02-02,45,2024-03-18,14,2.2,2024-02-15,54672.1
B000143,L003,Neumaschinen,,A000427,2024-01-25,3355.14,2024-02-12,2024-02-12,45,2024-03-29,14,2.4,2024-02-26,3274.62
B000144,L003,Neumaschinen,,A000428,2023-12-24,8963.47,2024-01-23,2024-01-23,45,2024-03-08,14,2.4,2024-02-03,8748.35
B000145,L006,Neumaschinen,,A000435,2023-12-29,45693.39,2024-01-18,2024-01-18,45,2024-03-05,14,2.1,2024-01-31,44733.83
B000146,L002,Neumaschinen,,A000438,2024-01-05,13304.5,2024-01-31,2024-01-31,45,2024-03-18,14,2.2,2024-03-06,13304.5
B000147,L002,Neumaschinen,,A000442,2024-01-11,43278.86,2024-02-03,2024-02-03,45,2024-03-19,14,2.2,2024-02-24,43278.86
B000148,L006,Neumaschinen,,A000451,2024-01-27,15719.52,2024-02-12,2024-02-12,45,2024-03-30,14,2.1,2024-02-27,15389.41
B000149,L001,Neumaschinen,,A000455,2024-01-23,6851.46,2024-02-22,2024-02-22,60,2024-04-24,14,2.5,2024-03-08,6680.17
B000150,L004,Neumaschinen,,A000457,2024-01-16,15552.28,2024-02-08,2024-02-08,30,2024-03-10,14,2.5,2024-02-23,15163.47
B000151,L004,Neumaschinen,,A000468,2024-01-14,59187.14,2024-02-13,2024-02-13,30,2024-03-14,14,2.5,2024-02-28,59187.14
B000152,L008,Neumaschinen,,A000469,2024-01-20,68343.41,2024-02-06,2024-02-06,60,2024-04-08,14,2.1,2024-02-21,66908.2
B000153,L007,Neumaschinen,,A000474,2024-01-17,6354.45,2024-02-10,2024-02-10,30,2024-03-12,14,2.6,2024-02-23,6189.23
B000154,L003,Neumaschinen,,A000480,2024-02-09,5233.04,2024-03-04,2024-03-04,45,2024-04-20,14,2.4,2024-03-19,5107.45
B000155,L007,Neumaschinen,,A000481,2024-02-06,14939.9,2024-02-24,2024-03-04,30,2024-04-05,14,2.6,2024-03-27,14939.9
B000156,L001,Neumaschinen,,A000483,2024-01-25,22359.56,2024-02-24,2024-03-04,60,2024-05-03,14,2.5,2024-03-15,21800.57
B000157,L003,Neumaschinen,,A000484,2024-02-02,16119.48,2024-02-29,2024-02-29,45,2024-04-14,14,2.4,2024-03-11,15732.61
B000158,L001,Neumaschinen,,A000486,2024-01-30,27006.83,2024-02-21,2024-02-21,60,2024-04-21,14,2.5,2024-03-17,27006.83
B000159,L007,Neumaschinen,,A000490,2024-02-05,18883.17,2024-02-26,2024-02-26,30,2024-03-27,14,2.6,2024-03-10,18392.21
B000160,L007,Neumaschinen,,A000498,2024-02-16,1913.57,2024-03-05,2024-03-05,30,2024-04-06,14,2.6,2024-03-20,1863.82
B000161,L006,Neumaschinen,,A000499,2024-02-09,16643.88,2024-03-11,2024-03-11,45,2024-04-26,14,2.1,2024-03-24,16294.36
B000162,L008,Neumaschinen,,A000501,2024-02-18,5928.24,2024-03-09,2024-03-09,60,2024-05-08,14,2.1,2024-03-20,5803.75
B000163,L007,Neumaschinen,,A000503,2024-03-02,41296.91,2024-04-02,2024-04-02,30,2024-05-02,14,2.6,2024-04-13,40223.19
B000164,L007,Neumaschinen,,A000510,2024-02-18,8365.55,2024-03-09,2024-03-09,30,2024-04-08,14,2.6,2024-03-21,8148.05
B000165,L006,Neumaschinen,,A000512,2024-03-11,36416.24,2024-04-05,2024-04-05,45,2024-05-22,14,2.1,2024-04-20,35651.5
B000166,L001,Neumaschinen,,A000517,2024-02-27,16941.25,2024-03-24,2024-03-24,60,2024-05-23,14,2.5,2024-04-07,16517.72
B000167,L003,Neumaschinen,,A000518,2024-02-28,40186.72,2024-03-15,2024-03-15,45,2024-04-30,14,2.4,2024-03-27,39222.24
B000168,L007,Neumaschinen,,A000520,2024-03-03,19169.5,2024-03-31,2024-03-31,30,2024-05-02,14,2.6,2024-04-15,18671.09
B000169,L008,Neumaschinen,,A000522,2024-02-27,5938.55,2024-03-14,2024-03-14,60,2024-05-13,14,2.1,2024-03-25,5813.84
B000170,L007,Neumaschinen,,A000524,2024-02-28,5598.59,2024-03-19,2024-03-19,30,2024-04-19,14,2.6,2024-03-31,5453.03
B000171,L003,Neumaschinen,,A000526,2024-02-26,12078.43,2024-03-17,2024-03-17,45,2024-05-03,14,2.4,2024-04-01,11788.55
B000172,L003,Neumaschinen,,A000527,2024-03-01,6208.19,2024-03-30,2024-03-30,45,2024-05-14,14,2.4,2024-04-13,6059.19
B000173,L007,Neumaschinen,,A000529,2024-03-18,16083.67,2024-04-21,2024-04-21,30,2024-05-21,14,2.6,2024-05-04,15665.49
B000174,L002,Neumaschinen,,A000531,2024-03-25,3860.32,2024-04-29,2024-04-29,45,2024-06-13,14,2.2,2024-05-10,3775.39
B000175,L004,Neumaschinen,,A000535,2024-03-25,42986.5,2024-04-21,2024-04-21,30,2024-05-23,14,2.5,2024-05-06,41911.84
B000176,L003,Neumaschinen,,A000544,2024-03-24,21722.18,2024-04-26,2024-04-26,45,2024-06-12,14,2.4,2024-05-18,21722.18
B000177,L007,Neumaschinen,,A000547,2024-04-15,10967.31,2024-05-20,2024-05-20,30,2024-06-21,14,2.6,2024-06-03,10682.16
B000178,L001,Neumaschinen,,A000548,2024-03-24,4570.23,2024-05-01,2024-05-03,60,2024-07-04,14,2.5,2024-05-16,4455.97
B000179,L002,Neumaschinen,,A000549,2024-03-20,2165.11,2024-04-21,2024-04-21,45,2024-06-07,14,2.2,2024-05-07,2117.48
B000180,L004,Neumaschinen,,A000551,2024-03-29,17817.58,2024-04-30,2024-05-05,30,2024-06-04,14,2.5,2024-05-16,17372.14
B000181,L005,Neumaschinen,,A000553,2024-03-19,25579.61,2024-04-27,2024-05-06,30,2024-06-07,14,2.4,2024-05-22,24965.7
B000182,L006,Neumaschinen,,A000556,2024-04-07,37247.95,2024-05-10,2024-05-15,45,2024-07-01,14,2.1,2024-05-31,36465.74
B000183,L007,Neumaschinen,,A000559,2024-04-06,27138.11,2024-05-12,2024-05-12,30,2024-06-11,14,2.6,2024-05-29,27138.11
B000184,L002,Neumaschinen,,A000561,2024-03-30,4519.01,2024-05-02,2024-05-11,45,2024-06-27,14,2.2,2024-05-27,4419.59
B000185,L005,Neumaschinen,,A000567,2024-04-15,18609.68,2024-05-19,2024-05-19,30,2024-06-20,14,2.4,2024-06-01,18163.05
B000186,L008,Neumaschinen,,A000568,2024-03-24,1807.11,2024-04-24,2024-04-24,60,2024-06-24,14,2.1,2024-05-08,1769.16
B000187,L002,Neumaschinen,,A000569,2024-03-28,1918.14,2024-04-21,2024-04-21,45,2024-06-06,14,2.2,2024-05-06,1875.94
B000188,L002,Neumaschinen,,A000573,2024-04-03,7197.53,2024-05-03,2024-05-03,45,2024-06-18,14,2.2,2024-05-15,7039.18
B000189,L001,Neumaschinen,,A000574,2024-04-04,9523.08,2024-04-28,2024-04-30,60,2024-06-29,14,2.5,2024-05-13,9285.0
B000190,L002,Neumaschinen,,A000578,2024-03-31,34810.51,2024-04-24,2024-04-24,45,2024-06-09,14,2.2,2024-05-08,34044.68
B000191,L007,Neumaschinen,,A000579,2024-03-20,44094.29,2024-04-21,2024-04-21,30,2024-05-21,14,2.6,2024-05-02,42947.84
B000192,L004,Neumaschinen,,A000590,2024-04-20,24538.77,2024-05-29,2024-05-29,30,2024-06-28,14,2.5,2024-06-12,23925.3
B000193,L008,Neumaschinen,,A000592,2024-05-03,14487.55,2024-05-30,2024-05-30,60,2024-07-31,14,2.1,2024-06-26,14487.55
B000194,L003,Neumaschinen,,A000597,2024-04-07,3664.81,2024-05-08,2024-05-13,45,2024-06-29,14,2.4,2024-05-30,3664.81
B000195,L004,Neumaschinen,,A000598,2024-04-04,34354.57,2024-05-06,2024-05-08,30,2024-06-08,14,2.5,2024-05-22,33495.71
B000196,L002,Neumaschinen,,A000604,2024-04-01,4284.04,2024-05-04,2024-05-13,45,2024-06-27,14,2.2,2024-05-26,4189.79
B000197,L002,Neumaschinen,,A000608,2024-04-03,1838.5,2024-04-27,2024-04-27,45,2024-06-12,14,2.2,2024-05-09,1798.05
B000198,L008,Neumaschinen,,A000610,2024-04-05,1956.12,2024-05-04,2024-05-04,60,2024-07-03,14,2.1,2024-06-27,1956.12
B000199,L005,Neumaschinen,,A000611,2024-04-13,6829.07,2024-05-07,2024-05-07,30,2024-06-07,14,2.4,2024-05-19,6665.17
B000200,L003,Neumaschinen,,A000612,2024-04-13,9527.58,2024-05-16,2024-05-18,45,2024-07-04,14,2.4,2024-06-03,9298.92
B000201,L001,Neumaschinen,,A000613,2024-04-12,19211.62,2024-05-11,2024-05-11,60,2024-07-12,14,2.5,2024-05-25,18731.33
B000202,L006,Neumaschinen,,A000614,2024-05-01,10217.1,2024-05-23,2024-05-23,45,2024-07-09,14,2.1,2024-06-06,10002.54
B000203,L001,Neumaschinen,,A000616,2024-04-28,39032.43,2024-05-29,2024-05-29,60,2024-07-29,14,2.5,2024-06-11,38056.62
B000204,L001,Neumaschinen,,A000617,2024-04-08,24877.35,2024-05-06,2024-05-06,60,2024-07-05,14,2.5,2024-05-20,24255.42
B000205,L002,Neumaschinen,,A000618,2024-04-10,1911.56,2024-05-17,2024-05-17,45,2024-07-03,14,2.2,2024-05-31,1869.51
B000206,L003,Neumaschinen,,A000620,2024-04-17,12148.15,2024-05-24,2024-05-24,45,2024-07-09,14,2.4,2024-06-07,11856.59
B000207,L004,Neumaschinen,,A000622,2024-04-17,13965.34,2024-05-14,2024-05-14,30,2024-06-14,14,2.5,2024-05-26,13616.21
B000208,L001,Neumaschinen,,A000623,2024-04-05,2192.61,2024-05-10,2024-05-10,60,2024-07-10,14,2.5,2024-05-22,2137.79
B000209,L007,Neumaschinen,,A000626,2024-04-08,1993.9,2024-05-11,2024-05-13,30,2024-06-14,14,2.6,2024-05-26,1942.06
B000210,L003,Neumaschinen,,A000629,2024-04-25,11963.77,2024-05-17,2024-05-17,45,2024-07-02,14,2.4,2024-05-29,11676.64
B000211,L002,Neumaschinen,,A000630,2024-05-11,34914.13,2024-06-15,2024-06-15,45,2024-07-31,14,2.2,2024-06-27,34146.02
B000212,L007,Neumaschinen,,A000632,2024-04-24,33764.39,2024-05-28,2024-05-28,30,2024-06-29,14,2.6,2024-06-16,33764.39
B000213,L003,Neumaschinen,,A000633,2024-05-01,14035.72,2024-06-07,2024-06-07,45,2024-07-24,14,2.4,2024-06-21,13698.86
B000214,L008,Neumaschinen,,A000635,2024-04-24,1996.32,2024-05-29,2024-05-29,60,2024-07-28,14,2.1,2024-06-10,1954.4
B000215,L005,Neumaschinen,,A000639,2024-04-21,13474.24,2024-05-18,2024-05-18,30,2024-06-19,14,2.4,2024-05-31,13150.86
B000216,L002,Neumaschinen,,A000645,2024-04-21,13614.49,2024-05-23,2024-05-23,45,2024-07-09,14,2.2,2024-06-07,13314.97
B000217,L001,Neumaschinen,,A000654,2024-04-29,2620.42,2024-05-27,2024-05-27,60,2024-07-28,14,2.5,2024-07-05,2620.42
B000218,L008,Neumaschinen,,A000656,2024-04-26,11098.55,2024-05-31,2024-05-31,60,2024-08-01,14,2.1,2024-06-15,10865.48
B000219,L007,Neumaschinen,,A000664,2024-04-19,45313.48,2024-05-27,2024-05-27,30,2024-06-26,14,2.6,2024-06-10,44135.33
B000220,L002,Neumaschinen,,A000666,2024-04-27,5724.37,2024-06-04,2024-06-09,45,2024-07-24,14,2.2,2024-06-21,5598.43
B000221,L003,Neumaschinen,,A000669,2024-04-29,8394.23,2024-05-28,2024-06-06,45,2024-07-21,14,2.4,2024-06-19,8192.77
B000222,L007,Neumaschinen,,A000671,2024-05-03,14630.8,2024-06-08,2024-06-08,30,2024-07-09,14,2.6,2024-06-23,14250.4
B000223,L006,Neumaschinen,,A000673,2024-05-03,24924.42,2024-06-01,2024-06-01,45,2024-07-18,14,2.1,2024-06-14,24401.01
B000224,L001,Neumaschinen,,A000680,2024-04-25,12342.14,2024-05-16,2024-05-16,60,2024-07-16,14,2.5,2024-05-28,12033.59
B000225,L001,Neumaschinen,,A000686,2024-04-26,3145.81,2024-05-23,2024-05-23,60,2024-07-22,14,2.5,2024-06-03,3067.16
B000226,L003,Neumaschinen,,A000688,2024-05-03,47460.48,2024-05-31,2024-05-31,45,2024-07-16,14,2.4,2024-06-27,47460.48
B000227,L003,Neumaschinen,,A000691,2024-04-26,15117.65,2024-05-20,2024-05-20,45,2024-07-04,14,2.4,2024-06-03,14754.83
B000228,L008,Neumaschinen,,A000692,2024-05-31,17978.36,2024-06-24,2024-06-24,60,2024-08-24,14,2.1,2024-08-05,17978.36
B000229,L008,Neumaschinen,,A000696,2024-05-30,10267.71,2024-06-23,2024-06-23,60,2024-08-24,14,2.1,2024-07-08,10052.09
B000230,L003,Neumaschinen,,A000697,2024-04-27,24327.27,2024-05-28,2024-05-28,45,2024-07-14,14,2.4,2024-06-12,23743.42
B000231,L001,Neumaschinen,,A000698,2024-05-08,22088.58,2024-06-06,2024-06-06,60,2024-08-06,14,2.5,2024-06-18,21536.37
B000232,L007,Neumaschinen,,A000710,2024-05-19,5849.7,2024-06-27,2024-06-27,30,2024-07-29,14,2.6,2024-07-13,5697.61
B000233,L006,Neumaschinen,,A000711,2024-05-07,1912.56,2024-06-02,2024-06-02,45,2024-07-19,14,2.1,2024-06-18,1872.4
B000234,L002,Neumaschinen,,A000713,2024-05-08,7037.06,2024-06-13,2024-06-18,45,2024-08-02,14,2.2,2024-06-29,6882.24
B000235,L003,Neumaschinen,,A000715,2024-05-10,2226.95,2024-06-04,2024-06-04,45,2024-07-19,14,2.4,2024-06-17,2173.5
B000236,L005,Neumaschinen,,A000716,2024-05-10,8750.84,2024-06-13,2024-06-13,30,2024-07-15,14,2.4,2024-06-28,8540.82
B000237,L008,Neumaschinen,,A000720,2024-05-06,9551.49,2024-06-07,2024-06-07,60,2024-08-06,14,2.1,2024-06-19,9350.91
B000238,L001,Neumaschinen,,A000725,2024-05-11,5940.16,2024-06-08,2024-06-08,60,2024-08-08,14,2.5,2024-06-22,5791.66
B000239,L005,Neumaschinen,,A000726,2024-05-15,6851.25,2024-06-18,2024-06-18,30,2024-07-20,14,2.4,2024-07-03,6686.82
B000240,L001,Neumaschinen,,A000732,2024-05-15,6905.27,2024-06-11,2024-06-11,60,2024-08-12,14,2.5,2024-07-15,6905.27
B000241,L002,Neumaschinen,,A000733,2024-05-16,19110.46,2024-06-15,2024-06-15,45,2024-08-01,14,2.2,2024-06-28,18690.03
B000242,L007,Neumaschinen,,A000737,2024-05-13,6487.17,2024-06-19,2024-06-19,30,2024-07-19,14,2.6,2024-07-01,6318.5
B000243,L007,Neumaschinen,,A000739,2024-05-12,2245.62,2024-06-20,2024-06-20,30,2024-07-20,14,2.6,2024-07-10,2245.62
B000244,L003,Neumaschinen,,A000744,2024-05-22,50542.54,2024-06-18,2024-06-18,45,2024-08-02,14,2.4,2024-07-02,49329.52
B000245,L006,Neumaschinen,,A000748,2024-05-31,17434.11,2024-06-21,2024-06-21,45,2024-08-05,14,2.1,2024-07-30,17434.11
B000246,L008,Neumaschinen,,A000750,2024-05-17,15570.41,2024-06-07,2024-06-09,60,2024-08-08,14,2.1,2024-06-20,15243.43
B000247,L008,Neumaschinen,,A000753,2024-05-22,2391.34,2024-06-19,2024-06-21,60,2024-08-21,14,2.1,2024-07-06,2341.12
B000248,L004,Neumaschinen,,A000754,2024-05-23,28245.71,2024-06-24,2024-06-24,30,2024-07-25,14,2.5,2024-07-21,28245.71
B000249,L004,Neumaschinen,,A000757,2024-05-26,14880.56,2024-06-24,2024-06-26,30,2024-07-28,14,2.5,2024-07-11,14508.55
B000250,L007,Neumaschinen,,A000759,2024-05-13,5036.87,2024-06-05,2024-06-05,30,2024-07-06,14,2.6,2024-06-18,4905.91
B000251,L002,Neumaschinen,,A000761,2024-05-22,5852.89,2024-06-11,2024-06-11,45,2024-07-28,14,2.2,2024-06-25,5724.13
B000252,L004,Neumaschinen,,A000762,2024-06-11,15042.55,2024-06-30,2024-06-30,30,2024-07-30,14,2.5,2024-07-13,14666.49
B000253,L001,Neumaschinen,,A000767,2024-06-17,3857.79,2024-07-05,2024-07-05,60,2024-09-03,14,2.5,2024-07-18,3761.35
B000254,L007,Neumaschinen,,A000771,2024-05-26,56363.67,2024-06-29,2024-06-29,30,2024-07-30,14,2.6,2024-07-14,54898.21
B000255,L004,Neumaschinen,,A000772,2024-06-06,14412.61,2024-07-01,2024-07-01,30,2024-07-31,14,2.5,2024-07-18,14412.61
B000256,L008,Neumaschinen,,A000777,2024-05-25,14888.73,2024-06-24,2024-06-26,60,2024-08-25,14,2.1,2024-07-08,14576.07
B000257,L007,Neumaschinen,,A000780,2024-06-02,27957.49,2024-06-29,2024-06-29,30,2024-07-30,14,2.6,2024-07-14,27230.6
B000258,L001,Neumaschinen,,A000781,2024-06-17,19662.73,2024-07-10,2024-07-10,60,2024-09-08,14,2.5,2024-07-22,19171.16
B000259,L005,Neumaschinen,,A000786,2024-05-20,21703.34,2024-06-19,2024-06-19,30,2024-07-20,14,2.4,2024-07-07,21703.34
B000260,L004,Neumaschinen,,A000791,2024-06-18,4475.18,2024-07-04,2024-07-04,30,2024-08-05,14,2.5,2024-07-18,4363.3
B000261,L005,Neumaschinen,,A000792,2024-05-25,4347.99,2024-06-17,2024-06-17,30,2024-07-19,14,2.4,2024-07-01,4243.64
B000262,L008,Neumaschinen,,A000794,2024-06-04,33214.15,2024-07-03,2024-07-03,60,2024-09-01,14,2.1,2024-07-14,32516.65
B000263,L005,Neumaschinen,,A000795,2024-06-05,17472.51,2024-06-27,2024-06-29,30,2024-07-31,14,2.4,2024-07-14,17053.17
B000264,L005,Neumaschinen,,A000796,2024-05-28,1863.58,2024-06-26,2024-06-26,30,2024-07-28,14,2.4,2024-07-24,1863.58
B000265,L002,Neumaschinen,,A000797,2024-06-05,45083.83,2024-07-06,2024-07-06,45,2024-08-20,14,2.2,2024-07-19,44091.99
B000266,L008,Neumaschinen,,A000803,2024-06-08,6476.56,2024-06-30,2024-06-30,60,2024-08-31,14,2.1,2024-07-14,6340.55
B000267,L008,Neumaschinen,,A000804,2024-05-23,72735.89,2024-06-28,2024-07-03,60,2024-09-03,14,2.1,2024-07-17,71208.44
B000268,L002,Neumaschinen,,A000807,2024-06-05,28413.91,2024-06-29,2024-06-29,45,2024-08-15,14,2.2,2024-07-12,27788.8
B000269,L001,Neumaschinen,,A000808,2024-06-01,10113.15,2024-06-28,2024-06-30,60,2024-08-29,14,2.5,2024-07-11,9860.32
B000270,L005,Neumaschinen,,A000816,2024-06-07,9888.61,2024-06-24,2024-06-24,30,2024-07-24,14,2.4,2024-07-05,9651.28
B000271,L003,Neumaschinen,,A000819,2024-06-12,38390.26,2024-07-01,2024-07-10,45,2024-08-25,14,2.4,2024-07-22,37468.89
B000272,L004,Neumaschinen,,A000824,2024-06-07,6570.61,2024-07-03,2024-07-08,30,2024-08-09,14,2.5,2024-08-07,6570.61
B000273,L008,Neumaschinen,,A000825,2024-06-11,57068.94,2024-07-04,2024-07-04,60,2024-09-02,14,2.1,2024-07-15,55870.49
B000274,L007,Neumaschinen,,A000827,2024-06-16,50028.68,2024-07-15,2024-07-15,30,2024-08-15,14,2.6,2024-07-30,48727.93
B000275,L006,Neumaschinen,,A000829,2024-06-06,9358.48,2024-06-30,2024-07-02,45,2024-08-17,14,2.1,2024-07-14,9161.95
B000276,L003,Neumaschinen,,A000830,2024-06-04,16701.27,2024-06-24,2024-06-24,45,2024-08-08,14,2.4,2024-07-07,16300.44
B000277,L003,Neumaschinen,,A000831,2024-06-12,1902.33,2024-07-06,2024-07-06,45,2024-08-22,14,2.4,2024-07-21,1856.67
B000278,L008,Neumaschinen,,A000832,2024-06-07,11156.95,2024-07-04,2024-07-04,60,2024-09-02,14,2.1,2024-07-16,10922.65
B000279,L005,Neumaschinen,,A000833,2024-06-10,6446.45,2024-07-06,2024-07-06,30,2024-08-05,14,2.4,2024-07-18,6291.74
B000280,L007,Neumaschinen,,A000837,2024-06-09,1938.79,2024-07-04,2024-07-04,30,2024-08-04,14,2.6,2024-07-16,1888.38
B000281,L002,Neumaschinen,,A000839,2024-06-18,38784.78,2024-07-06,2024-07-06,45,2024-08-20,14,2.2,2024-07-19,37931.51
B000282,L005,Neumaschinen,,A000840,2024-06-13,6763.44,2024-07-13,2024-07-13,30,2024-08-12,14,2.4,2024-07-25,6601.12
B000283,L003,Neumaschinen,,A000841,2024-07-10,12218.03,2024-07-26,2024-07-26,45,2024-09-11,14,2.4,2024-08-08,11924.8
B000284,L007,Neumaschinen,,A000842,2024-06-28,30997.51,2024-07-13,2024-07-13,30,2024-08-13,14,2.6,2024-07-25,30191.57
B000285,L004,Neumaschinen,,A000843,2024-06-20,6197.91,2024-07-15,2024-07-15,30,2024-08-14,14,2.5,2024-07-27,6042.96
B000286,L004,Neumaschinen,,A000845,2024-06-24,5220.7,2024-07-11,2024-07-11,30,2024-08-12,14,2.5,2024-07-27,5090.18
B000287,L008,Neumaschinen,,A000847,2024-06-12,16428.02,2024-06-29,2024-07-08,60,2024-09-06,14,2.1,2024-07-22,16083.03
B000288,L006,Neumaschinen,,A000850,2024-06-15,2346.1,2024-07-01,2024-07-03,45,2024-08-17,14,2.1,2024-07-14,2296.83
B000289,L004,Neumaschinen,,A000854,2024-06-16,1811.73,2024-07-01,2024-07-10,30,2024-08-09,14,2.5,2024-07-23,1766.44
B000290,L004,Neumaschinen,,A000855,2024-06-17,29216.69,2024-07-11,2024-07-11,30,2024-08-10,14,2.5,2024-07-24,28486.27
B000291,L003,Neumaschinen,,A000857,2024-06-12,26266.13,2024-07-09,2024-07-09,45,2024-08-24,14,2.4,2024-07-24,25635.74
B000292,L007,Neumaschinen,,A000861,2024-06-21,27790.1,2024-07-08,2024-07-08,30,2024-08-07,14,2.6,2024-07-22,27067.56
B000293,L006,Neumaschinen,,A000865,2024-06-18,16634.77,2024-07-14,2024-07-14,45,2024-08-30,14,2.1,2024-07-27,16285.44
B000294,L003,Neumaschinen,,A000866,2024-06-22,5969.01,2024-07-07,2024-07-07,45,2024-08-21,14,2.4,2024-07-20,5825.75
B000295,L006,Neumaschinen,,A000869,2024-06-28,12957.42,2024-07-29,2024-07-29,45,2024-09-14,14,2.1,2024-08-14,12685.31
B000296,L006,Neumaschinen,,A000874,2024-06-29,12144.34,2024-07-22,2024-07-22,45,2024-09-05,14,2.1,2024-08-02,11889.31
B000297,L007,Neumaschinen,,A000876,2024-06-29,31679.05,2024-07-17,2024-07-19,30,2024-08-19,14,2.6,2024-08-07,31679.05
B000298,L008,Neumaschinen,,A000877,2024-07-08,4116.89,2024-08-06,2024-08-06,60,2024-10-07,14,2.1,2024-08-22,4116.89
B000299,L007,Neumaschinen,,A000878,2024-06-22,12837.14,2024-07-13,2024-07-13,30,2024-08-13,14,2.6,2024-08-10,12837.14
B000300,L001,Neumaschinen,,A000879,2024-06-15,7864.73,2024-07-12,2024-07-12,60,2024-09-11,14,2.5,2024-07-25,7668.11
B000301,L001,Neumaschinen,,A000886,2024-07-11,53536.06,2024-07-26,2024-07-26,60,2024-09-24,14,2.5,2024-08-28,53536.06
B000302,L001,Neumaschinen,,A000889,2024-06-28,3596.72,2024-07-16,2024-07-16,60,2024-09-14,14,2.5,2024-09-14,3596.72
B000303,L008,Neumaschinen,,A000895,2024-07-02,1907.91,2024-07-29,2024-07-29,60,2024-09-29,14,2.1,2024-08-12,1867.84
B000304,L008,Neumaschinen,,A000899,2024-06-29,5754.51,2024-07-16,2024-07-16,60,2024-09-14,14,2.1,2024-07-30,5633.67
B000305,L003,Neumaschinen,,A000911,2024-07-20,1956.55,2024-08-08,2024-08-08,45,2024-09-23,14,2.4,2024-08-22,1909.59
B000306,L006,Neumaschinen,,A000912,2024-07-04,9559.13,2024-07-22,2024-07-22,45,2024-09-07,14,2.1,2024-08-04,9358.39
B000307,L006,Neumaschinen,,A000916,2024-07-19,17951.34,2024-08-02,2024-08-02,45,2024-09-16,14,2.1,2024-08-16,17574.36
B000308,L008,Neumaschinen,,A000924,2024-07-12,50350.98,2024-08-12,2024-08-12,60,2024-10-11,14,2.1,2024-08-24,49293.61
B000309,L001,Neumaschinen,,A000925,2024-07-08,45232.16,2024-07-22,2024-07-22,60,2024-09-21,14,2.5,2024-08-06,44101.36
B000310,L006,Neumaschinen,,A000927,2024-07-22,2179.33,2024-08-16,2024-08-16,45,2024-10-02,14,2.1,2024-08-29,2133.56
B000311,L008,Neumaschinen,,A000930,2024-07-09,13030.38,2024-08-09,2024-08-09,60,2024-10-10,14,2.1,2024-08-23,12756.74
B000312,L002,Neumaschinen,,A000933,2024-07-03,4426.21,2024-07-28,2024-07-28,45,2024-09-12,14,2.2,2024-08-11,4328.83
B000313,L005,Neumaschinen,,A000939,2024-07-17,36172.61,2024-08-03,2024-08-05,30,2024-09-05,14,2.4,2024-08-20,35304.47
B000314,L005,Neumaschinen,,A000941,2024-07-24,8731.15,2024-08-09,2024-08-09,30,2024-09-10,14,2.4,2024-08-22,8521.6
B000315,L003,Neumaschinen,,A000946,2024-07-22,3877.72,2024-08-12,2024-08-12,45,2024-09-27,14,2.4,2024-08-26,3784.65
B000316,L004,Neumaschinen,,A000951,2024-07-24,1854.66,2024-08-11,2024-08-13,30,2024-09-13,14,2.5,2024-08-26,1808.29
B000317,L007,Neumaschinen,,A000955,2024-08-01,17335.81,2024-08-30,2024-08-30,30,2024-09-30,14,2.6,2024-09-25,17335.81
B000318,L003,Neumaschinen,,A000960,2024-08-06,20195.77,2024-08-23,2024-08-23,45,2024-10-07,14,2.4,2024-09-04,19711.07
B000319,L008,Neumaschinen,,A000961,2024-08-06,1802.26,2024-08-26,2024-08-26,60,2024-10-27,14,2.1,2024-09-11,1764.41
B000320,L008,Neumaschinen,,A000963,2024-08-16,30269.61,2024-09-05,2024-09-05,60,2024-11-05,14,2.1,2024-09-19,29633.95
B000321,L002,Neumaschinen,,A000968,2024-07-26,2051.54,2024-08-26,2024-08-28,45,2024-10-13,14,2.2,2024-09-12,2006.41
B000322,L007,Neumaschinen,,A000972,2024-08-27,56499.67,2024-09-25,2024-09-25,30,2024-10-25,14,2.6,2024-10-09,55030.68
B000323,L003,Neumaschinen,,A000973,2024-08-02,5621.33,2024-08-23,2024-08-23,45,2024-10-07,14,2.4,2024-09-03,5486.42
B000324,L008,Neumaschinen,,A000974,2024-08-02,34934.54,2024-08-17,2024-08-17,60,2024-10-17,14,2.1,2024-08-30,34200.91
B000325,L006,Neumaschinen,,A000975,2024-07-29,5876.55,2024-08-22,2024-08-22,45,2024-10-07,14,2.1,2024-09-03,5753.14
B000326,L006,Neumaschinen,,A000979,2024-07-24,30575.64,2024-08-11,2024-08-13,45,2024-09-28,14,2.1,2024-08-26,29933.55
B000327,L001,Neumaschinen,,A000985,2024-08-04,34861.53,2024-08-21,2024-08-21,60,2024-10-22,14,2.5,2024-09-04,33989.99
B000328,L008,Neumaschinen,,A000990,2024-08-13,7248.01,2024-09-07,2024-09-07,60,2024-11-08,14,2.1,2024-09-23,7095.8
B000329,L003,Neumaschinen,,A000994,2024-08-05,23405.11,2024-08-31,2024-09-05,45,2024-10-20,14,2.4,2024-09-18,22843.39
B000330,L003,Neumaschinen,,A000995,2024-08-19,8598.17,2024-09-07,2024-09-07,45,2024-10-23,14,2.4,2024-09-20,8391.81
B000331,L002,Neumaschinen,,A000996,2024-08-11,13578.28,2024-08-31,2024-08-31,45,2024-10-15,14,2.2,2024-09-12,13279.56
B000332,L004,Neumaschinen,,A001007,2024-08-05,18603.75,2024-09-01,2024-09-01,30,2024-10-03,14,2.5,2024-09-15,18138.66
B000333,L002,Neumaschinen,,A001011,2024-08-17,3382.78,2024-09-17,2024-09-17,45,2024-11-01,14,2.2,2024-10-01,3308.36
B000334,L003,Neumaschinen,,A001014,2024-09-06,21600.52,2024-10-04,2024-10-04,45,2024-11-19,14,2.4,2024-10-19,21082.11
B000335,L008,Neumaschinen,,A001019,2024-08-22,19081.71,2024-09-19,2024-09-19,60,2024-11-18,14,2.1,2024-09-30,18680.99
B000336,L006,Neumaschinen,,A001020,2024-08-29,14664.13,2024-09-15,2024-09-15,45,2024-10-30,14,2.1,2024-09-28,14356.18
B000337,L006,Neumaschinen,,A001021,2024-08-28,6771.18,2024-09-20,2024-09-20,45,2024-11-06,14,2.1,2024-10-03,6628.99
B000338,L005,Neumaschinen,,A001027,2024-08-22,9404.96,2024-09-13,2024-09-15,30,2024-10-17,14,2.4,2024-10-04,9404.96
B000339,L007,Neumaschinen,,A001029,2024-08-31,4098.45,2024-09-25,2024-09-25,30,2024-10-26,14,2.6,2024-10-08,3991.89
B000340,L007,Neumaschinen,,A001030,2024-08-31,5146.94,2024-09-22,2024-09-22,30,2024-10-22,14,2.6,2024-10-05,5013.12
B000341,L003,Neumaschinen,,A001031,2024-09-03,4393.98,2024-10-11,2024-10-13,45,2024-11-27,14,2.4,2024-10-24,4288.52
B000342,L006,Neumaschinen,,A001034,2024-09-08,1928.28,2024-10-07,2024-10-07,45,2024-11-21,14,2.1,2024-10-18,1887.79
B000343,L001,Neumaschinen,,A001035,2024-08-31,19658.21,2024-09-15,2024-09-15,60,2024-11-16,14,2.5,2024-09-29,19166.75
B000344,L005,Neumaschinen,,A001040,2024-08-26,4118.92,2024-09-19,2024-09-28,30,2024-10-29,14,2.4,2024-10-12,4020.07
B000345,L003,Neumaschinen,,A001044,2024-09-09,2982.63,2024-10-06,2024-10-06,45,2024-11-22,14,2.4,2024-10-19,2911.05
B000346,L007,Neumaschinen,,A001045,2024-09-07,29984.65,2024-09-29,2024-09-29,30,2024-10-29,14,2.6,2024-10-10,29205.05
B000347,L004,Neumaschinen,,A001046,2024-09-06,10422.17,2024-10-12,2024-10-12,30,2024-11-13,14,2.5,2024-10-28,10161.62
B000348,L004,Neumaschinen,,A001050,2024-08-28,1976.69,2024-09-22,2024-09-22,30,2024-10-23,14,2.5,2024-10-07,1927.27
B000349,L002,Neumaschinen,,A001051,2024-09-05,24441.67,2024-09-30,2024-10-05,45,2024-11-21,14,2.2,2024-10-19,23903.95
B000350,L008,Neumaschinen,,A001054,2024-09-15,2366.53,2024-10-15,2024-10-15,60,2024-12-14,14,2.1,2024-10-26,2316.83
B000351,L005,Neumaschinen,,A001061,2024-09-12,15729.78,2024-10-17,2024-10-17,30,2024-11-16,14,2.4,2024-10-30,15352.27
B000352,L005,Neumaschinen,,A001066,2024-09-27,12724.61,2024-10-29,2024-11-07,30,2024-12-09,14,2.4,2024-12-06,12724.61
B000353,L006,Neumaschinen,,A001070,2024-09-06,23990.01,2024-10-02,2024-10-02,45,2024-11-17,14,2.1,2024-10-16,23486.22
B000354,L002,Neumaschinen,,A001077,2024-09-17,43089.4,2024-10-12,2024-10-12,45,2024-11-28,14,2.2,2024-10-27,42141.43
B000355,L002,Neumaschinen,,A001080,2024-09-24,9350.99,2024-10-27,2024-10-29,45,2024-12-15,14,2.2,2024-11-13,9145.27
B000356,L007,Neumaschinen,,A001081,2024-09-12,5415.46,2024-10-02,2024-10-02,30,2024-11-03,14,2.6,2024-10-18,5274.66
B000357,L001,Neumaschinen,,A001082,2024-09-21,10598.68,2024-10-09,2024-10-09,60,2024-12-08,14,2.5,2024-10-23,10333.71
B000358,L007,Neumaschinen,,A001087,2024-09-21,4574.98,2024-10-22,2024-10-22,30,2024-11-21,14,2.6,2024-11-02,4456.03
B000359,L001,Neumaschinen,,A001090,2024-10-04,20775.56,2024-11-04,2024-11-06,60,2025-01-07,14,2.5,2024-11-22,20256.17
B000360,L007,Neumaschinen,,A001099,2024-09-20,3479.27,2024-10-12,2024-10-14,30,2024-11-14,14,2.6,2024-10-26,3388.81
B000361,L003,Neumaschinen,,A001103,2024-10-11,8165.62,2024-11-14,2024-11-14,45,2024-12-30,14,2.4,2024-11-28,7969.65
B000362,L004,Neumaschinen,,A001114,2024-10-03,25222.38,2024-11-08,2024-11-08,30,2024-12-09,14,2.5,2024-11-22,24591.82
B000363,L008,Neumaschinen,,A001120,2024-09-25,8119.73,2024-10-25,2024-10-25,60,2024-12-25,14,2.1,2024-11-09,7949.22
B000364,L003,Neumaschinen,,A001124,2024-10-07,1828.9,2024-11-08,2024-11-08,45,2024-12-25,14,2.4,2024-11-21,1785.01
B000365,L008,Neumaschinen,,A001125,2024-10-15,6098.03,2024-11-12,2024-11-12,60,2025-01-13,14,2.1,2024-11-25,5969.97
B000366,L001,Neumaschinen,,A001133,2024-10-10,19022.69,2024-11-18,2024-11-20,60,2025-01-19,14,2.5,2024-12-02,18547.12
B000367,L001,Neumaschinen,,A001134,2024-10-08,17128.27,2024-11-04,2024-11-04,60,2025-01-03,14,2.5,2024-11-15,16700.06
B000368,L002,Neumaschinen,,A001139,2024-10-09,11758.44,2024-11-11,2024-11-11,45,2024-12-26,14,2.2,2024-11-23,11499.75
B000369,L004,Neumaschinen,,A001142,2024-11-01,28544.24,2024-11-28,2024-11-28,30,2024-12-30,14,2.5,2024-12-14,27830.63
B000370,L002,Neumaschinen,,A001144,2024-11-06,12575.44,2024-11-30,2024-11-30,45,2025-01-14,14,2.2,2024-12-12,12298.78
B000371,L005,Neumaschinen,,A001145,2024-10-07,55837.87,2024-11-02,2024-11-02,30,2024-12-04,14,2.4,2024-11-16,54497.76
B000372,L004,Neumaschinen,,A001147,2024-10-09,30598.81,2024-11-07,2024-11-07,30,2024-12-08,14,2.5,2024-11-21,29833.84
B000373,L008,Neumaschinen,,A001149,2024-10-10,5637.97,2024-11-04,2024-11-04,60,2025-01-05,14,2.1,2024-11-18,5519.57
B000374,L007,Neumaschinen,,A001152,2024-10-10,39903.07,2024-11-05,2024-11-05,30,2024-12-07,14,2.6,2024-11-29,39903.07
B000375,L004,Neumaschinen,,A001153,2024-10-11,18922.27,2024-11-11,2024-11-11,30,2024-12-13,14,2.5,2024-11-26,18449.21
B000376,L002,Neumaschinen,,A001156,2024-10-18,25653.99,2024-11-09,2024-11-09,45,2024-12-25,14,2.2,2024-11-23,25089.6
B000377,L007,Neumaschinen,,A001157,2024-10-13,6496.2,2024-11-04,2024-11-04,30,2024-12-04,14,2.6,2024-11-18,6327.3
B000378,L002,Neumaschinen,,A001168,2024-10-15,3850.62,2024-11-24,2024-11-24,45,2025-01-10,14,2.2,2024-12-08,3765.91
B000379,L005,Neumaschinen,,A001169,2024-10-21,15360.14,2024-11-21,2024-11-21,30,2024-12-23,14,2.4,2024-12-07,14991.5
B000380,L008,Neumaschinen,,A001170,2024-10-07,1822.18,2024-10-30,2024-10-30,60,2024-12-31,14,2.1,2024-11-15,1783.91
B000381,L006,Neumaschinen,,A001171,2024-10-07,1945.47,2024-11-02,2024-11-02,45,2024-12-18,14,2.1,2024-11-23,1945.47
B000382,L001,Neumaschinen,,A001172,2024-10-15,9112.75,2024-11-06,2024-11-06,60,2025-01-07,14,2.5,2024-12-24,9112.75
B000383,L007,Neumaschinen,,A001181,2024-10-23,41937.54,2024-11-15,2024-11-15,30,2024-12-15,14,2.6,2024-11-28,40847.16
B000384,L008,Neumaschinen,,A001185,2024-10-18,16110.51,2024-11-10,2024-11-10,60,2025-01-09,14,2.1,2024-11-21,15772.19
B000385,L007,Neumaschinen,,A001187,2024-10-21,53312.56,2024-11-25,2024-11-25,30,2024-12-25,14,2.6,2024-12-08,51926.43
B000386,L002,Neumaschinen,,A001188,2024-10-21,9818.84,2024-11-28,2024-11-30,45,2025-01-15,14,2.2,2024-12-13,9602.83
B000387,L005,Neumaschinen,,A001189,2024-11-07,2550.58,2024-12-04,2024-12-06,30,2025-01-07,14,2.4,2024-12-21,2489.37
B000388,L001,Neumaschinen,,A001190,2024-10-14,1946.0,2024-11-06,2024-11-06,60,2025-01-07,14,2.5,2024-11-30,1946.0
B000389,L004,Neumaschinen,,A001195,2024-11-11,26719.66,2024-11-26,2024-11-26,30,2024-12-26,14,2.5,2024-12-09,26051.67
B000390,L008,Neumaschinen,,A001197,2024-10-24,2848.17,2024-11-21,2024-11-21,60,2025-01-22,14,2.1,2024-12-07,2788.36
B000391,L003,Neumaschinen,,A001200,2024-10-30,6631.49,2024-12-04,2024-12-04,45,2025-01-20,14,2.4,2024-12-20,6472.33
B000392,L008,Neumaschinen,,A001203,2024-10-30,5419.4,2024-11-29,2024-11-29,60,2025-01-29,14,2.1,2024-12-19,5419.4
B000393,L001,Neumaschinen,,A001207,2024-10-27,38613.86,2024-11-18,2024-11-18,60,2025-01-17,14,2.5,2024-12-23,38613.86
B000394,L002,Neumaschinen,,A001214,2024-10-28,32918.08,2024-11-28,2024-11-28,45,2025-01-12,14,2.2,2024-12-10,32193.88
B000395,L003,Neumaschinen,,A001219,2024-11-07,4996.07,2024-12-05,2024-12-05,45,2025-01-20,14,2.4,2024-12-17,4876.16
B000396,L002,Neumaschinen,,A001221,2024-11-05,20349.13,2024-11-23,2024-11-28,45,2025-01-13,14,2.2,2024-12-12,19901.45
B000397,L007,Neumaschinen,,A001226,2024-11-09,14413.78,2024-12-08,2024-12-08,30,2025-01-09,14,2.6,2025-01-06,14413.78
B000398,L005,Neumaschinen,,A001228,2024-11-05,3415.11,2024-12-04,2024-12-04,30,2025-01-04,14,2.4,2024-12-19,3333.15
B000399,L007,Neumaschinen,,A001229,2024-11-07,3652.61,2024-12-04,2024-12-04,30,2025-01-05,14,2.6,2024-12-18,3557.64
B000400,L005,Neumaschinen,,A001230,2024-11-06,3275.36,2024-12-04,2024-12-04,30,2025-01-03,14,2.4,2024-12-17,3196.75
B000401,L005,Neumaschinen,,A001234,2024-10-29,3823.58,2024-11-17,2024-11-17,30,2024-12-18,14,2.4,2024-11-30,3731.81
B000402,L007,Neumaschinen,,A001237,2024-11-02,12051.48,2024-11-24,2024-11-24,30,2024-12-24,14,2.6,2024-12-07,11738.14
B000403,L004,Neumaschinen,,A001238,2024-11-06,15970.86,2024-11-25,2024-11-25,30,2024-12-26,14,2.5,2024-12-10,15571.59
B000404,L006,Neumaschinen,,A001244,2024-11-07,18589.61,2024-12-01,2024-12-01,45,2025-01-16,14,2.1,2024-12-13,18199.23
B000405,L002,Neumaschinen,,A001247,2024-11-16,7976.6,2024-12-09,2024-12-14,45,2025-01-29,14,2.2,2025-01-13,7976.6
B000406,L008,Neumaschinen,,A001248,2024-11-01,92800.25,2024-11-22,2024-11-22,60,2025-01-22,14,2.1,2024-12-07,90851.44
B000407,L003,Neumaschinen,,A001249,2024-11-08,20696.36,2024-12-09,2024-12-09,45,2025-01-23,14,2.4,2025-01-01,20696.36
B000408,L003,Neumaschinen,,A001254,2024-11-09,19667.48,2024-11-29,2024-11-29,45,2025-01-13,14,2.4,2024-12-13,19195.46
B000409,L003,Neumaschinen,,A001256,2024-11-18,9500.42,2024-12-05,2024-12-05,45,2025-01-21,14,2.4,2024-12-20,9272.41
B000410,L003,Neumaschinen,,A001267,2024-11-12,18947.85,2024-12-09,2024-12-11,45,2025-01-26,14,2.4,2024-12-23,18493.1
B000411,L003,Neumaschinen,,A001269,2024-11-23,26379.18,2024-12-23,2024-12-23,45,2025-02-06,14,2.4,2025-01-06,25746.08
B000412,L001,Neumaschinen,,A001271,2024-11-15,37251.01,2024-11-30,2024-11-30,60,2025-01-31,14,2.5,2024-12-15,36319.73
B000413,L003,Neumaschinen,,A001275,2024-11-14,30353.31,2024-12-09,2024-12-09,45,2025-01-24,14,2.4,2024-12-22,29624.83
B000414,L001,Neumaschinen,,A001277,2024-11-20,12223.81,2024-12-18,2024-12-20,60,2025-02-18,14,2.5,2025-01-02,11918.21
B000415,L004,Neumaschinen,,A001278,2024-11-12,15010.06,2024-12-08,2024-12-08,30,2025-01-07,14,2.5,2024-12-19,14634.81
B000416,L003,Neumaschinen,,A001281,2024-11-21,54175.22,2024-12-18,2024-12-18,45,2025-02-02,14,2.4,2025-01-01,52875.01
B000417,L002,Neumaschinen,,A001285,2024-11-23,2142.65,2024-12-14,2024-12-14,45,2025-01-30,14,2.2,2024-12-27,2095.51
B000418,L003,Neumaschinen,,A001286,2024-11-18,15669.29,2024-12-15,2024-12-24,45,2025-02-07,14,2.4,2025-01-14,15669.29
B000419,L005,Neumaschinen,,A001289,2024-11-18,6225.23,2024-12-16,2024-12-16,30,2025-01-16,14,2.4,2024-12-28,6075.82
B000420,L008,Neumaschinen,,A001296,2024-12-06,12336.78,2025-01-04,2025-01-04,60,2025-03-05,14,2.1,2025-01-15,12077.71
B000421,L007,Neumaschinen,,A001298,2024-12-08,22450.72,2025-01-05,2025-01-14,30,2025-02-14,14,2.6,2025-01-27,21867.0
B000422,L005,Neumaschinen,,A001299,2024-11-25,4625.51,2024-12-13,2024-12-22,30,2025-01-23,14,2.4,2025-01-14,4625.51
B000423,L004,Neumaschinen,,A001300,2024-12-09,23676.85,2025-01-02,2025-01-07,30,2025-02-08,14,2.5,2025-02-05,23676.85
B000424,L007,Neumaschinen,,A001301,2024-12-05,5656.44,2024-12-22,2024-12-22,30,2025-01-21,14,2.6,2025-01-05,5509.37
B000425,L008,Neumaschinen,,A001303,2024-11-22,11183.35,2024-12-08,2024-12-08,60,2025-02-06,14,2.1,2024-12-20,10948.5
B000426,L001,Neumaschinen,,A001304,2024-12-26,7027.27,2025-01-21,2025-01-30,60,2025-03-31,14,2.5,2025-02-13,6851.59
B000427,L005,Neumaschinen,,A001305,2024-11-21,2204.39,2024-12-16,2024-12-18,30,2025-01-17,14,2.4,2024-12-29,2151.48
B000428,L006,Neumaschinen,,A001308,2024-11-27,29673.25,2024-12-14,2024-12-14,45,2025-01-29,14,2.1,2025-01-06,29673.25
B000429,L001,Neumaschinen,,A001315,2024-12-09,29533.59,2024-12-26,2024-12-26,60,2025-02-25,14,2.5,2025-01-09,28795.25
B000430,L004,Neumaschinen,,A001319,2024-12-14,2429.0,2025-01-13,2025-01-13,30,2025-02-14,14,2.5,2025-01-27,2368.28
B000431,L002,Neumaschinen,,A001321,2024-12-19,4058.64,2025-01-09,2025-01-09,45,2025-02-25,14,2.2,2025-01-24,3969.35
B000432,L005,Neumaschinen,,A001323,2024-12-07,27356.06,2024-12-22,2024-12-22,30,2025-01-21,14,2.4,2025-01-03,26699.51
B000433,L005,Neumaschinen,,A001325,2024-12-13,6999.93,2025-01-09,2025-01-09,30,2025-02-08,14,2.4,2025-01-23,6831.93
B000434,L008,Neumaschinen,,A001327,2024-12-14,32752.1,2025-01-04,2025-01-04,60,2025-03-05,14,2.1,2025-02-22,32752.1
B000435,L008,Neumaschinen,,A001334,2024-12-21,3935.72,2025-01-10,2025-01-10,60,2025-03-11,14,2.1,2025-01-23,3853.07
B000436,L003,Neumaschinen,,A001336,2025-01-18,43626.06,2025-02-10,2025-02-19,45,2025-04-07,14,2.4,2025-03-17,43626.06
B000437,L005,Neumaschinen,,A001338,2024-12-13,1818.56,2025-01-01,2025-01-01,30,2025-02-01,14,2.4,2025-01-16,1774.91
B000438,L004,Neumaschinen,,A001340,2024-12-27,39525.58,2025-01-17,2025-01-17,30,2025-02-17,14,2.5,2025-01-30,38537.44
B000439,L008,Neumaschinen,,A001342,2024-12-24,6228.59,2025-01-14,2025-01-14,60,2025-03-17,14,2.1,2025-03-17,6228.59
B000440,L004,Neumaschinen,,A001343,2025-01-02,55017.38,2025-02-01,2025-02-03,30,2025-03-07,14,2.5,2025-02-18,53641.95
B000441,L001,Neumaschinen,,A001347,2024-12-20,6087.03,2025-01-10,2025-01-12,60,2025-03-14,14,2.5,2025-02-04,6087.03
B000442,L002,Neumaschinen,,A001348,2024-12-27,24273.58,2025-01-23,2025-01-23,45,2025-03-11,14,2.2,2025-02-05,23739.56
B000443,L005,Neumaschinen,,A001350,2025-01-14,4841.84,2025-02-04,2025-02-04,30,2025-03-07,14,2.4,2025-02-16,4725.64
B000444,L005,Neumaschinen,,A001351,2025-01-14,58662.46,2025-01-29,2025-01-31,30,2025-03-03,14,2.4,2025-02-13,57254.56
B000445,L006,Neumaschinen,,A001354,2025-01-10,12389.37,2025-01-28,2025-02-02,45,2025-03-20,14,2.1,2025-02-15,12129.19
B000446,L002,Neumaschinen,,A001359,2025-01-01,9779.83,2025-01-15,2025-01-15,45,2025-03-01,14,2.2,2025-01-28,9564.67
B000447,L006,Neumaschinen,,A001361,2025-01-14,16982.78,2025-01-31,2025-01-31,45,2025-03-18,14,2.1,2025-02-13,16626.14
B000448,L007,Neumaschinen,,A001362,2025-01-13,3234.75,2025-02-12,2025-02-12,30,2025-03-14,14,2.6,2025-02-26,3150.65
B000449,L006,Neumaschinen,,A001365,2024-12-29,11746.56,2025-01-27,2025-01-27,45,2025-03-15,14,2.1,2025-02-10,11499.88
B000450,L004,Neumaschinen,,A001369,2025-01-02,1963.8,2025-01-30,2025-01-30,30,2025-03-01,14,2.5,2025-02-11,1914.7
B000451,L001,Neumaschinen,,A001373,2025-01-26,25026.36,2025-02-16,2025-02-16,60,2025-04-18,14,2.5,2025-03-01,24400.7
B000452,L002,Neumaschinen,,A001377,2025-01-17,6477.9,2025-02-07,2025-02-12,45,2025-03-29,14,2.2,2025-02-26,6335.39
B000453,L006,Neumaschinen,,A001380,2025-01-20,23126.16,2025-02-11,2025-02-11,45,2025-03-29,14,2.1,2025-03-14,23126.16
B000454,L007,Neumaschinen,,A001381,2025-01-22,20597.91,2025-02-10,2025-02-10,30,2025-03-14,14,2.6,2025-02-24,20062.36
B000455,L004,Neumaschinen,,A001382,2025-01-22,19254.53,2025-02-09,2025-02-09,30,2025-03-12,14,2.5,2025-02-24,18773.17
B000456,L008,Neumaschinen,,A001384,2025-01-26,9683.06,2025-02-10,2025-02-10,60,2025-04-11,14,2.1,2025-02-21,9479.72
B000457,L008,Neumaschinen,,A001387,2025-02-06,19403.67,2025-03-07,2025-03-07,60,2025-05-08,14,2.1,2025-03-27,19403.67
B000458,L007,Neumaschinen,,A001388,2025-02-08,33613.39,2025-03-02,2025-03-02,30,2025-04-03,14,2.6,2025-03-15,32739.44
B000459,L003,Neumaschinen,,A001396,2025-01-26,21712.09,2025-02-17,2025-02-17,45,2025-04-03,14,2.4,2025-03-02,21191.0
B000460,L004,Neumaschinen,,A001400,2025-01-25,33939.42,2025-02-23,2025-02-23,30,2025-03-26,14,2.5,2025-03-09,33090.93
B000461,L005,Neumaschinen,,A001403,2025-02-17,20036.55,2025-03-16,2025-03-16,30,2025-04-17,14,2.4,2025-03-31,19555.67
B000462,L007,Neumaschinen,,A001406,2025-02-24,29339.78,2025-03-22,2025-03-22,30,2025-04-21,14,2.6,2025-04-02,28576.95
B000463,L002,Neumaschinen,,A001408,2025-01-29,2001.81,2025-02-27,2025-03-04,45,2025-04-19,14,2.2,2025-03-17,1957.77
B000464,L003,Neumaschinen,,A001409,2025-02-15,7582.83,2025-03-13,2025-03-13,45,2025-04-28,14,2.4,2025-04-22,7582.83
B000465,L005,Neumaschinen,,A001410,2025-01-30,23658.15,2025-02-13,2025-02-13,30,2025-03-16,14,2.4,2025-02-27,23090.35
B000466,L007,Neumaschinen,,A001411,2025-02-01,9364.23,2025-02-27,2025-02-27,30,2025-03-30,14,2.6,2025-03-13,9120.76
B000467,L005,Neumaschinen,,A001414,2025-02-09,2680.6,2025-03-03,2025-03-03,30,2025-04-04,14,2.4,2025-03-16,2616.27
B000468,L008,Neumaschinen,,A001416,2025-02-13,9242.09,2025-03-07,2025-03-07,60,2025-05-08,14,2.1,2025-03-22,9048.01
B000469,L001,Neumaschinen,,A001422,2025-02-27,7743.66,2025-03-14,2025-03-14,60,2025-05-13,14,2.5,2025-03-28,7550.07
B000470,L005,Neumaschinen,,A001423,2025-02-24,9221.95,2025-03-15,2025-03-15,30,2025-04-16,14,2.4,2025-03-29,9000.62
B000471,L006,Neumaschinen,,A001424,2025-02-11,4367.22,2025-03-07,2025-03-12,45,2025-04-27,14,2.1,2025-03-26,4275.51
B000472,L004,Neumaschinen,,A001429,2025-03-06,50403.2,2025-04-04,2025-04-04,30,2025-05-04,14,2.5,2025-04-16,49143.12
B000473,L008,Neumaschinen,,A001431,2025-02-21,18500.1,2025-03-10,2025-03-12,60,2025-05-11,14,2.1,2025-03-24,18111.6
B000474,L004,Neumaschinen,,A001433,2025-02-17,25411.08,2025-03-15,2025-03-15,30,2025-04-14,14,2.5,2025-04-03,25411.08
B000475,L005,Neumaschinen,,A001434,2025-02-25,14029.55,2025-03-26,2025-03-26,30,2025-04-27,14,2.4,2025-04-11,13692.84
B000476,L007,Neumaschinen,,A001442,2025-03-04,1805.65,2025-04-08,2025-04-08,30,2025-05-09,14,2.6,2025-04-22,1758.7
B000477,L002,Neumaschinen,,A001448,2025-02-27,1831.66,2025-03-22,2025-03-31,45,2025-05-15,14,2.2,2025-04-12,1791.36
B000478,L008,Neumaschinen,,A001449,2025-03-19,40703.41,2025-04-25,2025-04-25,60,2025-06-25,14,2.1,2025-05-08,39848.64
B000479,L006,Neumaschinen,,A001450,2025-02-20,35960.59,2025-03-08,2025-03-08,45,2025-04-23,14,2.1,2025-04-19,35960.59
B000480,L004,Neumaschinen,,A001464,2025-04-06,5487.54,2025-05-01,2025-05-01,30,2025-06-02,14,2.5,2025-05-17,5350.35
B000481,L005,Neumaschinen,,A001476,2025-03-20,23242.27,2025-04-11,2025-04-11,30,2025-05-12,14,2.4,2025-04-24,22684.46
B000482,L008,Neumaschinen,,A001482,2025-03-11,1918.12,2025-04-10,2025-04-19,60,2025-06-18,14,2.1,2025-05-01,1877.84
B000483,L006,Neumaschinen,,A001483,2025-03-24,34869.31,2025-04-28,2025-04-30,45,2025-06-14,14,2.1,2025-05-13,34137.05
B000484,L008,Neumaschinen,,A001486,2025-04-02,4764.65,2025-05-07,2025-05-12,60,2025-07-12,14,2.1,2025-05-26,4664.59
B000485,L004,Neumaschinen,,A001488,2025-04-04,12028.71,2025-05-01,2025-05-03,30,2025-06-02,14,2.5,2025-05-15,11727.99
B000486,L007,Neumaschinen,,A001491,2025-04-06,51523.88,2025-05-06,2025-05-06,30,2025-06-05,14,2.6,2025-05-17,50184.26
B000487,L004,Neumaschinen,,A001494,2025-03-22,25626.34,2025-04-22,2025-04-27,30,2025-05-29,14,2.5,2025-05-21,25626.34
B000488,L003,Neumaschinen,,A001497,2025-03-31,9022.86,2025-05-05,2025-05-05,45,2025-06-20,14,2.4,2025-05-18,8806.31
B000489,L002,Neumaschinen,,A001501,2025-04-20,40530.64,2025-05-26,2025-05-26,45,2025-07-11,14,2.2,2025-06-09,39638.97
B000490,L005,Neumaschinen,,A001505,2025-03-30,20956.68,2025-04-29,2025-05-01,30,2025-06-01,14,2.4,2025-05-14,20453.72
B000491,L004,Neumaschinen,,A001506,2025-04-03,4385.87,2025-04-27,2025-04-27,30,2025-05-27,14,2.5,2025-05-09,4276.22
B000492,L008,Neumaschinen,,A001508,2025-04-08,26702.95,2025-05-08,2025-05-08,60,2025-07-08,14,2.1,2025-05-20,26142.19
B000493,L003,Neumaschinen,,A001512,2025-04-12,5327.4,2025-05-09,2025-05-09,45,2025-06-25,14,2.4,2025-05-23,5199.54
B000494,L002,Neumaschinen,,A001513,2025-03-31,23798.88,2025-04-18,2025-04-27,45,2025-06-12,14,2.2,2025-05-11,23275.3
B000495,L004,Neumaschinen,,A001514,2025-03-27,16459.47,2025-05-01,2025-05-03,30,2025-06-02,14,2.5,2025-05-14,16047.98
B000496,L003,Neumaschinen,,A001515,2025-04-05,33003.4,2025-04-30,2025-04-30,45,2025-06-16,14,2.4,2025-05-13,32211.32
B000497,L001,Neumaschinen,,A001516,2025-04-04,23768.33,2025-05-06,2025-05-06,60,2025-07-06,14,2.5,2025-05-20,23174.12
B000498,L008,Neumaschinen,,A001517,2025-03-26,21378.73,2025-05-02,2025-05-11,60,2025-07-10,14,2.1,2025-05-24,20929.78
B000499,L005,Neumaschinen,,A001520,2025-04-09,3423.25,2025-05-02,2025-05-04,30,2025-06-03,14,2.4,2025-05-16,3341.09
B000500,L001,Neumaschinen,,A001521,2025-04-10,33502.88,2025-05-04,2025-05-04,60,2025-07-05,14,2.5,2025-05-20,32665.31
B000501,L007,Neumaschinen,,A001522,2025-04-10,19647.86,2025-05-10,2025-05-10,30,2025-06-09,14,2.6,2025-05-24,19137.02
B000502,L005,Neumaschinen,,A001523,2025-05-02,7538.19,2025-05-29,2025-06-03,30,2025-07-03,14,2.4,2025-06-14,7357.27
B000503,L002,Neumaschinen,,A001526,2025-04-02,40918.24,2025-05-04,2025-05-04,45,2025-06-18,14,2.2,2025-05-15,40018.04
B000504,L004,Neumaschinen,,A001527,2025-04-01,5959.02,2025-05-06,2025-05-15,30,2025-06-14,14,2.5,2025-06-12,5959.02
B000505,L007,Neumaschinen,,A001529,2025-04-17,50976.31,2025-05-13,2025-05-13,30,2025-06-14,14,2.6,2025-05-28,49650.93
B000506,L004,Neumaschinen,,A001530,2025-04-12,18372.73,2025-05-23,2025-05-23,30,2025-06-23,14,2.5,2025-06-07,17913.41
B000507,L004,Neumaschinen,,A001533,2025-04-19,26447.72,2025-05-09,2025-05-09,30,2025-06-10,14,2.5,2025-05-23,25786.53
B000508,L006,Neumaschinen,,A001535,2025-04-23,33492.82,2025-05-16,2025-05-16,45,2025-07-02,14,2.1,2025-06-01,32789.47
B000509,L004,Neumaschinen,,A001536,2025-05-05,17898.84,2025-05-29,2025-05-31,30,2025-07-01,14,2.5,2025-06-14,17451.37
B000510,L007,Neumaschinen,,A001538,2025-04-23,32091.78,2025-05-23,2025-05-23,30,2025-06-22,14,2.6,2025-06-04,31257.39
B000511,L008,Neumaschinen,,A001541,2025-04-08,39738.94,2025-05-07,2025-05-16,60,2025-07-16,14,2.1,2025-05-29,38904.42
B000512,L003,Neumaschinen,,A001544,2025-04-27,22910.36,2025-05-24,2025-05-24,45,2025-07-10,14,2.4,2025-06-08,22360.51
B000513,L001,Neumaschinen,,A001547,2025-04-16,7337.78,2025-05-15,2025-05-15,60,2025-07-15,14,2.5,2025-05-31,7337.78
B000514,L002,Neumaschinen,,A001549,2025-04-29,20382.74,2025-05-22,2025-05-22,45,2025-07-06,14,2.2,2025-06-02,19934.32
B000515,L005,Neumaschinen,,A001550,2025-04-23,17699.16,2025-05-13,2025-05-13,30,2025-06-13,14,2.4,2025-05-25,17274.38
B000516,L006,Neumaschinen,,A001551,2025-05-01,27464.36,2025-05-28,2025-05-28,45,2025-07-12,14,2.1,2025-06-10,26887.61
B000517,L003,Neumaschinen,,A001552,2025-04-20,6225.75,2025-05-29,2025-05-29,45,2025-07-13,14,2.4,2025-06-09,6076.33
B000518,L004,Neumaschinen,,A001553,2025-04-14,8673.46,2025-05-11,2025-05-11,30,2025-06-11,14,2.5,2025-05-26,8456.62
B000519,L003,Neumaschinen,,A001555,2025-04-13,25137.42,2025-05-08,2025-05-08,45,2025-06-24,14,2.4,2025-05-23,24534.12
B000520,L006,Neumaschinen,,A001556,2025-04-24,17689.27,2025-05-15,2025-05-24,45,2025-07-09,14,2.1,2025-06-24,17689.27
B000521,L002,Neumaschinen,,A001558,2025-04-17,16381.13,2025-05-12,2025-05-12,45,2025-06-27,14,2.2,2025-05-26,16020.75
B000522,L007,Neumaschinen,,A001559,2025-04-14,37151.45,2025-05-10,2025-05-10,30,2025-06-10,14,2.6,2025-05-23,36185.51
B000523,L006,Neumaschinen,,A001564,2025-04-30,28088.11,2025-05-31,2025-05-31,45,2025-07-16,14,2.1,2025-06-14,27498.26
B000524,L006,Neumaschinen,,A001567,2025-04-11,34412.8,2025-05-06,2025-05-06,45,2025-06-21,14,2.1,2025-06-19,34412.8
B000525,L001,Neumaschinen,,A001568,2025-04-17,35762.42,2025-05-07,2025-05-12,60,2025-07-13,14,2.5,2025-05-25,34868.36
B000526,L007,Neumaschinen,,A001574,2025-04-18,23276.03,2025-05-23,2025-05-23,30,2025-06-23,14,2.6,2025-06-05,22670.85
B000527,L001,Neumaschinen,,A001579,2025-04-22,22855.02,2025-05-24,2025-05-24,60,2025-07-25,14,2.5,2025-06-12,22855.02
B000528,L006,Neumaschinen,,A001581,2025-04-18,10711.95,2025-05-09,2025-05-09,45,2025-06-24,14,2.1,2025-05-21,10487.0
B000529,L007,Neumaschinen,,A001582,2025-04-29,4664.86,2025-05-31,2025-05-31,30,2025-06-30,14,2.6,2025-06-13,4543.57
B000530,L004,Neumaschinen,,A001587,2025-04-24,37229.5,2025-05-22,2025-05-22,30,2025-06-22,14,2.5,2025-06-03,36298.76
B000531,L001,Neumaschinen,,A001589,2025-04-26,7512.93,2025-05-28,2025-05-28,60,2025-07-29,14,2.5,2025-06-10,7325.11
B000532,L005,Neumaschinen,,A001590,2025-04-22,43093.03,2025-05-20,2025-05-22,30,2025-06-21,14,2.4,2025-06-05,42058.8
B000533,L007,Neumaschinen,,A001591,2025-04-18,4480.07,2025-05-13,2025-05-13,30,2025-06-13,14,2.6,2025-05-28,4363.59
B000534,L001,Neumaschinen,,A001592,2025-04-17,4477.19,2025-05-13,2025-05-13,60,2025-07-14,14,2.5,2025-05-29,4365.26
B000535,L008,Neumaschinen,,A001593,2025-05-07,18947.15,2025-06-04,2025-06-04,60,2025-08-04,14,2.1,2025-08-02,18947.15
B000536,L004,Neumaschinen,,A001595,2025-04-27,10162.76,2025-05-31,2025-06-02,30,2025-07-04,14,2.5,2025-07-04,10162.76
B000537,L001,Neumaschinen,,A001596,2025-05-02,20960.7,2025-06-02,2025-06-02,60,2025-08-02,14,2.5,2025-06-15,20436.68
B000538,L003,Neumaschinen,,A001597,2025-04-26,12409.97,2025-06-05,2025-06-07,45,2025-07-22,14,2.4,2025-06-19,12112.13
B000539,L004,Neumaschinen,,A001600,2025-04-27,26782.8,2025-05-31,2025-06-05,30,2025-07-07,14,2.5,2025-06-29,26782.8
B000540,L008,Neumaschinen,,A001603,2025-04-25,23132.21,2025-05-18,2025-05-18,60,2025-07-17,14,2.1,2025-05-31,22646.43
B000541,L002,Neumaschinen,,A001604,2025-05-02,12940.31,2025-05-22,2025-05-24,45,2025-07-08,14,2.2,2025-06-04,12655.62
B000542,L005,Neumaschinen,,A001605,2025-05-14,4024.92,2025-06-21,2025-06-21,30,2025-07-23,14,2.4,2025-07-06,3928.32
B000543,L006,Neumaschinen,,A001608,2025-04-30,70596.31,2025-05-26,2025-05-26,45,2025-07-12,14,2.1,2025-06-09,69113.79
B000544,L001,Neumaschinen,,A001612,2025-05-05,97086.56,2025-06-10,2025-06-10,60,2025-08-11,14,2.5,2025-06-25,94659.4
B000545,L005,Neumaschinen,,A001613,2025-05-09,6901.22,2025-06-02,2025-06-02,30,2025-07-02,14,2.4,2025-06-15,6735.59
B000546,L008,Neumaschinen,,A001615,2025-04-24,10616.27,2025-06-02,2025-06-07,60,2025-08-07,14,2.1,2025-06-20,10393.33
B000547,L008,Neumaschinen,,A001616,2025-05-01,20571.59,2025-05-21,2025-05-23,60,2025-07-24,14,2.1,2025-06-07,20139.59
B000548,L003,Neumaschinen,,A001618,2025-05-06,20311.5,2025-06-02,2025-06-02,45,2025-07-19,14,2.4,2025-06-15,19824.02
B000549,L007,Neumaschinen,,A001620,2025-05-20,46798.36,2025-06-26,2025-06-26,30,2025-07-27,14,2.6,2025-07-14,46798.36
B000550,L005,Neumaschinen,,A001621,2025-05-14,24833.57,2025-06-13,2025-06-13,30,2025-07-14,14,2.4,2025-06-27,24237.56
B000551,L005,Neumaschinen,,A001622,2025-05-19,21088.01,2025-06-17,2025-06-17,30,2025-07-19,14,2.4,2025-06-30,20581.9
B000552,L006,Neumaschinen,,A001623,2025-05-07,50919.69,2025-06-08,2025-06-08,45,2025-07-25,14,2.1,2025-06-21,49850.38
B000553,L005,Neumaschinen,,A001626,2025-05-12,12111.79,2025-06-18,2025-06-27,30,2025-07-28,14,2.4,2025-07-11,11821.11
B000554,L003,Neumaschinen,,A001629,2025-05-12,31451.26,2025-06-10,2025-06-10,45,2025-07-25,14,2.4,2025-06-24,30696.43
B000555,L008,Neumaschinen,,A001632,2025-05-03,7907.48,2025-05-27,2025-05-27,60,2025-07-27,14,2.1,2025-07-27,7907.48
B000556,L001,Neumaschinen,,A001635,2025-05-12,60916.57,2025-06-01,2025-06-01,60,2025-08-02,14,2.5,2025-06-15,59393.66
B000557,L005,Neumaschinen,,A001636,2025-05-09,3920.9,2025-06-13,2025-06-13,30,2025-07-14,14,2.4,2025-06-25,3826.8
B000558,L007,Neumaschinen,,A001643,2025-05-05,2416.24,2025-05-28,2025-05-28,30,2025-06-29,14,2.6,2025-06-10,2353.42
B000559,L008,Neumaschinen,,A001646,2025-05-11,9946.12,2025-06-03,2025-06-03,60,2025-08-02,14,2.1,2025-06-16,9737.25
B000560,L003,Neumaschinen,,A001651,2025-05-14,4703.93,2025-06-10,2025-06-10,45,2025-07-26,14,2.4,2025-06-25,4591.04
B000561,L007,Neumaschinen,,A001654,2025-05-16,6861.59,2025-06-14,2025-06-14,30,2025-07-15,14,2.6,2025-06-29,6683.19
B000562,L005,Neumaschinen,,A001662,2025-05-20,16052.55,2025-06-20,2025-06-20,30,2025-07-21,14,2.4,2025-07-05,15667.29
B000563,L008,Neumaschinen,,A001664,2025-05-06,68850.58,2025-06-04,2025-06-04,60,2025-08-04,14,2.1,2025-06-17,67404.72
B000564,L005,Neumaschinen,,A001666,2025-05-31,36416.45,2025-06-27,2025-06-27,30,2025-07-28,14,2.4,2025-07-11,35542.46
B000565,L005,Neumaschinen,,A001667,2025-05-20,30157.26,2025-06-23,2025-06-23,30,2025-07-23,14,2.4,2025-07-07,29433.49
B000566,L007,Neumaschinen,,A001669,2025-05-23,6531.83,2025-06-24,2025-06-24,30,2025-07-25,14,2.6,2025-07-09,6362.0
B000567,L002,Neumaschinen,,A001670,2025-05-19,6998.84,2025-06-21,2025-06-21,45,2025-08-06,14,2.2,2025-07-14,6998.84
B000568,L004,Neumaschinen,,A001671,2025-05-24,4556.18,2025-06-25,2025-06-27,30,2025-07-29,14,2.5,2025-07-10,4442.28
B000569,L008,Neumaschinen,,A001677,2025-05-16,26378.85,2025-06-21,2025-06-21,60,2025-08-22,14,2.1,2025-07-04,25824.89
B000570,L005,Neumaschinen,,A001679,2025-05-20,22886.33,2025-06-08,2025-06-08,30,2025-07-08,14,2.4,2025-06-20,22337.06
B000571,L001,Neumaschinen,,A001681,2025-05-12,25061.95,2025-06-14,2025-06-14,60,2025-08-14,14,2.5,2025-06-26,24435.4
B000572,L002,Neumaschinen,,A001683,2025-06-03,8007.56,2025-06-25,2025-06-25,45,2025-08-09,14,2.2,2025-07-15,8007.56
B000573,L001,Neumaschinen,,A001689,2025-05-13,1809.56,2025-06-17,2025-06-17,60,2025-08-18,14,2.5,2025-07-03,1764.32
B000574,L006,Neumaschinen,,A001691,2025-05-31,3657.71,2025-07-05,2025-07-05,45,2025-08-21,14,2.1,2025-08-14,3657.71
B000575,L003,Neumaschinen,,A001696,2025-05-28,7197.77,2025-06-25,2025-06-25,45,2025-08-11,14,2.4,2025-07-18,7197.77
B000576,L007,Neumaschinen,,A001697,2025-06-06,7548.91,2025-06-26,2025-06-26,30,2025-07-27,14,2.6,2025-07-09,7352.64
B000577,L003,Neumaschinen,,A001699,2025-05-27,30610.36,2025-06-20,2025-06-20,45,2025-08-04,14,2.4,2025-07-04,29875.71
B000578,L005,Neumaschinen,,A001700,2025-06-09,44212.46,2025-06-30,2025-06-30,30,2025-07-31,14,2.4,2025-07-14,43151.36
B000579,L008,Neumaschinen,,A001701,2025-06-03,35229.96,2025-06-19,2025-06-19,60,2025-08-19,14,2.1,2025-07-03,34490.13
B000580,L004,Neumaschinen,,A001704,2025-05-19,25663.55,2025-06-11,2025-06-11,30,2025-07-12,14,2.5,2025-06-23,25021.96
B000581,L002,Neumaschinen,,A001706,2025-06-07,7217.28,2025-07-06,2025-07-06,45,2025-08-21,14,2.2,2025-07-21,7058.5
B000582,L008,Neumaschinen,,A001707,2025-05-30,51154.17,2025-06-18,2025-06-18,60,2025-08-17,14,2.1,2025-07-02,50079.93
B000583,L004,Neumaschinen,,A001709,2025-06-01,16772.52,2025-06-22,2025-06-24,30,2025-07-24,14,2.5,2025-07-06,16353.21
B000584,L008,Neumaschinen,,A001710,2025-05-20,1963.56,2025-06-14,2025-06-14,60,2025-08-13,14,2.1,2025-07-25,1963.56
B000585,L005,Neumaschinen,,A001713,2025-05-20,30579.48,2025-06-23,2025-06-23,30,2025-07-25,14,2.4,2025-07-08,29845.57
B000586,L005,Neumaschinen,,A001716,2025-06-07,11066.94,2025-06-22,2025-06-22,30,2025-07-24,14,2.4,2025-07-08,10801.33
B000587,L008,Neumaschinen,,A001717,2025-06-02,7415.04,2025-06-29,2025-06-29,60,2025-08-30,14,2.1,2025-07-14,7259.32
B000588,L005,Neumaschinen,,A001720,2025-06-16,18894.51,2025-07-04,2025-07-04,30,2025-08-04,14,2.4,2025-07-16,18441.04
B000589,L005,Neumaschinen,,A001721,2025-06-02,2577.82,2025-06-29,2025-07-08,30,2025-08-08,14,2.4,2025-07-22,2515.95
B000590,L003,Neumaschinen,,A001723,2025-06-04,48722.79,2025-06-25,2025-06-25,45,2025-08-09,14,2.4,2025-07-09,47553.44
B000591,L008,Neumaschinen,,A001727,2025-06-10,16763.22,2025-06-27,2025-06-27,60,2025-08-28,14,2.1,2025-07-18,16763.22
B000592,L007,Neumaschinen,,A001731,2025-06-13,25338.99,2025-07-06,2025-07-06,30,2025-08-06,14,2.6,2025-07-21,24680.18
B000593,L001,Neumaschinen,,A001734,2025-06-04,21806.18,2025-07-03,2025-07-03,60,2025-09-03,14,2.5,2025-07-16,21261.03
B000594,L001,Neumaschinen,,A001737,2025-06-08,16250.29,2025-06-29,2025-06-29,60,2025-08-28,14,2.5,2025-07-12,15844.03
B000595,L008,Neumaschinen,,A001740,2025-06-17,2060.92,2025-07-08,2025-07-08,60,2025-09-06,14,2.1,2025-08-13,2060.92
B000596,L003,Neumaschinen,,A001744,2025-06-11,23971.15,2025-07-11,2025-07-11,45,2025-08-26,14,2.4,2025-07-23,23395.84
B000597,L003,Neumaschinen,,A001745,2025-06-13,6469.43,2025-07-10,2025-07-15,45,2025-08-31,14,2.4,2025-07-29,6314.16
B000598,L001,Neumaschinen,,A001746,2025-06-28,30595.72,2025-07-28,2025-07-28,60,2025-09-27,14,2.5,2025-08-11,29830.83
B000599,L006,Neumaschinen,,A001747,2025-06-09,7296.65,2025-07-07,2025-07-07,45,2025-08-22,14,2.1,2025-07-21,7143.42
B000600,L004,Neumaschinen,,A001748,2025-06-23,41934.17,2025-07-24,2025-07-24,30,2025-08-25,14,2.5,2025-08-09,40885.82
B000601,L001,Neumaschinen,,A001750,2025-06-10,29829.9,2025-07-08,2025-07-08,60,2025-09-06,14,2.5,2025-07-20,29084.15
B000602,L003,Neumaschinen,,A001751,2025-06-13,1800.11,2025-07-05,2025-07-05,45,2025-08-19,14,2.4,2025-07-18,1756.91
B000603,L001,Neumaschinen,,A001752,2025-06-08,36562.75,2025-07-02,2025-07-11,60,2025-09-09,14,2.5,2025-07-24,35648.68
B000604,L008,Neumaschinen,,A001753,2025-06-11,25345.41,2025-06-26,2025-06-28,60,2025-08-27,14,2.1,2025-07-12,24813.16
B000605,L007,Neumaschinen,,A001754,2025-06-03,10531.59,2025-06-20,2025-06-20,30,2025-07-20,14,2.6,2025-07-04,10257.77
B000606,L003,Neumaschinen,,A001757,2025-06-09,5986.37,2025-07-05,2025-07-14,45,2025-08-30,14,2.4,2025-07-27,5842.7
B000607,L004,Neumaschinen,,A001758,2025-06-14,1910.22,2025-07-07,2025-07-07,30,2025-08-08,14,2.5,2025-08-03,1910.22
B000608,L008,Neumaschinen,,A001761,2025-06-04,49563.2,2025-06-28,2025-06-28,60,2025-08-29,14,2.1,2025-07-12,48522.37
B000609,L004,Neumaschinen,,A001764,2025-06-23,4834.68,2025-07-24,2025-07-24,30,2025-08-23,14,2.5,2025-08-05,4713.81
B000610,L002,Neumaschinen,,A001769,2025-06-23,4092.96,2025-07-10,2025-07-10,45,2025-08-25,14,2.2,2025-07-22,4002.91
B000611,L001,Neumaschinen,,A001771,2025-06-16,2012.9,2025-07-10,2025-07-10,60,2025-09-09,14,2.5,2025-07-23,1962.58
B000612,L002,Neumaschinen,,A001772,2025-06-21,49294.35,2025-07-22,2025-07-22,45,2025-09-06,14,2.2,2025-08-06,48209.87
B000613,L006,Neumaschinen,,A001773,2025-06-29,65838.13,2025-07-19,2025-07-19,45,2025-09-02,14,2.1,2025-08-02,64455.53
B000614,L003,Neumaschinen,,A001774,2025-06-17,6489.24,2025-07-18,2025-07-18,45,2025-09-01,14,2.4,2025-08-01,6333.5
B000615,L007,Neumaschinen,,A001775,2025-06-24,34696.18,2025-07-14,2025-07-14,30,2025-08-14,14,2.6,2025-07-27,33794.08
B000616,L003,Neumaschinen,,A001777,2025-06-17,66945.82,2025-07-07,2025-07-07,45,2025-08-21,14,2.4,2025-07-19,65339.12
B000617,L002,Neumaschinen,,A001778,2025-06-20,10729.33,2025-07-14,2025-07-14,45,2025-08-29,14,2.2,2025-08-24,10729.33
B000618,L008,Neumaschinen,,A001779,2025-06-24,1917.43,2025-07-08,2025-07-08,60,2025-09-06,14,2.1,2025-08-26,1917.43
B000619,L001,Neumaschinen,,A001782,2025-06-18,11101.36,2025-07-14,2025-07-14,60,2025-09-14,14,2.5,2025-08-19,11101.36
B000620,L004,Neumaschinen,,A001783,2025-06-23,34514.18,2025-07-17,2025-07-17,30,2025-08-17,14,2.5,2025-07-30,33651.33
B000621,L003,Neumaschinen,,A001786,2025-06-08,1888.01,2025-07-01,2025-07-01,45,2025-08-15,14,2.4,2025-07-15,1842.7
B000622,L002,Neumaschinen,,A001789,2025-06-23,5232.22,2025-07-19,2025-07-19,45,2025-09-02,14,2.2,2025-07-30,5117.11
B000623,L001,Neumaschinen,,A001791,2025-07-05,41726.11,2025-08-03,2025-08-03,60,2025-10-03,14,2.5,2025-08-17,40682.96
B000624,L001,Neumaschinen,,A001793,2025-06-23,89823.73,2025-07-14,2025-07-14,60,2025-09-12,14,2.5,2025-07-27,87578.14
B000625,L008,Neumaschinen,,A001797,2025-06-25,19560.18,2025-07-18,2025-07-18,60,2025-09-18,14,2.1,2025-08-02,19149.42
B000626,L005,Neumaschinen,,A001802,2025-07-04,64706.45,2025-07-25,2025-07-25,30,2025-08-26,14,2.4,2025-08-21,64706.45
B000627,L003,Neumaschinen,,A001803,2025-07-01,2518.59,2025-07-18,2025-07-18,45,2025-09-03,14,2.4,2025-08-03,2458.14
B000628,L007,Neumaschinen,,A001806,2025-07-14,34916.78,2025-07-30,2025-07-30,30,2025-08-29,14,2.6,2025-08-10,34008.94
B000629,L002,Neumaschinen,,A001807,2025-07-10,25159.01,2025-07-24,2025-07-24,45,2025-09-08,14,2.2,2025-08-07,24605.51
B000630,L006,Neumaschinen,,A001809,2025-07-06,6320.44,2025-07-26,2025-07-26,45,2025-09-09,14,2.1,2025-08-07,6187.71
B000631,L008,Neumaschinen,,A001810,2025-07-06,10882.51,2025-08-01,2025-08-06,60,2025-10-07,14,2.1,2025-08-21,10653.98
B000632,L006,Neumaschinen,,A001812,2025-07-12,1973.61,2025-07-26,2025-07-26,45,2025-09-10,14,2.1,2025-08-07,1932.16
B000633,L003,Neumaschinen,,A001817,2025-07-11,19816.72,2025-08-08,2025-08-08,45,2025-09-22,14,2.4,2025-08-22,19341.12
B000634,L002,Neumaschinen,,A001823,2025-07-02,1857.72,2025-07-28,2025-07-28,45,2025-09-11,14,2.2,2025-09-02,1857.72
B000635,L006,Neumaschinen,,A001829,2025-07-22,6317.67,2025-08-07,2025-08-07,45,2025-09-23,14,2.1,2025-08-23,6185.0
B000636,L003,Neumaschinen,,A001830,2025-07-10,6790.76,2025-07-25,2025-07-25,45,2025-09-10,14,2.4,2025-08-09,6627.78
B000637,L008,Neumaschinen,,A001833,2025-08-04,42000.22,2025-08-27,2025-08-27,60,2025-10-26,14,2.1,2025-09-21,42000.22
B000638,L007,Neumaschinen,,A001835,2025-07-18,12650.09,2025-08-08,2025-08-08,30,2025-09-07,14,2.6,2025-08-20,12321.19
B000639,L001,Neumaschinen,,A001838,2025-07-17,26154.47,2025-08-05,2025-08-05,60,2025-10-05,14,2.5,2025-08-18,25500.61
B000640,L007,Neumaschinen,,A001844,2025-08-13,1873.04,2025-09-03,2025-09-03,30,2025-10-03,14,2.6,2025-09-14,1824.34
B000641,L007,Neumaschinen,,A001848,2025-07-26,67775.48,2025-08-14,2025-08-14,30,2025-09-13,14,2.6,2025-08-27,66013.32
B000642,L008,Neumaschinen,,A001849,2025-07-31,1923.04,2025-08-18,2025-08-18,60,2025-10-19,14,2.1,2025-09-03,1882.66
B000643,L002,Neumaschinen,,A001852,2025-08-01,3707.69,2025-08-29,2025-08-29,45,2025-10-15,14,2.2,2025-09-13,3626.12
B000644,L004,Neumaschinen,,A001855,2025-07-27,16081.95,2025-08-22,2025-08-22,30,2025-09-22,14,2.5,2025-09-08,16081.95
B000645,L007,Neumaschinen,,A001859,2025-07-30,7378.94,2025-08-16,2025-08-16,30,2025-09-16,14,2.6,2025-08-31,7187.09
B000646,L007,Neumaschinen,,A001860,2025-08-04,12068.87,2025-08-27,2025-08-27,30,2025-09-28,14,2.6,2025-09-09,11755.08
B000647,L005,Neumaschinen,,A001864,2025-08-09,12849.55,2025-08-29,2025-08-29,30,2025-09-29,14,2.4,2025-09-12,12541.16
B000648,L008,Neumaschinen,,A001866,2025-07-25,1951.53,2025-08-09,2025-08-09,60,2025-10-08,14,2.1,2025-08-20,1910.55
B000649,L001,Neumaschinen,,A001867,2025-07-27,6086.06,2025-08-23,2025-08-23,60,2025-10-24,14,2.5,2025-09-08,5933.91
B000650,L001,Neumaschinen,,A001869,2025-08-05,40307.98,2025-09-04,2025-09-04,60,2025-11-05,14,2.5,2025-09-20,39300.28
B000651,L001,Neumaschinen,,A001871,2025-08-10,93640.27,2025-08-26,2025-08-26,60,2025-10-27,14,2.5,2025-09-09,91299.26
B000652,L008,Neumaschinen,,A001874,2025-07-31,2186.67,2025-08-17,2025-08-17,60,2025-10-16,14,2.1,2025-09-30,2186.67
B000653,L006,Neumaschinen,,A001886,2025-08-09,26792.65,2025-08-27,2025-08-27,45,2025-10-11,14,2.1,2025-09-09,26230.0
B000654,L001,Neumaschinen,,A001887,2025-08-09,35731.91,2025-08-25,2025-08-25,60,2025-10-26,14,2.5,2025-09-08,34838.61
B000655,L001,Neumaschinen,,A001889,2025-08-09,16645.28,2025-09-03,2025-09-03,60,2025-11-04,14,2.5,2025-09-16,16229.15
B000656,L007,Neumaschinen,,A001890,2025-08-12,18102.93,2025-09-07,2025-09-07,30,2025-10-09,14,2.6,2025-09-23,17632.25
B000657,L001,Neumaschinen,,A001892,2025-08-03,4951.83,2025-08-27,2025-08-27,60,2025-10-28,14,2.5,2025-09-10,4828.03
B000658,L002,Neumaschinen,,A001894,2025-08-20,47991.76,2025-09-16,2025-09-16,45,2025-11-01,14,2.2,2025-09-28,46935.94
B000659,L008,Neumaschinen,,A001899,2025-08-12,6269.6,2025-09-09,2025-09-11,60,2025-11-11,14,2.1,2025-09-25,6137.94
B000660,L004,Neumaschinen,,A001900,2025-08-15,8544.77,2025-09-05,2025-09-05,30,2025-10-07,14,2.5,2025-09-20,8331.15
B000661,L002,Neumaschinen,,A001901,2025-08-18,44091.7,2025-09-01,2025-09-01,45,2025-10-17,14,2.2,2025-09-15,43121.68
B000662,L006,Neumaschinen,,A001902,2025-08-15,27954.78,2025-09-06,2025-09-06,45,2025-10-23,14,2.1,2025-10-21,27954.78
B000663,L006,Neumaschinen,,A001905,2025-08-21,4487.84,2025-09-08,2025-09-17,45,2025-11-03,14,2.1,2025-10-02,4393.6
B000664,L005,Neumaschinen,,A001906,2025-08-18,65646.99,2025-09-13,2025-09-13,30,2025-10-14,14,2.4,2025-09-25,64071.46
B000665,L002,Neumaschinen,,A001909,2025-08-22,7831.75,2025-09-09,2025-09-18,45,2025-11-02,14,2.2,2025-09-30,7659.45
B000666,L003,Neumaschinen,,A001910,2025-08-30,2184.53,2025-09-26,2025-09-26,45,2025-11-12,14,2.4,2025-10-12,2132.1
B000667,L006,Neumaschinen,,A001911,2025-08-18,26417.87,2025-09-09,2025-09-09,45,2025-10-25,14,2.1,2025-09-24,25863.09
B000668,L002,Neumaschinen,,A001912,2025-09-03,26519.18,2025-09-29,2025-10-01,45,2025-11-17,14,2.2,2025-10-14,25935.76
B000669,L008,Neumaschinen,,A001915,2025-08-21,11590.85,2025-09-11,2025-09-11,60,2025-11-10,14,2.1,2025-09-25,11347.44
B000670,L008,Neumaschinen,,A001916,2025-08-27,12581.37,2025-09-20,2025-09-20,60,2025-11-20,14,2.1,2025-10-03,12317.16
B000671,L002,Neumaschinen,,A001920,2025-08-20,2422.66,2025-09-07,2025-09-07,45,2025-10-24,14,2.2,2025-09-20,2369.36
B000672,L003,Neumaschinen,,A001921,2025-08-12,12626.4,2025-09-06,2025-09-06,45,2025-10-22,14,2.4,2025-09-18,12323.37
B000673,L002,Neumaschinen,,A001922,2025-08-18,10734.56,2025-09-09,2025-09-09,45,2025-10-24,14,2.2,2025-09-20,10498.4
B000674,L003,Neumaschinen,,A001928,2025-08-20,5395.79,2025-09-04,2025-09-04,45,2025-10-21,14,2.4,2025-09-20,5266.29
B000675,L002,Neumaschinen,,A001931,2025-08-22,1959.2,2025-09-21,2025-09-30,45,2025-11-15,14,2.2,2025-10-15,1916.1
B000676,L004,Neumaschinen,,A001933,2025-08-25,7025.59,2025-09-20,2025-09-20,30,2025-10-20,14,2.5,2025-10-03,6849.95
B000677,L002,Neumaschinen,,A001936,2025-09-07,16419.99,2025-10-12,2025-10-12,45,2025-11-27,14,2.2,2025-10-25,16058.75
B000678,L002,Neumaschinen,,A001938,2025-09-12,8269.87,2025-10-06,2025-10-06,45,2025-11-20,14,2.2,2025-10-17,8087.93
B000679,L007,Neumaschinen,,A001941,2025-08-29,8646.9,2025-09-23,2025-09-25,30,2025-10-26,14,2.6,2025-10-09,8422.08
B000680,L005,Neumaschinen,,A001942,2025-08-28,21147.68,2025-09-14,2025-09-14,30,2025-10-15,14,2.4,2025-09-29,20640.14
B000681,L004,Neumaschinen,,A001943,2025-09-06,29929.44,2025-10-18,2025-10-18,30,2025-11-19,14,2.5,2025-11-02,29181.2
B000682,L001,Neumaschinen,,A001944,2025-09-01,12715.04,2025-09-25,2025-09-25,60,2025-11-25,14,2.5,2025-10-10,12397.16
B000683,L003,Neumaschinen,,A001945,2025-09-15,10710.14,2025-10-21,2025-10-21,45,2025-12-06,14,2.4,2025-11-04,10453.1
B000684,L004,Neumaschinen,,A001954,2025-09-12,36219.57,2025-10-15,2025-10-17,30,2025-11-17,14,2.5,2025-10-29,35314.08
B000685,L007,Neumaschinen,,A001959,2025-09-09,37193.07,2025-10-19,2025-10-19,30,2025-11-18,14,2.6,2025-11-18,37193.07
B000686,L002,Neumaschinen,,A001961,2025-09-10,12672.43,2025-10-02,2025-10-02,45,2025-11-18,14,2.2,2025-10-16,12393.64
B000687,L003,Neumaschinen,,A001962,2025-09-03,15836.69,2025-10-06,2025-10-06,45,2025-11-20,14,2.4,2025-10-19,15456.61
B000688,L002,Neumaschinen,,A001963,2025-09-11,27570.61,2025-10-18,2025-10-18,45,2025-12-04,14,2.2,2025-10-31,26964.06
B000689,L002,Neumaschinen,,A001964,2025-09-20,9924.63,2025-10-18,2025-10-18,45,2025-12-03,14,2.2,2025-10-31,9706.29
B000690,L008,Neumaschinen,,A001965,2025-09-03,12275.05,2025-10-08,2025-10-08,60,2025-12-08,14,2.1,2025-10-20,12017.27
B000691,L004,Neumaschinen,,A001966,2025-09-14,31661.69,2025-10-13,2025-10-13,30,2025-11-12,14,2.5,2025-11-12,31661.69
B000692,L005,Neumaschinen,,A001971,2025-09-04,1843.19,2025-10-07,2025-10-07,30,2025-11-06,14,2.4,2025-10-19,1798.95
B000693,L005,Neumaschinen,,A001972,2025-09-06,1992.75,2025-09-30,2025-09-30,30,2025-11-01,14,2.4,2025-10-13,1944.92
B000694,L002,Neumaschinen,,A001974,2025-10-02,1833.77,2025-10-30,2025-10-30,45,2025-12-14,14,2.2,2025-11-10,1793.43
B000695,L007,Neumaschinen,,A001975,2025-09-29,37995.34,2025-11-03,2025-11-05,30,2025-12-05,14,2.6,2025-11-18,37007.46
B000696,L004,Neumaschinen,,A001980,2025-09-30,34521.15,2025-11-09,2025-11-09,30,2025-12-09,14,2.5,2025-11-22,33658.12
B000697,L001,Neumaschinen,,A001981,2025-09-20,40722.43,2025-10-12,2025-10-14,60,2025-12-13,14,2.5,2025-10-25,39704.37
B000698,L002,Neumaschinen,,A001984,2025-09-24,19217.54,2025-10-20,2025-10-20,45,2025-12-06,14,2.2,2025-11-02,18794.75
B000699,L005,Neumaschinen,,A001985,2025-09-22,5125.56,2025-10-14,2025-10-14,30,2025-11-13,14,2.4,2025-11-10,5125.56
B000700,L008,Neumaschinen,,A001987,2025-09-26,5189.93,2025-10-29,2025-10-31,60,2025-12-31,14,2.1,2025-11-13,5080.94
B000701,L006,Neumaschinen,,A001989,2025-10-06,14281.98,2025-11-02,2025-11-02,45,2025-12-17,14,2.1,2025-11-15,13982.06
B000702,L003,Neumaschinen,,A001991,2025-09-23,11181.51,2025-10-27,2025-11-01,45,2025-12-17,14,2.4,2025-11-13,10913.15
B000703,L001,Neumaschinen,,A001993,2025-09-28,19781.01,2025-10-25,2025-10-30,60,2025-12-30,14,2.5,2025-11-11,19286.48
B000704,L008,Neumaschinen,,A001994,2025-09-20,35498.46,2025-10-14,2025-10-14,60,2025-12-15,14,2.1,2025-10-27,34752.99
B000705,L002,Neumaschinen,,A001998,2025-09-27,36524.99,2025-10-30,2025-11-08,45,2025-12-23,14,2.2,2025-11-22,35721.44
B000706,L006,Neumaschinen,,A001999,2025-09-23,24724.39,2025-10-18,2025-10-18,45,2025-12-03,14,2.1,2025-11-06,24724.39
B000707,L003,Neumaschinen,,A002000,2025-10-15,6322.57,2025-11-04,2025-11-04,45,2025-12-19,14,2.4,2025-12-19,6322.57
B000708,L006,Neumaschinen,,A002004,2025-09-26,4209.14,2025-11-01,2025-11-01,45,2025-12-16,14,2.1,2025-11-15,4120.75
B000709,L008,Neumaschinen,,A002007,2025-09-26,7848.89,2025-10-27,2025-11-01,60,2026-01-01,14,2.1,2025-11-24,7848.89
B000710,L006,Neumaschinen,,A002008,2025-10-08,28866.93,2025-10-28,2025-11-02,45,2025-12-19,14,2.1,2025-11-15,28260.72
B000711,L002,Neumaschinen,,A002009,2025-09-26,9126.34,2025-11-04,2025-11-06,45,2025-12-22,14,2.2,2025-11-20,8925.56
B000712,L007,Neumaschinen,,A002011,2025-09-16,8321.38,2025-10-21,2025-10-21,30,2025-11-20,14,2.6,2025-11-02,8105.02
B000713,L001,Neumaschinen,,A002014,2025-09-30,47535.59,2025-11-02,2025-11-02,60,2026-01-02,14,2.5,2025-11-17,46347.2
B000714,L001,Neumaschinen,,A002015,2025-10-06,40830.33,2025-11-09,2025-11-09,60,2026-01-09,14,2.5,2025-11-24,39809.57
B000715,L002,Neumaschinen,,A002017,2025-10-04,27249.64,2025-11-06,2025-11-06,45,2025-12-23,14,2.2,2025-11-21,26650.15
B000716,L001,Neumaschinen,,A002019,2025-09-25,10993.06,2025-10-23,2025-10-25,60,2025-12-26,14,2.5,2025-11-09,10718.23
B000717,L001,Neumaschinen,,A002021,2025-10-05,5694.16,2025-10-28,2025-10-28,60,2025-12-28,14,2.5,2025-11-12,5551.81
B000718,L005,Neumaschinen,,A002023,2025-10-19,13550.77,2025-11-18,2025-11-23,30,2025-12-24,14,2.4,2025-12-05,13225.55
B000719,L005,Neumaschinen,,A002026,2025-09-27,26342.93,2025-10-28,2025-10-28,30,2025-11-27,14,2.4,2025-11-16,26342.93
B000720,L002,Neumaschinen,,A002027,2025-10-05,23081.1,2025-10-31,2025-10-31,45,2025-12-15,14,2.2,2025-11-14,22573.32
B000721,L004,Neumaschinen,,A002032,2025-09-28,23199.14,2025-11-02,2025-11-02,30,2025-12-02,14,2.5,2025-11-14,22619.16
B000722,L002,Neumaschinen,,A002033,2025-10-05,25548.11,2025-10-30,2025-10-30,45,2025-12-15,14,2.2,2025-11-14,24986.05
B000723,L005,Neumaschinen,,A002035,2025-10-20,7188.52,2025-11-11,2025-11-11,30,2025-12-11,14,2.4,2025-11-25,7016.0
B000724,L002,Neumaschinen,,A002036,2025-09-27,8124.21,2025-10-25,2025-10-27,45,2025-12-12,14,2.2,2025-11-10,7945.48
B000725,L008,Neumaschinen,,A002039,2025-10-29,90752.73,2025-11-26,2025-11-28,60,2026-01-27,14,2.1,2025-12-09,88846.92
B000726,L002,Neumaschinen,,A002040,2025-09-30,11622.42,2025-11-03,2025-11-05,45,2025-12-21,14,2.2,2025-12-13,11622.42
B000727,L001,Neumaschinen,,A002044,2025-09-27,27059.99,2025-10-24,2025-10-26,60,2025-12-25,14,2.5,2025-11-06,26383.49
B000728,L005,Neumaschinen,,A002046,2025-10-13,1981.17,2025-11-10,2025-11-10,30,2025-12-11,14,2.4,2025-11-25,1933.62
B000729,L007,Neumaschinen,,A002049,2025-10-04,18644.81,2025-11-05,2025-11-07,30,2025-12-08,14,2.6,2025-11-20,18160.04
B000730,L006,Neumaschinen,,A002050,2025-10-17,5677.03,2025-11-17,2025-11-17,45,2026-01-03,14,2.1,2025-12-01,5557.81
B000731,L004,Neumaschinen,,A002051,2025-10-04,4182.55,2025-11-10,2025-11-10,30,2025-12-11,14,2.5,2025-11-23,4077.99
B000732,L003,Neumaschinen,,A002053,2025-10-09,36081.85,2025-11-12,2025-11-12,45,2025-12-29,14,2.4,2025-11-27,35215.89
B000733,L001,Neumaschinen,,A002056,2025-10-05,2020.35,2025-11-09,2025-11-09,60,2026-01-09,14,2.5,2025-11-22,1969.84
B000734,L001,Neumaschinen,,A002057,2025-10-09,29852.78,2025-11-03,2025-11-12,60,2026-01-12,14,2.5,2025-11-26,29106.46
B000735,L004,Neumaschinen,,A002058,2025-10-25,17746.03,2025-11-14,2025-11-14,30,2025-12-16,14,2.5,2025-12-09,17746.03
B000736,L003,Neumaschinen,,A002062,2025-10-18,78465.57,2025-11-10,2025-11-15,45,2025-12-30,14,2.4,2025-11-27,76582.4
B000737,L007,Neumaschinen,,A002064,2025-10-09,1804.09,2025-11-10,2025-11-10,30,2025-12-12,14,2.6,2025-11-26,1757.18
B000738,L001,Neumaschinen,,A002067,2025-10-14,18768.12,2025-11-06,2025-11-06,60,2026-01-07,14,2.5,2025-12-14,18768.12
B000739,L005,Neumaschinen,,A002070,2025-10-18,24100.14,2025-11-20,2025-11-20,30,2025-12-20,14,2.4,2025-12-04,23521.74
B000740,L003,Neumaschinen,,A002072,2025-10-15,34401.88,2025-11-20,2025-11-20,45,2026-01-05,14,2.4,2025-12-02,33576.23
B000741,L004,Neumaschinen,,A002073,2025-10-19,4562.62,2025-11-21,2025-11-21,30,2025-12-23,14,2.5,2025-12-06,4448.55
B000742,L008,Neumaschinen,,A002074,2025-10-11,32651.56,2025-11-11,2025-11-11,60,2026-01-10,14,2.1,2025-11-23,31965.88
B000743,L006,Neumaschinen,,A002077,2025-10-27,1903.13,2025-11-27,2025-11-29,45,2026-01-15,14,2.1,2025-12-13,1863.16
B000744,L007,Neumaschinen,,A002080,2025-10-16,9488.7,2025-11-25,2025-11-25,30,2025-12-26,14,2.6,2025-12-09,9241.99
B000745,L001,Neumaschinen,,A002084,2025-10-13,42795.04,2025-11-22,2025-11-24,60,2026-01-24,14,2.5,2025-12-08,41725.16
B000746,L003,Neumaschinen,,A002086,2025-10-26,10379.2,2025-11-25,2025-11-25,45,2026-01-11,14,2.4,2025-12-09,10130.1
B000747,L001,Neumaschinen,,A002087,2025-10-27,14446.09,2025-11-28,2025-11-28,60,2026-01-28,14,2.5,2025-12-11,14084.94
B000748,L004,Neumaschinen,,A002088,2025-10-16,22624.08,2025-11-23,2025-11-23,30,2025-12-24,14,2.5,2025-12-07,22058.48
B000749,L006,Neumaschinen,,A002090,2025-10-23,3859.03,2025-11-23,2025-11-23,45,2026-01-09,14,2.1,2025-12-09,3777.99
B000750,L003,Neumaschinen,,A002091,2025-10-26,5784.7,2025-11-22,2025-11-22,45,2026-01-08,14,2.4,2025-12-06,5645.87
B000751,L004,Neumaschinen,,A002092,2025-11-13,41439.43,2025-12-02,2025-12-02,30,2026-01-01,14,2.5,2025-12-15,40403.44
B000752,L003,Neumaschinen,,A002093,2025-10-28,5513.03,2025-11-23,2025-11-23,45,2026-01-08,14,2.4,2025-12-07,5380.72
B000753,L001,Neumaschinen,,A002094,2025-10-18,30885.19,2025-11-11,2025-11-11,60,2026-01-11,14,2.5,2025-11-26,30113.06
B000754,L002,Neumaschinen,,A002097,2025-11-10,7629.05,2025-11-28,2025-11-28,45,2026-01-13,14,2.2,2025-12-12,7461.21
B000755,L008,Neumaschinen,,A002098,2025-10-25,1894.6,2025-12-03,2025-12-03,60,2026-02-01,14,2.1,2025-12-15,1854.81
B000756,L005,Neumaschinen,,A002099,2025-10-19,10804.07,2025-11-08,2025-11-08,30,2025-12-10,14,2.4,2025-11-21,10544.77
B000757,L001,Neumaschinen,,A002103,2025-10-13,1878.48,2025-11-09,2025-11-09,60,2026-01-09,14,2.5,2025-11-23,1831.52
B000758,L003,Neumaschinen,,A002104,2025-10-22,16894.8,2025-11-23,2025-11-23,45,2026-01-07,14,2.4,2025-12-04,16489.32
B000759,L008,Neumaschinen,,A002108,2025-11-06,41362.0,2025-12-02,2025-12-04,60,2026-02-02,14,2.1,2026-01-06,41362.0
B000760,L002,Neumaschinen,,A002109,2025-10-23,6344.07,2025-11-23,2025-11-23,45,2026-01-09,14,2.2,2025-12-07,6204.5
B000761,L006,Neumaschinen,,A002111,2025-10-30,3334.31,2025-11-26,2025-11-26,45,2026-01-11,14,2.1,2025-12-10,3264.29
B000762,L006,Neumaschinen,,A002118,2025-10-29,24192.67,2025-11-30,2025-11-30,45,2026-01-16,14,2.1,2025-12-15,23684.62
B000763,L003,Neumaschinen,,A002121,2025-11-11,13981.97,2025-12-09,2025-12-09,45,2026-01-24,14,2.4,2025-12-21,13646.4
B000764,L006,Neumaschinen,,A002122,2025-11-09,8360.24,2025-11-24,2025-11-24,45,2026-01-09,14,2.1,2025-12-08,8184.67
B000765,L006,Neumaschinen,,A002124,2025-10-25,23578.12,2025-12-02,2025-12-02,45,2026-01-17,14,2.1,2025-12-14,23082.98
B000766,L001,Neumaschinen,,A002126,2025-11-17,42494.21,2025-12-06,2025-12-06,60,2026-02-06,14,2.5,2025-12-21,41431.85
B000767,L007,Neumaschinen,,A002128,2025-11-06,23133.51,2025-11-30,2025-11-30,30,2025-12-31,14,2.6,2025-12-15,23133.51
B000768,L001,Neumaschinen,,A002131,2025-11-08,20155.12,2025-11-26,2025-11-26,60,2026-01-25,14,2.5,2025-12-08,19651.24
B000769,L007,Neumaschinen,,A002135,2025-10-31,17392.97,2025-11-22,2025-11-22,30,2025-12-22,14,2.6,2025-12-05,16940.75
B000770,L006,Neumaschinen,,A002136,2025-11-08,11230.53,2025-12-09,2025-12-11,45,2026-01-26,14,2.1,2025-12-23,10994.69
B000771,L002,Neumaschinen,,A002137,2025-11-18,7702.3,2025-12-13,2025-12-13,45,2026-01-27,14,2.2,2025-12-28,7702.3
B000772,L004,Neumaschinen,,A002140,2025-11-10,12851.99,2025-12-04,2025-12-04,30,2026-01-05,14,2.5,2025-12-20,12530.69
B000773,L004,Neumaschinen,,A002144,2025-11-11,17950.25,2025-12-01,2025-12-03,30,2026-01-04,14,2.5,2025-12-28,17950.25
B000774,L001,Neumaschinen,,A002145,2025-11-06,6132.55,2025-11-22,2025-11-22,60,2026-01-21,14,2.5,2025-12-04,5979.24
B000775,L007,Neumaschinen,,A002146,2025-10-30,8846.62,2025-11-26,2025-11-26,30,2025-12-28,14,2.6,2025-12-12,8616.61
B000776,L008,Neumaschinen,,A002150,2025-11-15,7444.86,2025-12-02,2025-12-02,60,2026-02-02,14,2.1,2026-01-06,7444.86
B000777,L002,Neumaschinen,,A002151,2025-11-26,8227.11,2025-12-11,2025-12-11,45,2026-01-25,14,2.2,2025-12-22,8046.11
B000778,L005,Neumaschinen,,A002153,2025-11-06,23971.02,2025-12-03,2025-12-03,30,2026-01-04,14,2.4,2025-12-16,23395.72
B000779,L006,Neumaschinen,,A002157,2025-11-10,1926.29,2025-12-06,2025-12-06,45,2026-01-21,14,2.1,2025-12-18,1885.84
B000780,L007,Neumaschinen,,A002158,2025-11-11,53742.97,2025-12-12,2025-12-12,30,2026-01-13,14,2.6,2025-12-28,52345.65
B000781,L005,Neumaschinen,,A002163,2025-11-19,18358.47,2025-12-16,2025-12-21,30,2026-01-20,14,2.4,2026-01-04,17917.87
B000782,L005,Neumaschinen,,A002164,2025-11-20,11271.36,2025-12-12,2025-12-12,30,2026-01-13,14,2.4,2025-12-28,11000.85
B000783,L007,Neumaschinen,,A002167,2025-12-02,13727.99,2025-12-22,2025-12-22,30,2026-01-23,14,2.6,2026-01-04,13371.06
B000784,L001,Neumaschinen,,A002171,2025-11-17,1881.01,2025-12-07,2025-12-07,60,2026-02-06,14,2.5,2025-12-19,1833.98
B000785,L007,Neumaschinen,,A002174,2025-11-28,45122.27,2025-12-14,2025-12-14,30,2026-01-13,14,2.6,2025-12-31,45122.27
B000786,L002,Neumaschinen,,A002177,2025-12-04,26380.18,2025-12-31,2025-12-31,45,2026-02-16,14,2.2,2026-01-15,25799.82
B000787,L007,Neumaschinen,,A002178,2025-12-05,44314.3,2025-12-30,2025-12-30,30,2026-01-31,14,2.6,2026-01-12,43162.13
B000788,L002,Neumaschinen,,A002180,2025-11-18,42748.83,2025-12-09,2025-12-09,45,2026-01-24,14,2.2,2025-12-22,41808.36
B000789,L005,Neumaschinen,,A002182,2025-11-26,8641.13,2025-12-23,2025-12-23,30,2026-01-24,14,2.4,2026-01-06,8433.74
B000790,L005,Neumaschinen,,A002187,2025-11-21,15037.27,2025-12-11,2025-12-11,30,2026-01-11,14,2.4,2025-12-26,14676.38
B000791,L006,Neumaschinen,,A002189,2025-11-29,22532.3,2025-12-18,2025-12-18,45,2026-02-03,14,2.1,2026-01-02,22059.12
B000792,L005,Neumaschinen,,A002192,2025-11-23,13056.77,2025-12-12,2025-12-12,30,2026-01-12,14,2.4,2025-12-24,12743.41
B000793,L007,Neumaschinen,,A002193,2025-12-06,14562.88,2025-12-28,2025-12-28,30,2026-01-28,14,2.6,2026-01-14,14562.88
B000794,L005,Neumaschinen,,A002194,2025-12-12,11695.63,2026-01-09,2026-01-09,30,2026-02-10,14,2.4,2026-01-22,11414.93
B000795,L005,Neumaschinen,,A002198,2025-11-25,6016.06,2025-12-13,2025-12-13,30,2026-01-13,14,2.4,2025-12-27,5871.67
B000796,L008,Neumaschinen,,A002200,2025-12-17,8529.59,2026-01-14,2026-01-14,60,2026-03-17,14,2.1,2026-01-28,8350.47
B000797,L005,Neumaschinen,,A002203,2025-12-04,2894.05,2025-12-20,2025-12-22,30,2026-01-23,14,2.4,2026-01-06,2824.59
B000798,L006,Neumaschinen,,A002204,2025-12-23,23745.96,2026-01-12,2026-01-12,45,2026-02-28,14,2.1,2026-01-26,23247.29
B000799,L007,Neumaschinen,,A002205,2025-11-29,4387.11,2025-12-21,2025-12-21,30,2026-01-22,14,2.6,2026-01-04,4273.05
B000800,L008,Neumaschinen,,A002207,2025-11-28,6901.18,2025-12-13,2025-12-13,60,2026-02-13,14,2.1,2026-01-08,6901.18
B000801,L002,Neumaschinen,,A002210,2025-12-30,32801.47,2026-01-14,2026-01-14,45,2026-03-01,14,2.2,2026-01-27,32079.84
B000802,L006,Neumaschinen,,A002212,2025-12-03,21488.55,2025-12-23,2025-12-23,45,2026-02-06,14,2.1,2026-01-03,21037.29
B000803,L003,Neumaschinen,,A002214,2025-12-04,62696.13,2025-12-20,2025-12-20,45,2026-02-03,14,2.4,2026-01-01,61191.42
B000804,L008,Neumaschinen,,A002215,2025-12-23,3062.6,2026-01-07,2026-01-12,60,2026-03-13,14,2.1,2026-01-24,2998.29
B000805,L006,Neumaschinen,,A002220,2025-12-08,14478.35,2025-12-27,2025-12-27,45,2026-02-11,14,2.1,2026-01-11,14174.3
B000806,L004,Neumaschinen,,A002227,2025-12-20,6207.8,2026-01-05,2026-01-05,30,2026-02-05,14,2.5,2026-01-18,6052.6
B000807,L005,Neumaschinen,,A002229,2025-12-18,9061.44,2026-01-16,2026-01-16,30,2026-02-15,14,2.4,2026-01-28,8843.97
B000808,L003,Neumaschinen,,A002230,2025-12-14,1933.22,2026-01-02,2026-01-02,45,2026-02-18,14,2.4,2026-01-16,1886.82
B000809,L001,Neumaschinen,,A002237,2025-12-28,16855.79,2026-01-11,2026-01-16,60,2026-03-17,14,2.5,2026-01-30,16434.4
B000810,L004,Neumaschinen,,A002247,2026-01-11,2929.24,2026-02-11,2026-02-11,30,2026-03-13,14,2.5,2026-02-22,2856.01
B000811,L007,Neumaschinen,,A002249,2026-01-08,10678.26,2026-02-07,2026-02-07,30,2026-03-10,14,2.6,2026-02-22,10400.63
B000812,L007,Neumaschinen,,A002253,2026-01-20,37397.99,2026-02-04,2026-02-04,30,2026-03-07,14,2.6,2026-02-16,36425.64
B000813,L006,Neumaschinen,,A002255,2026-01-17,20120.3,2026-02-07,2026-02-07,45,2026-03-24,14,2.1,2026-02-19,19697.77
B000814,L003,Neumaschinen,,A002257,2026-01-13,10962.22,2026-01-29,2026-01-29,45,2026-03-17,14,2.4,2026-02-12,10699.13
B000815,L002,Neumaschinen,,A002265,2026-01-24,40014.53,2026-02-08,2026-02-08,45,2026-03-26,14,2.2,2026-02-21,39134.21
B000816,L002,Neumaschinen,,A002267,2026-01-24,2638.33,2026-02-22,2026-02-22,45,2026-04-10,14,2.2,2026-03-08,2580.29
B000817,L006,Neumaschinen,,A002269,2026-01-16,24836.27,2026-02-09,2026-02-09,45,2026-03-26,14,2.1,2026-02-21,24314.71
B000818,L008,Neumaschinen,,A002270,2026-01-21,26135.73,2026-02-14,2026-02-14,60,2026-04-15,14,2.1,2026-02-27,25586.88
B000819,L002,Neumaschinen,,A002271,2026-01-16,7653.3,2026-02-06,2026-02-06,45,2026-03-24,14,2.2,2026-02-21,7484.93
B000820,L003,Neumaschinen,,A002281,2026-01-19,36737.65,2026-02-19,2026-02-19,45,2026-04-07,14,2.4,2026-03-05,35855.95
B000821,L002,Neumaschinen,,A002282,2026-01-30,9974.54,2026-02-20,2026-03-01,45,2026-04-15,14,2.2,2026-03-15,9755.1
B000822,L005,Neumaschinen,,A002284,2026-01-27,7791.86,2026-02-23,2026-02-23,30,2026-03-27,14,2.4,2026-03-10,7604.86
B000823,L006,Neumaschinen,,A002286,2026-02-04,6742.01,2026-02-20,2026-02-20,45,2026-04-06,14,2.1,2026-03-06,6600.43
B000824,L004,Neumaschinen,,A002289,2026-02-06,63887.84,2026-02-26,2026-02-26,30,2026-03-28,14,2.5,2026-03-10,62290.64
B000825,L005,Neumaschinen,,A002290,2026-01-29,1977.2,2026-02-16,2026-02-16,30,2026-03-20,14,2.4,2026-03-02,1929.75
B000826,L006,Neumaschinen,,A002295,2026-02-02,6729.73,2026-02-26,2026-02-26,45,2026-04-13,14,2.1,2026-03-11,6588.41
B000827,L002,Neumaschinen,,A002296,2026-02-10,68559.5,2026-02-25,2026-03-06,45,2026-04-21,14,2.2,2026-03-21,67051.19
B000828,L001,Neumaschinen,,A002297,2026-02-16,11397.38,2026-03-04,2026-03-04,60,2026-05-05,14,2.5,2026-04-22,11397.38
B000829,L002,Neumaschinen,,A002304,2026-02-21,5103.67,2026-03-19,2026-03-21,45,2026-05-07,14,2.2,2026-04-03,4991.39
B000830,L006,Neumaschinen,,A002307,2026-02-23,39198.53,2026-03-18,2026-03-23,45,2026-05-08,14,2.1,2026-04-06,38375.36
B000831,L001,Neumaschinen,,A002308,2026-02-18,5845.07,2026-03-08,2026-03-08,60,2026-05-08,14,2.5,2026-03-21,5698.94
B000832,L004,Neumaschinen,,A002310,2026-02-23,28283.94,2026-03-10,2026-03-10,30,2026-04-10,14,2.5,2026-03-31,28283.94
B000833,L007,Neumaschinen,,A002312,2026-02-28,21536.52,2026-03-23,2026-03-23,30,2026-04-23,14,2.6,2026-04-05,20976.57
B000834,L006,Neumaschinen,,A002313,2026-02-19,23333.85,2026-03-07,2026-03-07,45,2026-04-21,14,2.1,2026-03-21,22843.84
B000835,L003,Neumaschinen,,A002319,2026-03-13,56124.4,2026-04-19,2026-04-19,45,2026-06-03,14,2.4,2026-04-30,54777.41
B000836,L003,Neumaschinen,,A002323,2026-03-03,2605.17,2026-04-10,2026-04-15,45,2026-05-30,14,2.4,2026-04-26,2542.65
B000837,L008,Neumaschinen,,A002328,2026-03-14,15111.27,2026-04-12,2026-04-12,60,2026-06-13,14,2.1,2026-05-23,15111.27
B000838,L002,Neumaschinen,,A002333,2026-03-28,26091.98,2026-05-05,2026-05-07,45,2026-06-23,14,2.2,2026-05-23,25517.96
B000839,L004,Neumaschinen,,A002335,2026-03-02,10962.32,2026-03-22,2026-03-22,30,2026-04-21,14,2.5,2026-04-20,10962.32
B000840,L005,Neumaschinen,,A002336,2026-03-16,16190.42,2026-04-10,2026-04-10,30,2026-05-10,14,2.4,2026-04-22,15801.85
B000841,L002,Neumaschinen,,A002337,2026-03-16,4472.45,2026-04-21,2026-04-21,45,2026-06-05,14,2.2,2026-05-02,4374.06
B000842,L006,Neumaschinen,,A002340,2026-03-09,42073.66,2026-04-03,2026-04-03,45,2026-05-20,14,2.1,2026-04-24,42073.66
B000843,L003,Neumaschinen,,A002342,2026-04-03,25888.68,2026-04-29,2026-04-29,45,2026-06-15,14,2.4,2026-05-12,25267.35
B000844,L007,Neumaschinen,,A002347,2026-03-03,39561.07,2026-04-03,2026-04-03,30,2026-05-05,14,2.6,2026-04-18,38532.48
B000845,L005,Neumaschinen,,A002351,2026-03-17,7440.77,2026-04-22,2026-04-22,30,2026-05-22,14,2.4,2026-05-04,7262.19
B000846,L002,Neumaschinen,,A002354,2026-03-16,3777.64,2026-04-09,2026-04-09,45,2026-05-24,14,2.2,2026-04-21,3694.53
B000847,L003,Neumaschinen,,A002358,2026-03-28,5582.83,2026-04-24,2026-04-24,45,2026-06-08,14,2.4,2026-05-06,5448.84
B000848,L003,Neumaschinen,,A002359,2026-03-22,5608.31,2026-04-20,2026-04-20,45,2026-06-06,14,2.4,2026-05-18,5608.31
B000849,L003,Neumaschinen,,A002363,2026-04-04,6415.35,2026-05-06,2026-05-06,45,2026-06-21,14,2.4,2026-05-21,6261.38
B000850,L002,Neumaschinen,,A002367,2026-03-29,15782.55,2026-05-03,2026-05-03,45,2026-06-17,14,2.2,2026-05-14,15435.33
B000851,L007,Neumaschinen,,A002369,2026-03-20,12196.59,2026-04-14,2026-04-14,30,2026-05-15,14,2.6,2026-04-27,11879.48
B000852,L002,Neumaschinen,,A002370,2026-03-16,48580.14,2026-04-10,2026-04-12,45,2026-05-28,14,2.2,2026-04-27,47511.38
B000853,L002,Neumaschinen,,A002372,2026-03-29,27653.93,2026-04-17,2026-04-17,45,2026-06-03,14,2.2,2026-05-01,27045.54
B000854,L002,Neumaschinen,,A002377,2026-03-26,14161.69,2026-04-20,2026-04-20,45,2026-06-05,14,2.2,2026-05-21,14161.69
B000855,L004,Neumaschinen,,A002378,2026-04-18,29813.15,2026-05-15,2026-05-17,30,2026-06-17,14,2.5,2026-05-31,29067.82
B000856,L003,Neumaschinen,,A002379,2026-03-28,30801.35,2026-04-29,2026-04-29,45,2026-06-13,14,2.4,2026-05-10,30062.12
B000857,L001,Neumaschinen,,A002382,2026-04-10,26002.15,2026-05-03,2026-05-05,60,2026-07-06,14,2.5,,
B000858,L008,Neumaschinen,,A002383,2026-04-03,2454.72,2026-05-10,2026-05-15,60,2026-07-16,14,2.1,2026-05-30,2403.17
B000859,L001,Neumaschinen,,A002385,2026-03-21,5942.33,2026-04-13,2026-04-13,60,2026-06-14,14,2.5,2026-06-03,5942.33
B000860,L006,Neumaschinen,,A002388,2026-04-08,48257.64,2026-05-13,2026-05-13,45,2026-06-29,14,2.1,2026-05-29,47244.23
B000861,L005,Neumaschinen,,A002389,2026-04-25,30883.3,2026-06-02,2026-06-07,30,2026-07-08,14,2.4,2026-06-20,30142.1
B000862,L005,Neumaschinen,,A002391,2026-04-07,10144.89,2026-05-13,2026-05-13,30,2026-06-14,14,2.4,2026-05-28,9901.41
B000863,L001,Neumaschinen,,A002392,2026-04-03,11414.17,2026-04-27,2026-04-27,60,2026-06-28,14,2.5,2026-05-12,11128.82
B000864,L004,Neumaschinen,,A002393,2026-04-06,41346.69,2026-05-08,2026-05-08,30,2026-06-08,14,2.5,2026-05-22,40313.02
B000865,L001,Neumaschinen,,A002394,2026-04-05,18722.63,2026-05-06,2026-05-06,60,2026-07-06,14,2.5,2026-06-01,18722.63
B000866,L002,Neumaschinen,,A002400,2026-04-24,31408.63,2026-05-15,2026-05-15,45,2026-06-30,14,2.2,2026-05-27,30717.64
B000867,L006,Neumaschinen,,A002401,2026-04-06,33283.62,2026-05-01,2026-05-01,45,2026-06-15,14,2.1,2026-06-08,33283.62
B000868,L006,Neumaschinen,,A002403,2026-04-15,16255.18,2026-05-11,2026-05-16,45,2026-06-30,14,2.1,2026-05-30,15913.82
B000869,L005,Neumaschinen,,A002405,2026-04-15,1850.79,2026-05-09,2026-05-18,30,2026-06-19,14,2.4,2026-06-02,1806.37
B000870,L007,Neumaschinen,,A002411,2026-04-07,2303.72,2026-05-09,2026-05-09,30,2026-06-08,14,2.6,2026-05-23,2243.82
B000871,L004,Neumaschinen,,A002413,2026-04-13,20016.18,2026-05-18,2026-05-18,30,2026-06-17,14,2.5,2026-06-01,19515.78
B000872,L006,Neumaschinen,,A002414,2026-04-11,4676.94,2026-05-17,2026-05-17,45,2026-07-01,14,2.1,2026-05-30,4578.72
B000873,L002,Neumaschinen,,A002419,2026-04-06,11766.65,2026-04-26,2026-04-26,45,2026-06-11,14,2.2,2026-06-02,11766.65
B000874,L003,Neumaschinen,,A002421,2026-04-08,36287.92,2026-05-12,2026-05-12,45,2026-06-26,14,2.4,2026-05-26,35417.01
B000875,L004,Neumaschinen,,A002430,2026-04-15,6210.41,2026-05-17,2026-05-17,30,2026-06-18,14,2.5,2026-06-15,6210.41
B000876,L003,Neumaschinen,,A002432,2026-04-08,33335.3,2026-05-04,2026-05-04,45,2026-06-20,14,2.4,2026-05-20,32535.25
B000877,L004,Neumaschinen,,A002434,2026-04-19,2308.15,2026-05-20,2026-05-25,30,2026-06-25,14,2.5,2026-06-22,2308.15
B000878,L007,Neumaschinen,,A002438,2026-04-24,19397.36,2026-05-14,2026-05-14,30,2026-06-14,14,2.6,2026-05-29,18893.03
B000879,L001,Neumaschinen,,A002439,2026-04-11,16117.44,2026-05-01,2026-05-06,60,2026-07-07,14,2.5,2026-05-19,15714.5
B000880,L007,Neumaschinen,,A002440,2026-04-14,23980.86,2026-05-13,2026-05-13,30,2026-06-12,14,2.6,2026-05-25,23357.36
B000881,L008,Neumaschinen,,A002441,2026-04-16,9468.23,2026-05-16,2026-05-18,60,2026-07-18,14,2.1,2026-06-02,9269.4
B000882,L002,Neumaschinen,,A002443,2026-04-13,52458.18,2026-05-13,2026-05-13,45,2026-06-28,14,2.2,2026-05-26,51304.1
B000883,L004,Neumaschinen,,A002444,2026-04-26,32277.34,2026-05-17,2026-05-17,30,2026-06-18,14,2.5,2026-05-30,31470.41
B000884,L003,Neumaschinen,,A002450,2026-04-27,27637.45,2026-06-05,2026-06-07,45,2026-07-22,14,2.4,2026-06-18,26974.15
B000885,L006,Neumaschinen,,A002451,2026-04-16,8335.52,2026-05-16,2026-05-18,45,2026-07-02,14,2.1,2026-05-29,8160.47
B000886,L003,Neumaschinen,,A002452,2026-04-19,33175.2,2026-05-09,2026-05-09,45,2026-06-25,14,2.4,2026-05-23,32379.0
B000887,L002,Neumaschinen,,A002453,2026-04-15,48446.94,2026-05-09,2026-05-11,45,2026-06-27,14,2.2,2026-05-26,47381.11
B000888,L005,Neumaschinen,,A002454,2026-04-17,3315.4,2026-05-21,2026-05-26,30,2026-06-27,14,2.4,2026-06-23,3315.4
B000889,L007,Neumaschinen,,A002457,2026-04-25,45477.71,2026-05-20,2026-05-20,30,2026-06-20,14,2.6,2026-06-02,44295.29
B000890,L006,Neumaschinen,,A002458,2026-04-30,25904.57,2026-06-04,2026-06-06,45,2026-07-21,14,2.1,,
B000891,L003,Neumaschinen,,A002461,2026-04-24,5901.3,2026-05-20,2026-05-20,45,2026-07-05,14,2.4,2026-06-02,5759.67
B000892,L004,Neumaschinen,,A002462,2026-04-22,6006.54,2026-05-21,2026-05-21,30,2026-06-22,14,2.5,2026-06-13,6006.54
B000893,L002,Neumaschinen,,A002463,2026-04-28,6322.03,2026-05-29,2026-05-31,45,2026-07-16,14,2.2,2026-06-15,6182.95
B000894,L007,Neumaschinen,,A002470,2026-05-01,32407.13,2026-06-02,2026-06-02,30,2026-07-02,14,2.6,2026-06-15,31564.54
B000895,L003,Neumaschinen,,A002472,2026-04-27,25603.56,2026-06-02,2026-06-02,45,2026-07-17,14,2.4,2026-06-16,24989.07
B000896,L002,Neumaschinen,,A002474,2026-05-02,19576.64,2026-06-05,2026-06-05,45,2026-07-20,14,2.2,2026-06-18,19145.95
B000897,L002,Neumaschinen,,A002476,2026-04-27,1968.77,2026-06-04,2026-06-04,45,2026-07-21,14,2.2,2026-06-20,1925.46
B000898,L003,Neumaschinen,,A002477,2026-04-24,13944.44,2026-05-23,2026-05-25,45,2026-07-10,14,2.4,2026-06-08,13609.77
B000899,L005,Neumaschinen,,A002479,2026-04-30,2698.07,2026-05-23,2026-05-23,30,2026-06-24,14,2.4,2026-06-07,2633.32
B000900,L007,Neumaschinen,,A002480,2026-05-13,64300.36,2026-06-04,2026-06-04,30,2026-07-05,14,2.6,2026-06-19,62628.55
B000901,L002,Neumaschinen,,A002481,2026-05-14,20150.76,2026-06-17,2026-06-17,45,2026-08-02,14,2.2,2026-06-29,19707.44
B000902,L007,Neumaschinen,,A002483,2026-05-02,7489.67,2026-05-24,2026-05-24,30,2026-06-25,14,2.6,2026-06-07,7294.94
B000903,L004,Neumaschinen,,A002485,2026-04-27,23885.84,2026-05-31,2026-05-31,30,2026-07-02,14,2.5,2026-06-13,23288.69
B000904,L003,Neumaschinen,,A002488,2026-05-10,5693.25,2026-06-03,2026-06-03,45,2026-07-20,14,2.4,2026-06-18,5556.61
B000905,L005,Neumaschinen,,A002490,2026-05-04,58005.68,2026-06-06,2026-06-15,30,2026-07-16,14,2.4,2026-06-30,56613.54
B000906,L001,Neumaschinen,,A002492,2026-05-03,19644.85,2026-06-03,2026-06-03,60,2026-08-03,14,2.5,2026-06-18,19153.73
B000907,L006,Neumaschinen,,A002494,2026-05-11,40771.77,2026-06-01,2026-06-01,45,2026-07-18,14,2.1,,
B000908,L003,Neumaschinen,,A002497,2026-05-07,12141.08,2026-06-10,2026-06-10,45,2026-07-25,14,2.4,2026-06-22,11849.69
B000909,L001,Neumaschinen,,A002499,2026-05-01,27441.18,2026-06-06,2026-06-06,60,2026-08-07,14,2.5,,
B000910,L001,Neumaschinen,,A002500,2026-05-19,20016.97,2026-06-13,2026-06-13,60,2026-08-13,14,2.5,,
B000911,L006,Neumaschinen,,A002502,2026-05-08,21844.42,2026-06-09,2026-06-09,45,2026-07-26,14,2.1,2026-06-22,21385.69
B000912,L007,Neumaschinen,,A002503,2026-05-09,22313.22,2026-06-01,2026-06-01,30,2026-07-03,14,2.6,2026-06-15,21733.08
B000913,L008,Neumaschinen,,A002505,2026-05-07,43956.27,2026-06-15,2026-06-17,60,2026-08-18,14,2.1,2026-06-30,43033.19
B000914,L007,Neumaschinen,,A002506,2026-05-16,30568.48,2026-06-08,2026-06-08,30,2026-07-09,14,2.6,2026-06-29,30568.48
B000915,L006,Neumaschinen,,A002511,2026-05-09,15625.37,2026-06-14,2026-06-14,45,2026-07-29,14,2.1,2026-06-28,15297.24
B000916,L005,Neumaschinen,,A002518,2026-05-11,31603.9,2026-06-08,2026-06-08,30,2026-07-10,14,2.4,2026-06-24,30845.41
B000917,L004,Neumaschinen,,A002519,2026-05-07,20332.46,2026-06-07,2026-06-07,30,2026-07-08,14,2.5,2026-06-21,19824.15
B000918,L008,Neumaschinen,,A002520,2026-05-21,5900.57,2026-06-19,2026-06-19,60,2026-08-19,14,2.1,,
B000919,L008,Neumaschinen,,A002521,2026-05-16,4820.96,2026-06-12,2026-06-12,60,2026-08-12,14,2.1,2026-06-26,4719.72
B000920,L008,Neumaschinen,,A002523,2026-06-06,7617.36,2026-06-28,2026-06-28,60,2026-08-28,14,2.1,,
B000921,L002,Neumaschinen,,A002524,2026-05-03,2760.4,2026-05-30,2026-05-30,45,2026-07-15,14,2.2,2026-06-14,2760.4
B000922,L007,Neumaschinen,,A002526,2026-05-18,5641.31,2026-06-14,2026-06-14,30,2026-07-16,14,2.6,2026-06-28,5494.64
B000923,L004,Neumaschinen,,A002528,2026-05-18,7155.73,2026-06-13,2026-06-22,30,2026-07-23,14,2.5,,
B000924,L004,Neumaschinen,,A002530,2026-05-19,21174.45,2026-06-15,2026-06-15,30,2026-07-16,14,2.5,2026-06-29,20645.09
B000925,L002,Neumaschinen,,A002531,2026-05-16,5520.4,2026-06-14,2026-06-14,45,2026-07-31,14,2.2,2026-06-30,5398.95
B000926,L002,Neumaschinen,,A002534,2026-05-08,1865.43,2026-06-03,2026-06-12,45,2026-07-29,14,2.2,2026-06-27,1824.39
B000927,L003,Neumaschinen,,A002536,2026-05-13,10926.15,2026-06-15,2026-06-15,45,2026-08-01,14,2.4,2026-06-29,10663.92
B000928,L004,Neumaschinen,,A002537,2026-05-05,22595.06,2026-05-30,2026-05-30,30,2026-06-30,14,2.5,2026-06-14,22030.18
B000929,L007,Neumaschinen,,A002538,2026-05-18,44042.55,2026-06-10,2026-06-10,30,2026-07-10,14,2.6,2026-06-27,44042.55
B000930,L005,Neumaschinen,,A002539,2026-05-19,7259.42,2026-06-14,2026-06-14,30,2026-07-15,14,2.4,2026-06-27,7085.19
B000931,L008,Neumaschinen,,A002543,2026-05-13,20731.79,2026-06-11,2026-06-11,60,2026-08-10,14,2.1,2026-06-24,20296.42
B000932,L002,Neumaschinen,,A002544,2026-05-31,3827.66,2026-07-07,,45,,14,2.2,,
B000933,L006,Neumaschinen,,A002545,2026-05-17,4142.41,2026-06-15,2026-06-15,45,2026-07-30,14,2.1,2026-06-28,4055.42
B000934,L003,Neumaschinen,,A002546,2026-06-05,1805.07,2026-06-25,2026-06-27,45,2026-08-12,14,2.4,,
B000935,L008,Neumaschinen,,A002550,2026-05-18,9083.62,2026-06-12,2026-06-12,60,2026-08-12,14,2.1,2026-06-26,8892.86
B000936,L001,Neumaschinen,,A002553,2026-05-23,3779.63,2026-06-19,2026-06-19,60,2026-08-19,14,2.5,,
B000937,L004,Neumaschinen,,A002562,2026-06-12,5370.34,2026-07-04,,30,,14,2.5,,
B000938,L001,Neumaschinen,,A002564,2026-05-22,19320.07,2026-06-14,2026-06-16,60,2026-08-15,14,2.5,2026-06-30,18837.07
B000939,L008,Neumaschinen,,A002565,2026-06-04,4010.64,2026-06-20,2026-06-25,60,2026-08-25,14,2.1,,
B000940,L002,Neumaschinen,,A002566,2026-05-27,6914.64,2026-07-03,,45,,14,2.2,,
B000941,L007,Neumaschinen,,A002568,2026-05-23,14693.16,2026-06-10,2026-06-10,30,2026-07-12,14,2.6,2026-06-23,14311.14
B000942,L005,Neumaschinen,,A002569,2026-06-03,23698.41,2026-06-30,2026-06-30,30,2026-08-01,14,2.4,,
B000943,L008,Neumaschinen,,A002574,2026-05-27,19939.73,2026-06-18,2026-06-18,60,2026-08-17,14,2.1,2026-06-29,19521.0
B000944,L006,Neumaschinen,,A002575,2026-05-23,9289.46,2026-06-22,2026-06-22,45,2026-08-06,14,2.1,,
B000945,L001,Neumaschinen,,A002577,2026-05-30,5817.63,2026-07-06,,60,,14,2.5,,
B000946,L005,Neumaschinen,,A002579,2026-05-31,16363.19,2026-06-30,,30,,14,2.4,,
B000947,L001,Neumaschinen,,A002580,2026-05-23,7392.71,2026-06-16,2026-06-18,60,2026-08-17,14,2.5,2026-06-29,7207.89
B000948,L004,Neumaschinen,,A002581,2026-06-02,16701.72,2026-06-29,2026-06-29,30,2026-07-30,14,2.5,,
B000949,L005,Neumaschinen,,A002582,2026-05-23,15256.6,2026-06-16,2026-06-21,30,2026-07-23,14,2.4,,
B000950,L003,Neumaschinen,,A002586,2026-05-25,7276.9,2026-06-22,2026-06-24,45,2026-08-10,14,2.4,,
B000951,L006,Neumaschinen,,A002588,2026-06-01,19878.65,2026-06-22,2026-06-22,45,2026-08-06,14,2.1,,
B000952,L003,Neumaschinen,,A002589,2026-05-23,2475.49,2026-06-17,2026-06-17,45,2026-08-02,14,2.4,,
B000953,L003,Neumaschinen,,A002590,2026-05-27,41379.73,2026-07-04,,45,,14,2.4,,
B000954,L004,Neumaschinen,,A002591,2026-05-22,15194.72,2026-06-13,2026-06-22,30,2026-07-24,14,2.5,,
B000955,L007,Neumaschinen,,A002594,2026-05-29,25523.91,2026-06-26,2026-06-26,30,2026-07-26,14,2.6,,
B000956,L003,Neumaschinen,,A002595,2026-05-29,4816.29,2026-07-04,,45,,14,2.4,,
B000957,L003,Neumaschinen,,A002598,2026-05-30,37280.84,2026-07-07,,45,,14,2.4,,
B000958,L002,Neumaschinen,,A002600,2026-05-28,1810.13,2026-06-22,2026-06-22,45,2026-08-07,14,2.2,,
B000959,L005,Neumaschinen,,A002601,2026-06-25,25709.84,2026-07-22,,30,,14,2.4,,
B000960,L007,Neumaschinen,,A002602,2026-06-10,1844.5,2026-06-30,,30,,14,2.6,,
B000961,L002,Neumaschinen,,A002603,2026-05-30,68423.96,2026-07-07,,45,,14,2.2,,
B000962,L007,Neumaschinen,,A002609,2026-06-04,34946.0,2026-06-22,2026-06-22,30,2026-07-24,14,2.6,,
B000963,L008,Neumaschinen,,A002610,2026-05-31,4164.47,2026-07-04,,60,,14,2.1,,
B000964,L001,Neumaschinen,,A002611,2026-06-22,17792.39,2026-07-22,,60,,14,2.5,,
B000965,L004,Neumaschinen,,A002612,2026-06-08,27421.9,2026-07-07,,30,,14,2.5,,
B000966,L007,Neumaschinen,,A002613,2026-06-13,12221.71,2026-07-02,,30,,14,2.6,,
B000967,L001,Neumaschinen,,A002614,2026-06-22,28325.45,2026-07-08,,60,,14,2.5,,
B000968,L001,Neumaschinen,,A002616,2026-06-14,34559.14,2026-07-10,,60,,14,2.5,,
B000969,L003,Neumaschinen,,A002617,2026-06-02,4871.66,2026-06-23,2026-06-23,45,2026-08-07,14,2.4,,
B000970,L005,Neumaschinen,,A002618,2026-06-05,5327.69,2026-06-23,2026-06-23,30,2026-07-23,14,2.4,,
B000971,L007,Neumaschinen,,A002619,2026-06-07,10337.6,2026-06-25,2026-06-25,30,2026-07-27,14,2.6,,
B000972,L005,Neumaschinen,,A002622,2026-06-12,2464.12,2026-07-04,,30,,14,2.4,,
B000973,L004,Neumaschinen,,A002626,2026-06-04,3946.02,2026-06-25,2026-06-25,30,2026-07-26,14,2.5,,
B000974,L008,Neumaschinen,,A002627,2026-06-10,3078.16,2026-07-10,,60,,14,2.1,,
B000975,L003,Neumaschinen,,A002634,2026-06-10,31228.08,2026-07-07,,45,,14,2.4,,
B000976,L003,Neumaschinen,,A002635,2026-06-16,22786.38,2026-07-08,,45,,14,2.4,,
B000977,L002,Neumaschinen,,A002638,2026-06-21,7540.53,2026-07-15,,45,,14,2.2,,
B000978,L007,Neumaschinen,,A002639,2026-06-19,19805.03,2026-07-14,,30,,14,2.6,,
B000979,L001,Neumaschinen,,A002641,2026-06-27,23952.7,2026-07-18,,60,,14,2.5,,
B000980,L006,Neumaschinen,,A002642,2026-06-06,2284.47,2026-06-28,2026-06-28,45,2026-08-12,14,2.1,,
B000981,L001,Neumaschinen,,A002643,2026-06-11,2744.81,2026-07-07,,60,,14,2.5,,
B000982,L006,Neumaschinen,,A002646,2026-06-19,3265.92,2026-07-06,,45,,14,2.1,,
B000983,L007,Neumaschinen,,A002658,2026-06-28,25126.84,2026-07-25,,30,,14,2.6,,
B000984,L005,Neumaschinen,,A002660,2026-06-26,8246.0,2026-07-10,,30,,14,2.4,,
B000985,L007,Neumaschinen,,A002661,2026-06-20,34263.09,2026-07-15,,30,,14,2.6,,
B000986,L004,Neumaschinen,,A002664,2026-06-25,32448.03,2026-07-14,,30,,14,2.5,,
B000987,L006,Neumaschinen,,A002666,2026-06-29,33504.46,2026-07-25,,45,,14,2.1,,
B000988,L002,Neumaschinen,,A002672,2026-06-24,8472.76,2026-07-24,,45,,14,2.2,,
B000989,L004,Neumaschinen,,A002677,2026-06-27,16894.34,2026-07-16,,30,,14,2.5,,
B000990,L008,Neumaschinen,,A002680,2026-06-29,14524.56,2026-07-15,,60,,14,2.1,,
B000991,L007,Neumaschinen,,A002682,2026-06-27,30177.86,2026-07-22,,30,,14,2.6,,
B000992,L018,Ersatzteile-Werkstaette,Verschleissteile,,2023-08-18,85471.36,2023-08-29,2023-09-01,45,2023-10-18,10,2.4,2023-09-22,85471.36
B000993,L015,Ersatzteile-Werkstaette,Verschleissteile,,2023-09-15,146948.81,2023-10-02,2023-10-02,30,2023-11-02,10,2.6,2023-10-11,143128.14
B000994,L013,Ersatzteile-Werkstaette,Verschleissteile,,2023-10-17,121520.75,2023-10-29,2023-10-29,30,2023-11-30,10,2.5,2023-11-10,118482.73
B000995,L009,Ersatzteile-Werkstaette,Verschleissteile,,2024-03-07,69011.38,2024-03-23,2024-03-23,60,2024-05-22,10,2.4,2024-03-30,67355.11
B000996,L018,Ersatzteile-Werkstaette,Verschleissteile,,2024-04-06,56588.48,2024-04-16,2024-04-16,45,2024-05-31,10,2.4,2024-05-18,56588.48
B000997,L009,Ersatzteile-Werkstaette,Verschleissteile,,2024-06-04,106761.78,2024-06-15,2024-06-15,60,2024-08-15,10,2.4,2024-06-24,104199.5
B000998,L014,Ersatzteile-Werkstaette,Verschleissteile,,2024-08-20,99774.72,2024-08-27,2024-08-27,30,2024-09-26,10,2.7,2024-09-03,97080.8
B000999,L011,Ersatzteile-Werkstaette,Verschleissteile,,2024-09-18,59638.63,2024-10-09,2024-10-09,60,2024-12-08,14,2.7,2024-10-22,58028.39
B001000,L012,Ersatzteile-Werkstaette,Verschleissteile,,2024-10-06,121955.99,2024-10-16,2024-10-19,30,2024-11-18,10,2.3,2024-10-29,119151.0
B001001,L009,Ersatzteile-Werkstaette,Verschleissteile,,2025-02-08,73665.35,2025-02-21,2025-02-21,60,2025-04-22,10,2.4,2025-03-01,71897.38
B001002,L013,Ersatzteile-Werkstaette,Verschleissteile,,2025-04-16,106836.19,2025-05-03,2025-05-03,30,2025-06-03,10,2.5,2025-05-13,104165.29
B001003,L012,Ersatzteile-Werkstaette,Verschleissteile,,2025-05-12,145316.36,2025-06-01,2025-06-01,30,2025-07-02,10,2.3,2025-06-12,141974.08
B001004,L017,Ersatzteile-Werkstaette,Verschleissteile,,2025-06-11,93208.09,2025-06-22,2025-06-22,30,2025-07-22,14,2.1,2025-07-18,93208.09
B001005,L011,Ersatzteile-Werkstaette,Verschleissteile,,2025-10-06,81986.9,2025-10-25,2025-10-25,60,2025-12-26,14,2.7,2025-11-07,79773.25
B001006,L018,Ersatzteile-Werkstaette,Verschleissteile,,2025-12-10,74897.07,2025-12-19,2025-12-19,45,2026-02-02,10,2.4,2025-12-29,73099.54
B001007,L015,Ersatzteile-Werkstaette,Verschleissteile,,2026-02-07,68345.47,2026-02-15,2026-02-18,30,2026-03-21,10,2.6,2026-02-27,66568.49
B001008,L017,Ersatzteile-Werkstaette,Verschleissteile,,2026-04-10,111562.62,2026-04-30,2026-04-30,30,2026-05-31,14,2.1,2026-05-14,109219.8
B001009,L016,Ersatzteile-Werkstaette,Verschleissteile,,2026-05-19,57043.86,2026-06-09,2026-06-09,60,2026-08-09,10,2.4,2026-06-20,55674.81
B001010,L017,Ersatzteile-Werkstaette,Verschleissteile,,2026-06-20,99343.32,2026-07-01,,30,,14,2.1,,
B001011,L017,Ersatzteile-Werkstaette,Anbauteile,,2023-07-04,42240.66,2023-07-21,2023-07-21,30,2023-08-21,14,2.1,2023-08-02,41353.61
B001012,L017,Ersatzteile-Werkstaette,Anbauteile,,2023-08-11,41697.27,2023-08-18,2023-08-18,30,2023-09-17,14,2.1,2023-09-01,40821.63
B001013,L013,Ersatzteile-Werkstaette,Anbauteile,,2023-09-17,44776.87,2023-10-07,2023-10-07,30,2023-11-07,10,2.5,2023-10-18,43657.45
B001014,L010,Ersatzteile-Werkstaette,Anbauteile,,2023-10-11,82483.5,2023-10-18,2023-10-24,45,2023-12-08,14,2.6,2023-11-06,80338.93
B001015,L010,Ersatzteile-Werkstaette,Anbauteile,,2024-02-13,50466.55,2024-03-04,2024-03-04,45,2024-04-19,14,2.6,2024-03-16,49154.42
B001016,L015,Ersatzteile-Werkstaette,Anbauteile,,2024-03-09,91113.11,2024-03-30,2024-03-30,30,2024-04-30,10,2.6,2024-04-10,88744.17
B001017,L017,Ersatzteile-Werkstaette,Anbauteile,,2024-06-16,74160.66,2024-06-29,2024-06-29,30,2024-07-31,14,2.1,2024-07-13,72603.29
B001018,L010,Ersatzteile-Werkstaette,Anbauteile,,2024-07-19,39724.62,2024-08-08,2024-08-08,45,2024-09-24,14,2.6,2024-08-21,38691.78
B001019,L015,Ersatzteile-Werkstaette,Anbauteile,,2024-08-15,80686.4,2024-08-30,2024-08-30,30,2024-10-01,10,2.6,2024-09-13,80686.4
B001020,L013,Ersatzteile-Werkstaette,Anbauteile,,2024-10-15,57243.32,2024-11-01,2024-11-01,30,2024-12-02,10,2.5,2024-11-09,55812.24
B001021,L010,Ersatzteile-Werkstaette,Anbauteile,,2024-11-07,87530.59,2024-11-23,2024-11-23,45,2025-01-07,14,2.6,2024-12-04,85254.79
B001022,L013,Ersatzteile-Werkstaette,Anbauteile,,2025-03-07,59732.4,2025-03-27,2025-04-02,30,2025-05-04,10,2.5,2025-04-13,58239.09
B001023,L015,Ersatzteile-Werkstaette,Anbauteile,,2025-04-18,100698.33,2025-05-09,2025-05-09,30,2025-06-08,10,2.6,2025-05-18,98080.17
B001024,L015,Ersatzteile-Werkstaette,Anbauteile,,2025-05-17,86296.3,2025-05-29,2025-06-04,30,2025-07-06,10,2.6,2025-06-16,84052.6
B001025,L009,Ersatzteile-Werkstaette,Anbauteile,,2025-09-05,49872.99,2025-09-21,2025-09-21,60,2025-11-20,10,2.4,2025-09-28,48676.04
B001026,L016,Ersatzteile-Werkstaette,Anbauteile,,2025-10-19,42407.96,2025-11-09,2025-11-09,60,2026-01-09,10,2.4,2025-12-04,42407.96
B001027,L015,Ersatzteile-Werkstaette,Anbauteile,,2025-11-08,69943.62,2025-11-15,2025-11-15,30,2025-12-15,10,2.6,2025-11-22,68125.09
B001028,L010,Ersatzteile-Werkstaette,Anbauteile,,2026-03-16,70472.19,2026-03-27,2026-03-30,45,2026-05-16,14,2.6,2026-04-15,68639.91
B001029,L010,Ersatzteile-Werkstaette,Anbauteile,,2026-05-19,77017.77,2026-06-04,2026-06-04,45,2026-07-19,14,2.6,2026-06-16,75015.31
B001030,L013,Ersatzteile-Werkstaette,Anbauteile,,2026-06-17,98355.61,2026-07-06,,30,,10,2.5,,
B001031,L013,Ersatzteile-Werkstaette,Elektronik-Sensorik,,2023-08-15,39971.41,2023-09-01,2023-09-01,30,2023-10-02,10,2.5,2023-09-12,38972.12
B001032,L009,Ersatzteile-Werkstaette,Elektronik-Sensorik,,2023-09-11,63369.27,2023-09-20,2023-09-20,60,2023-11-19,10,2.4,2023-09-29,61848.41
B001033,L014,Ersatzteile-Werkstaette,Elektronik-Sensorik,,2024-02-11,30361.21,2024-02-22,2024-02-22,30,2024-03-23,10,2.7,2024-03-03,29541.46
B001034,L018,Ersatzteile-Werkstaette,Elektronik-Sensorik,,2024-04-18,43444.21,2024-05-09,2024-05-09,45,2024-06-24,10,2.4,2024-05-24,43444.21
B001035,L012,Ersatzteile-Werkstaette,Elektronik-Sensorik,,2024-05-12,57265.33,2024-05-28,2024-05-28,30,2024-06-29,10,2.3,2024-06-17,57265.33
B001036,L014,Ersatzteile-Werkstaette,Elektronik-Sensorik,,2024-09-15,36180.4,2024-09-27,2024-09-27,30,2024-10-29,10,2.7,2024-10-06,35203.53
B001037,L013,Ersatzteile-Werkstaette,Elektronik-Sensorik,,2024-11-16,40313.11,2024-11-28,2024-12-04,30,2025-01-04,10,2.5,2024-12-12,39305.28
B001038,L011,Ersatzteile-Werkstaette,Elektronik-Sensorik,,2024-12-12,54133.43,2024-12-21,2024-12-21,60,2025-02-19,14,2.7,2025-01-12,54133.43
B001039,L013,Ersatzteile-Werkstaette,Elektronik-Sensorik,,2025-04-07,27034.49,2025-04-26,2025-04-26,30,2025-05-28,10,2.5,2025-05-07,26358.63
B001040,L016,Ersatzteile-Werkstaette,Elektronik-Sensorik,,2025-06-04,38151.36,2025-06-20,2025-06-20,60,2025-08-19,10,2.4,2025-06-29,37235.73
B001041,L018,Ersatzteile-Werkstaette,Elektronik-Sensorik,,2025-08-18,44213.71,2025-08-30,2025-08-30,45,2025-10-16,10,2.4,2025-09-12,44213.71
B001042,L018,Ersatzteile-Werkstaette,Elektronik-Sensorik,,2025-10-20,45748.08,2025-11-10,2025-11-16,45,2026-01-02,10,2.4,2025-12-03,45748.08
B001043,L018,Ersatzteile-Werkstaette,Elektronik-Sensorik,,2025-11-03,52001.0,2025-11-12,2025-11-18,45,2026-01-02,10,2.4,2025-11-27,50752.98
B001044,L010,Ersatzteile-Werkstaette,Elektronik-Sensorik,,2026-04-10,29459.28,2026-04-28,2026-04-28,45,2026-06-12,14,2.6,2026-05-09,28693.34
B001045,L016,Ersatzteile-Werkstaette,Elektronik-Sensorik,,2026-05-10,22891.95,2026-05-19,2026-05-19,60,2026-07-19,10,2.4,2026-05-27,22342.54
B001046,L013,Ersatzteile-Werkstaette,Sonstige,,2023-08-17,35569.46,2023-09-03,2023-09-09,30,2023-10-09,10,2.5,2023-09-21,35569.46
B001047,L015,Ersatzteile-Werkstaette,Sonstige,,2023-09-04,54473.72,2023-09-18,2023-09-18,30,2023-10-20,10,2.6,2023-10-20,54473.72
B001048,L014,Ersatzteile-Werkstaette,Sonstige,,2024-01-16,21063.05,2024-02-04,2024-02-07,30,2024-03-09,10,2.7,2024-02-16,20494.35
B001049,L016,Ersatzteile-Werkstaette,Sonstige,,2024-02-15,34911.96,2024-03-07,2024-03-07,60,2024-05-08,10,2.4,2024-03-19,34074.07
B001050,L015,Ersatzteile-Werkstaette,Sonstige,,2024-03-06,30698.2,2024-03-16,2024-03-19,30,2024-04-18,10,2.6,2024-03-26,29900.05
B001051,L009,Ersatzteile-Werkstaette,Sonstige,,2024-06-13,33675.06,2024-06-23,2024-06-23,60,2024-08-22,10,2.4,2024-07-03,32866.86
B001052,L012,Ersatzteile-Werkstaette,Sonstige,,2024-08-13,37347.17,2024-08-24,2024-08-24,30,2024-09-25,10,2.3,2024-09-02,36488.19
B001053,L010,Ersatzteile-Werkstaette,Sonstige,,2024-09-18,31981.53,2024-10-09,2024-10-09,45,2024-11-24,14,2.6,2024-10-22,31150.01
B001054,L013,Ersatzteile-Werkstaette,Sonstige,,2024-10-14,50867.48,2024-10-22,2024-10-22,30,2024-11-22,10,2.5,2024-11-02,49595.79
B001055,L016,Ersatzteile-Werkstaette,Sonstige,,2025-02-07,21492.91,2025-02-16,2025-02-19,60,2025-04-22,10,2.4,2025-03-03,20977.08
B001056,L009,Ersatzteile-Werkstaette,Sonstige,,2025-03-08,25849.48,2025-03-29,2025-03-29,60,2025-05-29,10,2.4,2025-04-08,25229.09
B001057,L015,Ersatzteile-Werkstaette,Sonstige,,2025-04-07,21671.59,2025-04-24,2025-04-24,30,2025-05-24,10,2.6,2025-05-01,21108.13
B001058,L009,Ersatzteile-Werkstaette,Sonstige,,2025-05-20,22228.3,2025-05-29,2025-06-04,60,2025-08-03,10,2.4,2025-06-11,21694.82
B001059,L009,Ersatzteile-Werkstaette,Sonstige,,2025-06-17,42543.46,2025-07-01,2025-07-01,60,2025-08-30,10,2.4,2025-07-08,41522.42
B001060,L014,Ersatzteile-Werkstaette,Sonstige,,2025-07-05,43415.75,2025-07-18,2025-07-18,30,2025-08-18,10,2.7,2025-07-26,42243.52
B001061,L014,Ersatzteile-Werkstaette,Sonstige,,2025-10-13,20607.29,2025-10-20,2025-10-20,30,2025-11-20,10,2.7,2025-11-12,20607.29
B001062,L012,Ersatzteile-Werkstaette,Sonstige,,2025-12-14,30984.39,2026-01-03,2026-01-03,30,2026-02-02,10,2.3,2026-01-15,30984.39
B001063,L015,Ersatzteile-Werkstaette,Sonstige,,2026-01-07,40386.92,2026-01-25,2026-01-25,30,2026-02-25,10,2.6,2026-02-05,39336.86
B001064,L013,Ersatzteile-Werkstaette,Sonstige,,2026-04-18,26531.53,2026-04-30,2026-04-30,30,2026-05-30,10,2.5,2026-05-09,25868.24
B001065,L014,Ersatzteile-Werkstaette,Sonstige,,2026-05-14,18925.55,2026-05-30,2026-05-30,30,2026-07-01,10,2.7,2026-06-08,18414.56
B001066,L012,Ersatzteile-Werkstaette,Sonstige,,2026-06-09,19646.82,2026-06-30,2026-06-30,30,2026-07-31,10,2.3,,
